BOARD_HOST_LIBCLANG path=/usr/lib/llvm-14/lib source=system
orangepi5plus
BOARD_SERVICE_DTB_RKNPU_DMA_RESERVED base=0x80000000 size=0x10000000 no-map=true
BOARD_SERVICE_DTB_READY path=/home/seven_wsl/.local/share/ostool-server/dtbs/orangepi-5-plus-starry.dtb root=PARTUUID=5874edd8-1582-a144-a298-b139acd7b0e6
warning: patch `uboot-shell v0.2.6 (/home/seven_wsl/Workspace/starry/ostool/uboot-shell)` was not used in the crate graph
help: Check that the patched package version and available features are compatible
      with the dependency requirements. If the patch has a different version from
      what is locked in the Cargo.lock file, run `cargo update` to use the new
      version. This may also occur with an optional dependency that is not enabled.
    Finished `dev` profile [unoptimized + debuginfo] target(s) in 5.55s
     Running `target/debug/tg-xtask axvisor board -c competition/ivc/config/axvisor-orangepi-5-plus-vision.toml --board-config competition/ivc/config/board-orangepi-5-plus-vision.toml -b OrangePi-5-Plus`
[2026-08-18T05:18:15Z INFO  axbuild::context] Workspace root: /mnt/c/Users/10469/Workspace/starryos_t/tgoskits-rt-ivc
[2026-08-18T05:18:19Z INFO  axbuild::context] Workspace member dir for axvisor: /mnt/c/Users/10469/Workspace/starryos_t/tgoskits-rt-ivc/os/axvisor
Using build config: competition/ivc/config/axvisor-orangepi-5-plus-vision.toml
[axbuild] board build+run package=axvisor target=scripts/targets/std/pie/aarch64-unknown-linux-musl.json config=competition/ivc/config/axvisor-orangepi-5-plus-vision.toml ...
sh -c /mnt/c/Users/10469/Workspace/starryos_t/tgoskits-rt-ivc/tmp/axbuild/std/prebuild/prebuild-aarch64-unknown-linux-musl-58aa9d8ec294b69b.sh
AR_aarch64_unknown_linux_musl=aarch64-linux-musl-ar
AXVISOR_VM_CONFIGS=/mnt/c/Users/10469/Workspace/starryos_t/tgoskits-rt-ivc/competition/ivc/config/orangepi-5-plus-starry-smp2-vision.toml:/mnt/c/Users/10469/Workspace/starryos_t/tgoskits-rt-ivc/competition/ivc/config/orangepi-5-plus-zephyr-vision.toml
AX_ARCH=aarch64
AX_LOG=info
AX_TARGET=aarch64-unknown-none-softfloat
BINDGEN_EXTRA_CLANG_ARGS_aarch64_unknown_linux_musl=--target=aarch64-linux-musl --sysroot=/ -mgeneral-regs-only
CARGO_UNSTABLE_JSON_TARGET_SPEC=true
CC_aarch64_unknown_linux_musl=aarch64-linux-musl-cc
CFLAGS_aarch64_unknown_linux_musl=-mgeneral-regs-only -fno-stack-protector
CXXFLAGS_aarch64_unknown_linux_musl=-mgeneral-regs-only -fno-stack-protector
SMP=4
cargo build --config /mnt/c/Users/10469/Workspace/starryos_t/tgoskits-rt-ivc/tmp/axbuild/std/config-aarch64-unknown-linux-musl-dynamic.toml -p axvisor --target scripts/targets/std/pie/aarch64-unknown-linux-musl.json -Z unstable-options --target-dir /mnt/c/Users/10469/Workspace/starryos_t/tgoskits-rt-ivc/target --features ax-std/fs,ax-std/smp,fs,rk3588-npu-handoff,rockchip-dwmmc,rockchip-soc,sdmmc,log/release_max_level_info -Z json-target-spec --bin axvisor --release --message-format json-render-diagnostics
warning: associated function `after_external_interrupt` is never used
   --> virtualization/axvm/src/architecture/ops.rs:116:8
    |
 12 | pub(crate) trait ArchOps {
    |                  ------- associated function in this trait
...
116 |     fn after_external_interrupt(
    |        ^^^^^^^^^^^^^^^^^^^^^^^^
    |
    = note: `#[warn(dead_code)]` (part of `#[warn(unused)]`) on by default

warning: function `host_console_irq` is never used
   --> virtualization/axvm/src/host/arceos.rs:102:15
    |
102 | pub(crate) fn host_console_irq() -> Option<modules::ax_hal::irq::IrqId> {
    |               ^^^^^^^^^^^^^^^^

warning: function `dispatch_host_irq` is never used
   --> virtualization/axvm/src/host/arceos.rs:106:15
    |
106 | pub(crate) fn dispatch_host_irq(vector: usize) {
    |               ^^^^^^^^^^^^^^^^^

warning: function `with_vm` is never used
   --> virtualization/axvm/src/manager.rs:165:15
    |
165 | pub(crate) fn with_vm<F, R>(vm_id: VMId, f: F) -> Option<R>
    |               ^^^^^^^

warning: function `active_vcpu_mask` is never used
   --> virtualization/axvm/src/manager.rs:195:15
    |
195 | pub(crate) fn active_vcpu_mask(vm_id: VMId) -> Option<usize> {
    |               ^^^^^^^^^^^^^^^^

warning: function `inject_interrupt` is never used
   --> virtualization/axvm/src/manager.rs:207:15
    |
207 | pub(crate) fn inject_interrupt(vm_id: VMId, vcpu_id: usize, vector: usize) -> AxVmResult {
    |               ^^^^^^^^^^^^^^^^

warning: variant `Generic` is never constructed
  --> virtualization/axvm/src/runtime/hvc.rs:26:5
   |
25 | pub(crate) enum HyperCallAbi {
   |                 ------------ variant in this enum
26 |     Generic,
   |     ^^^^^^^
   |
   = note: `HyperCallAbi` has derived impls for the traits `Debug` and `Clone`, but these are intentionally ignored during dead code analysis

warning: method `handle` is never used
   --> virtualization/axvm/src/timer.rs:174:8
    |
129 | impl TimerWheels {
    | ---------------- method in this implementation
...
174 |     fn handle(&self, token: usize) -> Option<VmTimerHandle> {
    |        ^^^^^^

warning: function `cancel_timer` is never used
   --> virtualization/axvm/src/timer.rs:252:15
    |
252 | pub(crate) fn cancel_timer(token: usize) {
    |               ^^^^^^^^^^^^

warning: associated items `try_handle_port_write`, `handle_nested_page_fault`, and `debug_nested_page_fault` are never used
    --> virtualization/axvm/src/vm/mod.rs:1737:19
     |
1049 | impl AxVM {
     | --------- associated items in this implementation
...
1737 |     pub(crate) fn try_handle_port_write(
     |                   ^^^^^^^^^^^^^^^^^^^^^
...
1750 |     pub(crate) fn handle_nested_page_fault(
     |                   ^^^^^^^^^^^^^^^^^^^^^^^^
...
1765 |     fn debug_nested_page_fault(
     |        ^^^^^^^^^^^^^^^^^^^^^^^

warning: struct `SimpleVmPlan` is never constructed
  --> virtualization/axvm/src/vm/prepare/device_plan/mod.rs:65:19
   |
65 | pub(crate) struct SimpleVmPlan(VmDevicePlan);
   |                   ^^^^^^^^^^^^

warning: associated function `new` is never used
  --> virtualization/axvm/src/vm/prepare/device_plan/mod.rs:68:25
   |
67 | impl SimpleVmPlan {
   | ----------------- associated function in this implementation
68 |     pub(crate) const fn new(devices: VmDevicePlan) -> Self {
   |                         ^^^

warning: `axvm` (lib) generated 12 warnings
    Finished `release` profile [optimized] target(s) in 7.72s
warning: the following packages contain code that will be rejected by a future version of Rust: core v0.0.0 (/home/seven_wsl/.rustup/toolchains/nightly-2026-07-15-x86_64-unknown-linux-gnu/lib/rustlib/src/rust/library/core), memchr v2.8.3
note: to see what the problems were, use the option `--future-incompat-report`, or run `cargo report future-incompatibilities --id 7`
Allocated board session:
  board_type: OrangePi-5-Plus
  board_id: orangepi-5-plus-1
  session_id: 824d285d-e635-4db3-b2aa-3a45b479faea
  lease_expires_at: 2026-08-18 13:18:48.689169660 +08:00
  boot_mode: uboot
Converting ELF to BIN format...
  elf: /mnt/c/Users/10469/Workspace/starryos_t/tgoskits-rt-ivc/target/aarch64-unknown-linux-musl/release/axvisor
  bin: /mnt/c/Users/10469/Workspace/starryos_t/tgoskits-rt-ivc/target/aarch64-unknown-linux-musl/release/axvisor.bin
/home/seven_wsl/.rustup/toolchains/nightly-2026-07-15-x86_64-unknown-linux-gnu/lib/rustlib/x86_64-unknown-linux-gnu/bin/llvm-objcopy --strip-all -O binary /mnt/c/Users/10469/Workspace/starryos_t/tgoskits-rt-ivc/target/aarch64-unknown-linux-musl/release/axvisor /mnt/c/Users/10469/Workspace/starryos_t/tgoskits-rt-ivc/target/aarch64-unknown-linux-musl/release/axvisor.bin
[2026-08-18T05:18:38Z INFO  ostool::run::uboot] Starting U-Boot runner...
[2026-08-18T05:18:38Z INFO  ostool::run::uboot] kernel from: /mnt/c/Users/10469/Workspace/starryos_t/tgoskits-rt-ivc/target/aarch64-unknown-linux-musl/release/axvisor.bin
[2026-08-18T05:18:38Z INFO  ostool::run::uboot] Using network interface hint: eth0
Waiting for remote board to power on through ostool-server...
BOARD_REBOOT_ARMED
Connection to 192.168.31.33 closed by remote host.
[2026-08-18T05:18:46Z INFO  uboot_shell] cmd: setenv autoload yes
[2026-08-18T05:18:46Z INFO  uboot_shell] cmd: setenv netmask 255.255.255.0
[2026-08-18T05:18:46Z INFO  uboot_shell] cmd: net list
[2026-08-18T05:18:47Z INFO  uboot_shell] cmd: bootdev hunt ethernet
[2026-08-18T05:18:50Z INFO  ostool::run::uboot] Board network ok
[2026-08-18T05:18:50Z INFO  uboot_shell] cmd: setenv serverip 192.168.31.132
[2026-08-18T05:18:50Z INFO  uboot_shell] cmd: echo $fdt_addr_r
[2026-08-18T05:18:51Z INFO  uboot_shell] cmd: echo $ramdisk_addr_r
[2026-08-18T05:18:51Z INFO  uboot_shell] cmd: echo $kernel_addr_r
[2026-08-18T05:18:51Z INFO  ostool::run::uboot] Using $kernel_addr_r as kernel entry: 0x2000000
[2026-08-18T05:18:51Z INFO  uboot_shell] cmd: echo $kernel_comp_addr_r
[2026-08-18T05:18:52Z INFO  ostool::run::uboot] image load to kernel_comp_addr_r: 0xa000000
[2026-08-18T05:18:52Z INFO  uboot_shell] cmd: setenv loadaddr 0xa000000
[2026-08-18T05:18:52Z INFO  ostool::run::uboot] fitimage loadaddr: 0xa000000
[2026-08-18T05:18:52Z INFO  ostool::run::uboot] kernel entry: 0x2000000
[2026-08-18T05:18:52Z INFO  ostool::run::uboot] Using DTB from: /mnt/c/Users/10469/Workspace/starryos_t/tgoskits-rt-ivc/target/aarch64-unknown-linux-musl/release/ostool-824d285d-e635-4db3-b2aa-3a45b479faea-orangepi-5-plus-starry.dtb
[2026-08-18T05:18:52Z INFO  ostool::boot::fit] Making FIT image...
[2026-08-18T05:18:52Z INFO  ostool::boot::fit] kernel: /mnt/c/Users/10469/Workspace/starryos_t/tgoskits-rt-ivc/target/aarch64-unknown-linux-musl/release/axvisor.bin (size: 4599872)
[2026-08-18T05:18:52Z INFO  ostool::boot::fit] 已读取 DTB 文件: /mnt/c/Users/10469/Workspace/starryos_t/tgoskits-rt-ivc/target/aarch64-unknown-linux-musl/release/ostool-824d285d-e635-4db3-b2aa-3a45b479faea-orangepi-5-plus-starry.dtb (大小: 283158)
[2026-08-18T05:18:52Z INFO  ostool::boot::fit] FIT image ok: /mnt/c/Users/10469/Workspace/starryos_t/tgoskits-rt-ivc/target/aarch64-unknown-linux-musl/release/image.fit
[2026-08-18T05:18:52Z INFO  ostool::run::uboot] No TFTP config, using loady to upload FIT image...

send file
loady 0xa000000
## Ready for binary (ymodem) download to 0x0A000000 at 1500000 bps...
[2026-08-18T05:18:53Z INFO  uboot_shell::ymodem] Sending file: image.fit
C## Total Size      = 0x004a8564 = 4883812 Bytes
## Start Addr      = 0x0A000000
=>
send ok
[2026-08-18T05:19:54Z INFO  ostool::run::uboot] Booting kernel with command: bootm
Interacting with U-Boot shell...
bootm
## Loading kernel (any) from FIT Image at 0a000000 ...
   Using 'config-ostool' configuration
   Verifying Hash Integrity ... OK
   Trying 'kernel' kernel subimage
     Description:  This kernel
     Type:         Kernel Image
     Compression:  uncompressed
     Data Start:   0x0a000168
     Data Size:    4599872 Bytes = 4.4 MiB
     Architecture: AArch64
     OS:           Linux
     Load Address: 0x02000000
     Entry Point:  0x02000000
   Verifying Hash Integrity ... OK
## Loading fdt (any) from FIT Image at 0a000000 ...
   Using 'config-ostool' configuration
   Verifying Hash Integrity ... OK
   Trying 'fdt' fdt subimage
     Description:  This fdt
     Type:         Flat Device Tree
     Compression:  uncompressed
     Data Start:   0x0a463228
     Data Size:    283158 Bytes = 276.5 KiB
     Architecture: AArch64
     Load Address: 0x12000000
   OK
   Loading fdt from 0x0a463228 to 0x12000000
   Booting using the fdt blob at 0x12000000
Working FDT set to 12000000
   Loading Kernel Image to 2000000
   Loading Device Tree to 00000000ecb71000, end 00000000ecbb9215 ... OK
Working FDT set to ecb71000

Starting kernel ...

root=PARTUUID=5874edd8-1582-a144-a298-b139acd7b0e6 rw console=ttyS2,1500000 console=tty1 splash=verbose consoleblank=0 earlycon=roup_memory=1 cgroup_enable=memory swapaccount=1
VM Load @PA:0x2000000
VM Load Offset: 0xffff000082000000
Memory Map:
  Rsv    0x00000000110000 - 0x000000001f0100 (896.25 KiB)
  Free   0x00000000200000 - 0x00000002000000 (30 MiB)
  KImg   0x00000002000000 - 0x00000002600000 (6 MiB)
  Free   0x- 0x0000000e000000 (32 MiB)
  F)
  Rsv    0x00000080000000 - 0x00000090000000 (256 MiB)
  FreReserving CPU-local areas
CPU-local area stride: 0x45000 bytes
Total CPU-local allocation: 0x228000 bytes (8 CPUs)
Flushed RAM used range to memory map: 0x200000..0x246000, current: 0x246000
Flushed RAM used range to memory map: 0x246000..0x46e000, current: 0x46e000
CPU-local areas allocated at 0x246000 - 0x46e000
EL: 2
Mapping early memory regions...
Ram                 : [0x0000000000200000, 0x00000000f0000000) -> [0x0000000000200000, 0x00000000f0000000) (3.75 GiB)
Ram                 : [0x0000000100000000, 0x00000003fc000000) -> [0x0000000100000000, 0x00000003fc000000) (11.94 GiB)
Ram                 : [0x00000003fc500000, 0x00000003fff00000) -> [0x00000003fc500000, 0x00000003fff00000) (58 MiB)
Ram                 : [0x00000004f0000000, 0x0000000500000000) -> [0x00000004f0000000, 0x0000000500000000) (256 MiB)
KImage              : [0x0000ffff80000000, 0x0000ffff80600000) -> [0x0000000002000000, 0x0000000002600iB)
PerCpu              : [0x0000ff0000246000, 0x0000ff000046e0[0x0000000000246000, 0x000000000Debug serial        : [0x00000000feb50000, 0x00000000feb51000) -> [0x00000000feb50000, 0x00000000feb51000) (4 KiB)
Boot page table at physical address: PA:0x46e000
Setting up table registers...
MMU Entry point at physical address: 0x220570c
Trap vector at 0xffff801f9000
Memory Map:
  Rsv    0x00000000110000 - 0x000000001f0100 (896.25 KiB)
  Rsv    0x00000000200000 - 0x00000000246000 (280 KiB)
  PerCPU 0x00000000246000 - 0x0000000046e000 (2.16 MiB)
  Rsv    0x0000000046e000 - 0x0000000047d000 (60 KiB)
  Free   0x0000000047d000 - 0x00000002000000 (27.51 MiB)
  KImg   0x00000002000000 - 0x00000002600000 (6 MiB)
  Free   0x00000002600000 - 0x0000000c000000 (154 MiB)
  Rsv    0x0000000c000000 - 0x0000000e000000 (32 MiB)
  Free   0x0000000e000000 - 0x00000010000000 (32 MiB)
  Rsv    0x00000010000000 - 0x00000020000000 (256 MiB)
  Free   0x00000020000000 - 0x00000080000000 (1.5 GiB)
  Rsv    0x00000080000000 - 0x00000090000000 (256 MiB)
  Free   0x00000090000000 - 0x000000f0000000 (1.5 GiB)
  MMIO   0x000000feb50000 - 0x000000feb51000 (4 KiB)
  Free   0x00000100000000 - 0x000003fc000000 (11.94 GiB)
  Free   0x000003fc500000 - 0x000003fff00000 (58 MiB)
  Free   0x000004f0000000 - 0x00000500000000 (256 MiB)
Jumping to main entry point at 0xffff801e316c with SP 0x0000ff000028b000

       d8888                            .d88888b.   .d8888b.
      d88888                           d88P" "Y88b d88P  Y88b
     d88P888                           888     888 Y88b.
    d88P 888 888d888  .d8888b  .d88b.  888     888  "Y888b.
   d88P  888 888P"   d88P"    d8P  Y8b 888     888     "Y88b.
  d88P   888 888     888      88888888 888     888       "888
 d8888888888 888     Y88b.    Y8b.     Y88b. .d88P Y88b  d88P
d88P     888 888      "Y8888P  "Y8888   "Y88888P"   "Y8888P"

arch = aarch64
platform = RK3588 OPi 5 Plus
target = aarch64-unknown-none-softfloat
build_mode = 
log_level = info
backtrace = false
smp = 4

[37m[ 73.428577 ax_runtime:224] [32mLogging is enabled.[m
[m[37m[ 73.429062 ax_runtime:225] [32mPrimary CPU 0 started, arg = 0x200000.[m
[m[37m[ 73.429692 ax_runtime:227] [32mFound physcial memory regions:[m
[m[37m[ 73.430336 ax_runtime:229] [32m  [PA:0x110000, PA:0x1f0100) reserved (READ | WRITE | EXECUTE | RESERVED)[m
[m[37m[ 73.431224 ax_runtime:229] [32m  [PA:0x200000, PA:0x246000) reserved (READ | WRITE | EXECUTE | RESERVED)[m
[m[37m[ 73.432117 ax_runtime:229] [32m  [PA:0x246000, PA:0x46e000) reserved (READ | WRITE | EXECUTE | RESERVED)[m
[m[37m[ 73.433010 ax_runtime:229] [32m  [PA:0x46e000, PA:0x47d000) reserved (READ | WRITE | EXECUTE | RESERVED)[m
[m[37m[ 73.433902 ax_runtime:229] [32m  [PA:0x47d000, PA:0x2000000) free memory (READ | WRITE | FREE)[m
[m[37m[ 73.434719 ax_runtime:229] [32m  [PA:0x2000000, PA:0x2600000) reserved (READ | WRITE | EXECUTE | RESERVED)[m
[m[37m[ 73.435627 ax_runtime:229] [32m  [PA:0x2600000, PA:0xc000000) free memory (READ | WRITE | FREE)[m
[m[37m[ 73.436452 ax_runtime:229] [32m  [PA:0xc000000, PA:0xe000000) reserved (READ | WRITE | EXECUTE | RESERVED)[m
[m[37m[ 73.437359 ax_runtime:229] [32m  [PA:0xe000000, PA:0x10000000) free memory (READ | WRITE | FREE)[m
[m[37m[ 73.438192 ax_runtime:229] [32m  [PA:0x10000000, PA:0x20000000) reserved (READ | WRITE | EXECUTE | RESERVED)[m
[m[37m[ 73.439114 ax_runtime:229] [32m  [PA:0x20000000, PA:0x80000000) free memory (READ | WRITE | FREE)[m
[m[37m[ 73.439954 ax_runtime:229] [32m  [PA:0x80000000, PA:0x90000000) reserved (READ | WRITE | EXECUTE | RESERVED)[m
[m[37m[ 73.4408ITE | DEVICE | RESERVED)[m
[m000, PA:0x500000000) free memory WRITE | FREE)[m
[m[37m[ 73.445167 ax_runtime:377] [32mInitialize global memory allocator...[m
[m[37m[ 73.445790 ax_runtime:378] [32m  use buddy-slab-allocator allocator.[m
[m[37m[ 73.446414 ax_alloc::buddy_slab:158] [32mInitialize global memory allocator, start_vaddr: 0x100000000, size: 0x2fc000000[m
[m[37m[ 73.458939 ax_alloc::buddy_slab:424] [32mglobal allocator initialized[m
[m[37m[ 73.459562 ax_alloc::buddy_slab:168] [32mAdd memory region, start_vaddr: 0x47d000, size: 0x1b83000[m
[m[37m[ 73.460435 ax_alloc::buddy_slab:168] [32mAdd memory region, start_vaddr: 0x2600000, size: 0x9a00000[m
[m[37m[ 73.461428 ax_alloc::buddy_slab:168] [32mAdd memory region, start_vaddr: 0xe000000, size: 0x2000000[m
[m[37m[ 73.462307 ax_alloc::buddy_slab:168] [32mAdd memory region, start_vaddr: 0x20000000, size: 0x60000000[m
[m[37m[ 73.464617 ax_alloc::buddy_slab:168] [32mAdd memory region, start_vaddr: 0x90000000, size: 0x60000000[m
[m[37m[ 73.466927 ax_alloc::buddy_slab:168] [32mAdd memory region, start_vaddr: 0x3fc500000, size: 0x3a00000[m
[m[37m[ 73.467848 ax_alloc::buddy_slab:168] [32mAdd memory region, start_vaddr: 0x4f0000000, size: 0x10000000[m
[m[37m[ 73.468962 ax_runtime:264] [32mffffffffff)[m
[m[37m[ 73.469e virtual memory management...[m
[m[37m[ 76.075824 ax_runtime:276] [32mInitialize platform devices...[m
[m[37m[ 76.154187 someboot::arch::power:23] [32mPower management method : SMC[m
[m[37m[ 76.154830 somehal::driver:5] [32mInitializing rdrive with FDT at 0x200000[m
[m[37m[ 76.362175 ax_driver::soc::rockchip::pinctrl:301] [32mRockchip RK3588 pinctrl registered successfully[m
[m[37m[ 76.483720 somehal::arch::gic::v3:274] [32mGICv3 CPU 0 EOI mode: two_step=true[m
[m[37m[ 76.634012 ax_task::api:150] [32mInitialize scheduling...[m
[m[37m[ 76.634602 ax_task::api:158] [32m  use FIFO schedruntime::devices:2] [32mProbe platform devices...[m
[m[37m[ 76.780014 ax_driver::soc::scmi:54] [33m[scmi] SCMI shmem phandle 72 cannot be resolved by rdrive; using RK3588 shmem fallback 0x10f000+0x100[m
[m[37m[ 76.781321 ax_driver::soc::scmi:84] [32mSCMI clock protocol registered: path=/firmware/scmi/p[37m[ 76.784553 ax_driver::soc::rockchip::cru::rk3588:60] [32mRK3588 CRU reg: addr=0xfd7c0000, size=0x5c000, rockchip,grf=<0x7[37m[ 76.785668 rockchip_soc::variants::rk3588::cru:123] [32mCRU@fd7c0000: Initializing and verifying clock configuration...[rockchip_soc::variants::rk3588::cru:174] [33m⚠ CRU@fd7c0000: _ROOT div mismatch! u-boot: 3, current: 4[m
[m[37m[ 76.787721 rockchip_soc::variants::rk3588::cru:248] [32m✓ CRU@fd7c0000: Clock configuration verified[m
[m[37m[ 76.788606 ax_driver::soc::rockchip::cru::rk3588:79] [32mRK3588 CRU clock/reset registered successfully[m
[m[37m[ 76.791267 ax_driver::soc::rockchip::pm:78] [32mRockchip power-domain provider registered successfully[m
[m[37m[ 77.520201 ax_driver::soc::fixed_regulator:70] [32mFixed regulator vcc5v0_host enabled via pinctrl[m
[m[37m[ 77.646740 ax_driver::soc::fixed_regulator:70] [32mFixed regulator vcc3v3_pcie_eth enabled via pinctrl[m
[m[37m[ 77.725226 ax_driver::soc::fixed_regulator:70] [32mFixed regulator wifi_disable enabled via pinctrl[m
[m[37m[ 77.764023 ax_driver::soc::rockchip::npu_handoff:130] [32mAXVISOR_RK3588_NPU_HANDOFF_READY cores=3 power_domains=3 clocks=8 resets=6 scmi_clock_id=6 scmi_rate_hz=200000000 host_submit=false[m
[m[37m[ 77.766796 ax_driver::block::rockchip::clock:12] [32m[mmc@fe2c0000] enabled SDMMC clock Some("biu") (0x17)[m
[m[37m[ 77.767725 ax_driver::block::rockchip::clock:12] [32m[mmc@fe2c0000] enabled SDMMC clock Some("ciu") (0x9)[m
[m[37m[ 77.768630 ax_driver::block::rockchip::clock:12] [32m[mmc@fe2c0000] enabled SDMMC clock Some("ciu-drive") (0x2c2)[m
[m[37m[ 77.769594 ax_driver::block::rockchip::clock:12] [32m[mmc@fe[37m[ 77.844124 ax_driver::block::rockchip::sd:192] [32m[mmc@fe2c0000] vqmmc-supply phandle Phandle(283) is not a fixed GPIO regulator; skip pinctrl enable[m
[m[37m[ 77.845397 ax_driver::block::rockchip::sd:121] [32mrockchip-dwmmc probe: node=mmc@fe2c0000, addr=0xfe2c0000, size=0x4000[m
[m[37m[ 77.846529 ax_driver::block::rockchip::sd:133] [32mrockchip-dwmmc: using ciu reference clock 49500000 Hz[m
[m[37m[ 77.847608 ax_driver::block::rockchip::sd::phase:41] [32mrockchip-dwmmc: RK3588 SDMMC phase configured: drive=90deg sample=0deg parent=49500000Hz[m
[m[37m[ 77.848857 ax_driver::block::rockchip::sd:160] [32mrockchip-dwmmc: defer protocol initialization controller=rockchip-dwmmc:/mmc@fe2c0000 media=SD preference=SdOnly[m
[m[37m[ 77.850417 ax_driver::block::rockchip::sd:171] [32mrockchip-dwmmc block device registered irq=None[m
[m[37m[ 77.852545 ax_driver::block::rockchip::clock:12] [32m[mmc@fe2e0000] enabled SDHCI clock Some("core") (0x13a)[m
[m[37m[ 77.853479 ax_driver::block::rockchip::clock:12] [32m[mmc@fe2e0000] enabled SDHCI clock Some("bus") (0x138)[m
[m[37m[ 77.854399 ax_driver::block::rockchip::clock:12] [32m[mmc@fe2e0000] enabled SDHCI clock Some("axi") (0x139)[m
[m[37m[ 77.855318 ax_driver::block::rockchip::clock:12] [32m[mmc@fe2e0000] enabled SDHCI clock Some("block") (0x13b)[m
[m[37m[ 77.856265 ax_driver::block::rockchip::clock:12] [32m[mmc@fe2e0000] enabled SDHCI clock Some("timer") (0x13c)[m
[m[37m[ 77.857214 ax_driver::block::rockchip::sdhci_rk3588:176] [32mrockchip-sdhci probe: node=mmc@fe2e0000, addr=0xfe2e0000, size=0x10000[m
[m[37m[ 77.858455 ax_driver::block::rockchip::sdhci_rk3588:191] [32mrockchip-sdhci: using external CRU clock[m
[m[37m[ 77.859351 ax_driver::block::rockchip::sdhci_rk3588:208] [32mrockchip-sdhci: defer protocol initialization controller=rockchip-sdhci:/mmc@fe2e0000 media=MMC preference=MmcFirst[m
[m[37m[ 77.860995 ax_driver::block::rockchip::sdhci_rk3588:218] [32mrockchip-sdhci block device registered irq=None[m
[m[37m[ 77.862175 sdmmc_protocol::sdio::init::state_machine:102] [32msdio: submit bus op ResetAll[m
[m[37m[ 77.863066 ax_fs_ng::block::runtime::hctx:177] [32mblock hctx 0 bound to CPU 0 with hardware depth 1[m
[m[37m[ 77.863972 ax_fs_ng::block::runtime::lifecycle::device:300] [32mblock device rockchip-dwmmc:/mmc@fe2c0000 IRQ source 0 (IrqId { domain: IrqDomai235) }) fixed to CPU 0 for queue
[m[37m[ 77.866137 sdmmc_protocol::sdio::init::state_machine:102] [32msdio: submit bus op PowerOn[m
[m[37m[ 77.877173 sdmmc_protocol::sdio::init::state_machine:102] [32msdio: submit bus op SwitchVoltage(V330)[m
[m[37m[ 77.878069 sdmmc_protocol::sdio::init::state_machine:63] [32msdio: submit bus op SetBusWidth(Bit1)[m
[m[37m[ 77.878939 sdmmc_protocol::sdio::init::state_machine:63] [32msdio: submit bus op SetClock(Identification)[m
[m[37m[ 77.879990 ax_driver::block::rockchip::sd:72] [32mrockchip-dwmmc: ciu clock set target=400000 Hz cclkin=800000 Hz bus=400000 Hz[m
[m[37m[ 77.903542 sdmmc_protocol::sdio::init::state_machine::identify:175] [32msdio: detected Sd ocr=0xc0ff8000[m
[m[37m[ 77.905832 sdmmc_protocol::sdio::init::state_machine::identify:340] [32msdio: CSD capacity_blocks=Some(62333952)[m
[m[37m[ 77.907112 sdmmc_protocol::sdio::init::state_machine::identify:354] [32msdio: switch SD bus width to 4-bit[m
[m[37m[ 77.908651 sdmmc_protocol::sdio::init::state_machine:63] [32msdio: submit bus op SetBusWidth(Bit4)[m
[m[37m[ 77.909742 sdmmc_protocol::sdio::init::state_machine:63] [32msdio: submit bus op SetClock(Default)[m
[m[37m[ 77.910738 ax_driver::block::rockchip::sd:72] [32mrockchip-dwmmc: ciu clock set target=25000000 Hz cclkin=49500000 Hz bus=24750000 Hz[m
[m[37m[ 77.915318 ax_driver::block::rockchip::sd:72] [32mrockchip-dwmmc: ciu clock set target=50000000 Hz cclkin=99000000 Hz bus=49500000 Hz[m
[m[37m[ 77.916943 sdmmc_protocol::sdio::init::state_machine::sd:185] [32msdio: SD speed selected HighSpeed[m
[m[37m[ 77.917931 sdmmc_protocol::sdio::init::state_machine:237] [32msdio: init done kind=Sd sd_v2=true high_capacity=true rca=0xaaaa ocr=0xc0ff8000 host_bus_width=Bit4 ext_csd_bus_width=None ext_csd_timing=None[m
[m[37m[ 77.919576 sdmmc_protocol::rdif::queue:172] [32msdmmc block init complete: kind=Sd high_capacity=true rca=43690 capacity_blocks=62333952 cache_enabled=false[m
[m[37m[ 77.920958 sdmmc_protocol::sdio::init::state_machine:102] [32msdio: submit bus op ResetAll[m
[m[37m[ 77.921829 ax_fs_ng::block::runtime::hctx:177] [32mblock hctx 0 bound to CPU 0 with hardware depth 1[m
[m[37m[ 77.922720 ax_fs_ng::block::runtime::lifecycle::device:300] [32mblock device rockchip-sdhci:/mmc@fe2e0000 IRQ source 0 (IrqId { domain: IrqDomainId(7), hwirq: HwIrq(237) }) fixed to CPU 0 for queue mask 0x1[m
[m[37m[ 77.924556 ax_driver::block::rockchip::sdhci_rk3588:262] [32mrockchip-sdhci: RK3588 DWCMSHC vendor reset area1=0x500[m
[m[37m[ 77.925564 sdmmc_protocol::sdio::init::state_machine:102] [32msdio: submit bus op PowerOn[m
[m[37m[ 77.936383 sdmmc_protocol::sdio::init::state_machine:102] [32msdio: submit bus op SwitchVoltage(V330)[m
[m[37m[ 77.942242 sdmmc_protocol::sdio::init::state_machine:63] [32msdio: submit bus op SetBusWidth(Bit1)[m
[m[37m[ 77.943115 sdmmc_protocol::sdio::init::state_machine:63] [32msdio: submit bus op SetClock(Identification)[m
[m[37m[ 77.944160 ax_driver::block::rockchip::sdhci_rk3588:121] [32mrockchip-sdhci: core clock set to 375000 Hz[m
[m[37m[ 77.987288 sdmmc_protocol::sdio::init::state_machine::identify:264] [32msdio: detected Mmc ocr=0xc0ff8080[m
[m[37m[ 77.989662 sdmmc_protocol::sdio::init::state_machine::identify:340] [32msdio: CSD capacity_blocks=None[m
[m[37m[ 78.002397 sdmmc_protocol::sdio::init::state_machine::mmc:38] [32msdio: EXT_CSD sector_count=122224640[m
[m[37m[ 78.005125 ax_driver::block::rockchip::sdhci_rk3588:121] [32mrockchip-sdhci: core clock set to 50000000 Hz[m
[m[37m[ 78.006286 sdmmc_protocol::sdio::init::state_machine::mmc:314] [32msdio: MMC speed selected HighSpeed bus_width=Bit8[m
[m[37m[ 78.007350 sdmmc_protocol::sdio::init::state_machine::mmc:340] [32msdio: enabled 65536 KiB volatile write cache[m
[m[37m[ 78.008427 sdmmc_protocol::sdio::init::state_machine:237] [32msdio: init done kind=Mmc sd_v2=false high_capacity=true rca=0x1 ocr=0xc0ff8080 host_bus_width=Bit8 ext_csd_bus_width=Some(Sdr1) ext_csd_timing=Some(Compat)[m
[m[37m[ 78.010170 sdmmc_protocol::rdif::queue:172] [32msdmmc block init complete: kind=Mmc high_capacity=true rca=1 capacity_blocks=122224640 cache_enabled=true[m
[m[37m[ 78.052220 ax_fs_ng::root:348] [32m    partition 1 name=Some("bootfs") fs=Some(Fat) lba 61440..2158592[m
[m[37m[ 78.053401 ax_fs_ng::root:348] [32m    partition 2 name=None fs=Some(Ext4) lba 2158592..61702144[m
[m[37m[ 78.054234 ax_fs_ng::root:364] [32m  block device 0 (rockchip-dwmmc:/mmc@fe2c0000) has Gpt partition table with 2 partitions[m
[m[37m[ 78.085787 ax_fs_ng::root:348] [32m    partition 1 name=Some("uboot") fs=None lba 8192..16384[m
[m[37m[ 78.086934 ax_fs_ng::root:348] [32m    partition 2 name=Some("misc") fs=None lba 16384..24576[m
[m[37m[ 78.088035 ax_fs_ng::root:348] [32m    partition 3 name=Some("bootctrl") fs=None lba 24576..28672[m
[m[37m[ 78.089185 ax_fs_ng::root:348] [32m    partition 4 name=Some("resource") fs=None lba 28672..40960[m
[m[37m[ 78.090224 ax_fs_ng::root:348] [32m    partition 5 name=Some("boot_linux") fs=Some(Ext4) lba 40960..237568[m
[m[37m[ 78.091470 ax_fs_ng::root:348] [32m    partition 6 name=Some("ramdisk") fs=None lba 237568..245760[m
[m[37m[ 78.092515 ax_fs_ng::root:348] [32m    partition 7 name=Some("system") fs=Some(Ext4) lba 245760..4440064[m
[m[37m[ 78.093580 ax_fs_ng::root:348] [32m    partition 8 name=Some("vendor") fs=Some(Ext4) lba 4440064..6537216[m
[m[37m[ 78.094679 ax_fs_ng::root:348] [32m    partition 9 name=Some("sys-prod") fs=Some(Ext4) lba 6537216..6639616[m
[m[37m[ 78.095783 ax_fs_ng::root:348] [32m    partition 10 name=Some("chip-prod") fs=Some(Ext4) lba 6639616..6742016[m
[m[37m[ 78.105787 ax_fs_ng::root:348] [32m    partition 11 name=Some("updater") fs=None lba 6742016..6807552[m
[m[37m[ 78.106907 ax_fs_ng::root:348] [32m    partition 12 name=Some("eng_system") fs=None lba 6807552..6840320[m
[m[37m[ 78.108047 ax_fck device 1 (rockchip-sdhci:/mmc@fe2e0000) has Gpt partition tab[37m[ 78.144006 rsext4::ext4::mount:331] [32m/lost+found exists (superblock hint inode=11)[m
[m[37m[ 78.145823 rsext4::ext4::mount:466] [32mExt4 filesystem mounted[m
[m[37m[ 78.146404 rsext4::ext4::mount:467] [32m  - block size: 4096 bytes[m
[m[37m[ 78.147011 rsext4::ext4[37m[ 78.175926 ax_fs_ng::root:610] [32m  mounting partition disk0 partition 1 (bootfs, fs=fat, lba 61440..2158592) at /boot[[37m[ 78.180276 rsext4::hashtree::lookup:241] [31mFS DOES NOT SUPPORT NORMAL MULTIPLE POINTERS, PLEASE TURN ON EXTENT FEATURE![m
[m[37m[ 78.181294 rsext4::ext4::mount:354] [32m/lost+found not found by path scan;will create![m
[m[37m[ 78.182062 rsext4::hashtree::lookup:241] [31mFS DOES NOT SUPPORT NORMAL MULTIPLE POINTERS, PLEASE TURN ON EXTENT FEATURE![m
[m[37m[ 78.184403 rsext4::file::blocks:66] [31mnot support traditional block pointer[m
[m[37m[ 78.185090 rsext4::ext4::mount:356] [33m/lost+found missing and create failed[m
[m[37m[ 78.185838 rsext4::ext4::mount:466] [32mExt4 filesystem mounted[m
[m[37m[ 78.186416 rsext4::ext4::mount:467] [32m  - block size: 4096 bytes[m
[m[37m[ 78.187024 rsext4::ext4::mount:468] [32m  - total blocks: 16384[m
[m[37m[ 78.187609 rsext4::ext4::mount:469] [32m  - free blocks: 5072[m
[m[37m[ 78.188179 rsext4::ext4::mount:470] [32m  - total inodes: 8192[m
[m[37m[ 78.188756 rsext4::ext4::mount:471] [32m  - free inodes: 8058[m
[m[37m[ 78.189326 rsext4::ext4::sync:13] [32mSyncing filesystem...[m
[m[37m[ 78.193821 rsext4::ext4::mount:550] [32mExt4 filesystem mounted[m
[m[37m[ 78.194429 ax_fs_ng::root:610] [32m  mounting partition disk1 partition 5 (boot_linux, fs=ext4, lba 40960..237568) at /boot[m
[m[37m[ 78.195888 rsext4::crc32c::arm64:54] [33mID_AA64ISAR0_EL1[19:16]: 0x1[m
[m[37m[ 78.196515 rsext4::crc32c::arm64:57] [33mHardware CRC32C support detected.[m
[m[37m[ 78.198311 rsext4::ext4::mount:331] [32m/lost+found exists (superblock hint inode=11)[m
[m[37m[ 78.199901 rsext4::ext4::mount:466] [32mExt4 filesystem mounted[m
[m[37m[ 78.200481 rsext4::ext4::mount:467] [32m  - block size: 4096 bytes[m
[m[37m[ 78.201088 rsext4::ext4::mount:468] [32m  - total blocks: 393215[m
[m[37m[ 78.201681 rsext4::ext4::mount:469] [32m  - free blocks: 61635[m
[m[37m[ 78.202258 rsext4::ext4::mount:470] [32m  - total inodes: 98304[m
[m[37m[ 78.202843 rsext4::ext4::mount:471] [32m  - free inodes: 94293[m
[m[37m[ 78.203420 rsext4::ext4::sync:13] [32mSyncing filesystem...[m
[m[37m[ 78.204702 rsext4::ext4::mount:550] [32mExt4 filesystem mounted[m
[m[37m[ 78.205382 ax_fs_ng::root:610] [32m  mounting partition disk1 partition 7 (system, fs=ext4, lba 245760..4440064) at /system[m
[m[37m[ 78.208730 rsext4::ext4::mount:331] [32m/lost+found exists (superblock hint inode=11)[m
[m[37m[ 78.210476 rsext4::ext4::mount:466] [32mExt4 filesystem mounted[m
[m[37m[ 78.211055 rsext4::ext4::mount:467] [32m  - block size: 4096 bytes[m
[m[37m[ 78.211663 rsext4::ext4::mount:468] [32m  - total blocks: 65535[m
[m[37m[ 78.212248 rsext4::ext4::mount:469] [32m  - free blocks: 24032[m
[m[37m[ 78.212825 rsext4::ext4::mount:470] [32m  - total inodes: 65536[m
[m[37m[ 78.213410 rsext4::ext4::mount:471] [32m  - free inodes: 65194[m
[m[37m[ 78.213987 rsext4::ext4::sync:13] [32mSyncing filesystem...[m
[m[37m[ 78.215262 rsext4::ext4::mount:550] [32mExt4 filesystem mounted[m
[m[37m[ 78.215877 ax_fs_ng::root:610] [32m  mounting partition disk1 partition 8 (vendor, fs=ext4, lba 4440064..6537216) at /vendor[m
[m[37m[ 78.219443 rsext4::ext4::mount:331] [32m/lost+found exists (superblock hint inode=11)[m
[m[37m[ 78.221016 rsext4::ext4::mount:466] [32mExt4 filesystem mounted[m
[m[37m[ 78.221596 rsext4::ext4::mount:467] [32m  - block size: 4096 bytes[m
[m[37m[ 78.222203 rsext4::ext4::mount:468] [32m  - total blocks: 12800[m
[m[37m[ 78.222788 rsext4::ext4::mount:469] [32m  - free blocks: 11981[m
[m[37m[ 78.223366 rsext4::ext4::mount:470] [32m  - total inodes: 12800[m
[m[37m[ 78.223951 rsext4::ext4::mount:471] [32m  - free inodes: 12786[m
[m[37m[ 78.224528 rsext4::ext4::sync:13] [32mSyncing filesystem...[m
[m[37m[ 78.225807 rsext4::ext4::mount:550] [32mExt4 filesystem mounted[m
[m[37m[ 78.226413 ax_fs_ng::root:610] [32m  mounting partition disk1 partition 9 (sys-prod, fs=ext4, lba 6537216..6639616) at /sys-prod[m
[m[37m[ 78.229801 rsext4::ext4::mount:331] [32m/lost+found exists (superblock hint inode=11)[m
[m[37m[ 78.231375 rsext4::ext4::mount:466] [32mExt4 filesystem mounted[m
[m[37m[ 78.231954 rsext4::ext4::mount:467] [32m  - block size: 4096 bytes[m
[m[37m[ 78.232562 rsext4::ext4::mount:468] [32m  - total blocks: 12800[m
[m[37m[ 78.233147 rsext4::ext4::mount:469] [32m  - free blocks: 11981[m
[m[37m[ 78.233724 rsext4::ext4::mount:470] [32m  - total inodes: 12800[m
[m[37m[ 78.234309 rsext4::ext4::mount:471] [32m  - free inodes: 12786[m
[m[37m[ 78.234887 rsext4::ext4::sync:13] [32mSyncing filesystem...[m
[m[37m[ 78.236167 rsext4::ext4::mount:550] [32mExt4 filesystem mounted[m
[m[37m[ 78.236774 ax_fs_ng::root:610] [32m  mounting partition disk1 partition 10 (chip-prod, fs=ext4, lba 6639616..6742016) at /chip-prod[m
[m[37m[ 78.239257 somehal::arch::gic::v3:274] [32mGICv3 CPU 1 EOI mode: two_step=true[m
[m[37m[ 78.239966 ax_runtime::mp:79] [32mSecondary CPU 1 started.[m
[m[37m[ 78.240542 somehal::arch::gic::v3:274] [32mGICv3 CPU 2 EOI mode: two_step=true[m
[m[37m[ 78.240570 ax_runtime::mp:110] [32mSecondary CPU 1 init OK.[m
[m[37m[ 78.241247 ax_runtime::mp:79] [32mSecondary CPU 2 started.[m
[m[37m[ 78.241821 somehal::arch::gic::v3:274] [32mGICv3 CPU 3 EOI mode: two_step=true[m
[m[37m[ 78.242397 ax_runtime::mp:110] [32mSecondary CPU 2 init OK.[m
[m[37m[ 78.243045 ax_runtime::mp:79] [32mSecondary CPU 3 started.[m
[m[37m[ 78.243046 ax_runtime:350] [32mPrimary CPU 0 init OK.[m
[m[37m[ 78.244195 ax_runtime::mp:110] [32mSecondary CPU 3 init OK.[m
[m[37m[ 78.245233 0:2 ax_fs_ng::block::runtime::lifecycle::device:369] [32mblock device rockchip-dwmmc:/mmc@fe2c0000 online with 1 hctxs across 4 CPUs[m
[m[37m[ 78.246440 0:2 ax_fs_ng::block::runtime::lifecycle::device:369] [32mblock device rockchip-sdhci:/mmc@fe2e0000 online with 1 hctxs across 4 CPUs[m
[m

       d8888            888     888  d8b
      d88888            888     888  Y8P
     d88P888            888     888
    d88P 888  888  888  Y88b   d88P  888  .d8888b    .d88b.   888d888
   d88P  888  `Y8bd8P'   Y88b d88P   888  88K       d88""88b  888P"
  d88P   888    X88K      Y88o88P    888  "Y8888b.  888  888  888
 d8888888888  .d8""8b.     Y888P     888       X88  Y88..88P  888
d88P     888  888  888      Y8P      888   88888P'   "Y88P"   888


by AxVisor Team

[37m[ 78.251315 0:2 axvisor:82] [32mStarting virtualization...[m
[m[37m[ 78.251855 0:2 ax_driver::soc::rockchip::npu_handoff:63] [32mAXVISOR_RK3588_NPU_HANDOFF_REQUIRED ready=true[m
[m[37m[ 78.252771 0:2 ax_driver::soc::rockchip::npu_handoff:72] [32mAXVISOR_RK3588_NPU_HANDOFF_READY[m
[m[37m[ 78.253580 0:2 ax_driver::soc::rockchip::npu_handoff:73] [32mAXVISOR_RK3588_NPUs=6[m
[m[37m[ 78.254675 0:2 ckchip::npu_handoff:80] [32mAXVISOR_RK3588_NPU_SCMI clock_id=6 rate_hz=200000000[m
[m[37m[ 78.255634 0:2 ax_driver::soc::rockchip::npu_handoff:84] [32mAXVISOR_RK3588_NPU_OWNERSHIP host_submit=false[m
[m[37m[ 78.356568 0:2 ax_driver::soc::rockchip::npu_handoff:72] [32mAXVISOR_RK3588_NPU_HANDOFF_READY[m
[m[37m[ 78.357372 0:2 ax_driver::soc::rockchip::npu_handoff:73] [32mAXVISOR_RK3588_NPU_RESOURCES cores=3 power_domains=3 clocks=8 resets=6[m
[m[37m[ 78.358467 0:2 ax_driver::soc::rockchip::npu_handoff:80] [32mAXVISOR_RK3588_NPU_SCMI clock_id=6 rate_hz=200000000[m
[m[37m[ 78.359427 0:2 ax_driver::sof:84] [32mAXVISOR_RK3588_NPU_OWNERSHIP host_submit=false[m
[m[37m[ 78.460351 0:2 ax_driver::soc::rockchip::npu_handoff:72] [32mAXVISOR_RK3588_NPU_HANDOFF_READY[m
[m[37m[ 78.461154 0:2 ax_driver::soc::rockchip::npu_handoff:73] [32mAXVISOR_RK3588_NPU_RESOURCES cores=3 power_domains=3 clocks=8 resets=6[m
[m[37m[ 78.462257 0:2 ax_driver::soc::rockchip::npu_handoff:80] [32mAXVISOR_RK3588_NPU_SCMI clock_id=6 rate_hz=200000000[m
[m[37m[ 78.463210 0:2 ax_driver::soc::rockchip::npu_handoff:84] [32mAXVISOR_RK3588_NPU_OWNERSHIP host_submit=false[m
[m[37m[ 78.564140 0:2 ax_driver::soc::rockchip::npu_handoff:72] [32mAXVISOR_RK3588_NPU_HANDOFF_READY[m
[m[37m[ 78.564943 0:2 ax_driver::soc::rockchip::npu_handoff:73] [32mAXVISOR_RK3588_NPU_RESOURCES cores=3 power_domains=3 clocks=8 resets=6[m
[m[37m[ 78.566045 0:2 ax_driver::soc::rockchip::npu_handoff:80] [32mAXVISOR_RK3588_NPU_SCMI clock_id=6 rate_hz=200000000[m
[m[37m[ 78.566998 0:2 ax_driver::soc::rockchip::npu_handoff:84] [32mAXVISOR_RK3588_NPU_OWNERSHIP host_submit=false[m
[m[37m[ 78.667927 0:2 ax_driver::soc::rockchip::npu_handoff:72] [32mAXVISOR_RK3588_NPU_HANDOFF_READY[m
[m[37m[ 78.668731 0:2er::soc::rockchip::npu_handoff:73] [32mAXVISOR_RK3588_NPU_RESOU cores=3 power_domains=3 clocks=8 resets=6[m
[m[37m[ 78.6698u_handoff:80] [32mAXVISOR_RK3588_NPU_SCMI clock_id=6 rate_hz=200000000[m
[m[37m[ 78.670786 0:2 ax_driver::soc::rockchip::npmAXVISOR_RK3588_NPU_OWNERSHIP host_submit=false[m
[m[37m[ 78.671701 0:2 axvm::host::arceos:390] [32mEnabling hardware virtualization support on all cores...[m
[m[37m[ 78.672557 0:2 axvm::host::arceos:396] [32mCore 0 is initializing hardware virtualization support...[m
[m[37m[ 78.673419 0:2 axvm::timer:334] [32mInitializing AxVM timer wheel...[m
[m[37m[ 78.795034 0:2 axvm::host::arceos:398] [32mHardware virtualization support enabled on core 0[m
[m[37m[ 78.795883 1:15 axvm::host::arceos:408] [32mCore 1 is initializing hardware virtualization support...[m
[m[37m[ 78.795923 3:17 axvm::host::arceos:408] [32mCore 3 is initializing hardware virtualization support...[m
[m[37m[ 78.795903 2:16 axvm::host::arceos:408] [32mCore 2 is initializing hardware virtualization support...[m
[m[37m[ 78.796750 1:15 axvm::timer:334] [32mInitializing AxVM timer wheel...[m
[m[37m[ 78.795916 0:2 axvm::host::arceos:424] [32mWaiting for all cores to enable hardware virtualization...[m
[m[37m[ 78.799165 1:15 axvm::host::arceos:411] [32mHardware virtualization support enabled on core 1[m
[m[37m[ 78.798489 2:16 axvm::timer:334] [32mInitializing AxVM timer wheel...[m
[m[37m[ 78.797619 3:17 axvm::timer:334] [32mInitializing AxVM timer wheel...[m
[m[37m[ 78.801477 2:16 axvm::host::arceos:411] [32mHardware virtualization support enabled on core 2[m
[m[37m[ 78.802101 3:17 axvm::host::arceos:411] [32mHardware virtualization support enabled on core 3[m
[m[37m[ 78.803683 0:2 axvm::host::arceos:440] [32mAll cores have enabled hardware virtualization support.[m
[m[37m[ 78.806391 0:2 axvisor::manager:151] [32mNOT find dir: /guest/vm_default in filesystem[m
[m[37m[ 78.807148 0:2 axvisor::config:90] [32mUsing static VM configs.[m
[m[37m[ 78.907622 0:2 axvm::arch::aarch64::fdt::core::parser:462] [32mCPU node: /cpus/cpu@0, node_id: 0x0, hardware_cpu_id: 0x0[m
[m[37m[ 78.908660 0:2 axvm::arch::aarch64::fdt::core::parser:462] [32mCPU node: /cpus/cpu@100, node_id: 0x100, hardware_cpu_id: 0x100[m
[m[37m[ 78.909736 0:2 axvm::arch::aarch64::fdt::core::parser:462] [32mCPU node: /cpus/cpu@200, node_id: 0x200, hardware_cpu_id: 0x200[m
[m[37m[ 78.910811 0:2 axvm::arch::aarch64::fdt::core::parser:462] [32mCPU node: /cpus/cpu@300, node_id: 0x300, hardware_cpu_id: 0x300[m
[m[37m[ 78.911885 0:2 axvm::arch::aarch64::fdt::core::parser:462] [32mCPU node: /cpus/cpu@400, node_id: 0x400, hardware_cpu_id: 0x400[m
[m[37m[ 78.912963 0:2 axvm::arch::aarch64::fdt::core::parser:462] [32mCPU node: /cpus/cpu@500, node_id: 0x500, hardware_cpu_id: 0x500[m
[m[37m[ 78.914037 0:2 axvm::arch::aarch64::fdt::core::parser:462] [32mCPU node: /cpus/cpu@600, node_id: 0x600, hardware_cpu_id: 0x600[m
[m[37m[ 78.915111 0:2 axvm::arch::aarch64::fdt::core::parser:462] [32mCPU node: /cpus/cpu@700, node_id: 0x700, hardware_cpu_id: 0x700[m
[m[37m[ 78.929800 0:2 axvm::arch::aarch64::fdt::core::parser:469] [32mFound 8 host CPU nodes[m
[m[37m[ 78.930558 0:2 axvm::arch::aarch64::fdt::core:142] [32mVM[1] found DTB, parsing...[m
[m[37m[ 79.105423 0:2 axvm::arch::aarch64::fdt::core::device:96] [32mFound excluded devices: ["/interrupt-controller@8000000", "/serial@9000000", "/timer"][m
[37m[ 79.109638 0:2 axvm::arch::aarch64::fdt::core::device:96] [32mFound excluded devices: ["/interrupt-controller@8000000", "/serial@9000000", "/timer"][m
[m[37m[ 79.112026 0:2 axvisor::config:137] [32mCreating VM[1] "starry-vision-ivc-orangepi"[m
[m[37m[ 98.572562 0:2 axvm::vm:1073] [32mVM created: id=1[m
[m[37m[ 98.573121 0:2 axvisor::config:149] [32mVM[1] created success, loading images...[m
[m[37m[ 99.672192 0:2 axdevice::device:1229] [32mDeviceRuntime: registered device id=0[m
[m[37m[ 99.672900 0:2 axdevice::device:1229] [32mDeviceRuntime: registered device id=1[m
[m[37m[ 99.673684 0:2 axdevice::device:1229] [32mDeviceRuntime: regi
[m[37m[ 99.675258 0:2 axdevice::device:1229] [32mDeviceRuntime: registered device id=4[m
[m[37m[ 99.676136 0:2 axvm::vm::prepare:86] [32mVM setup: id=1[m
[m[37m[ 99.769023 0:2 axvm::arch::aarch64::fdt::core::parser:462] [32mCPU node: /cpus/cpu@0, node_id: 0x0, hardware_cpu_id: 0x0rch::aarch64::fdt::core::parser:462] [32mCPU node: /cpus/cpu@70[m[37m[ 99.791332 0:2 axvm::arch::aarch64::fdt::core::parser:469] [32mFound 8 host CPU nodes[m
[m[37m[ 99.792089 0:2 axvm::a[37m[100.125792 0:2 axvm::arch::aarch64::fdt::core::device:96] [32mFound excluded devices: ["/interrupt-controller@fe600000", "/serial@fd890000", "/serial@feb40000", "/serial@feb50000", "/serial@feb60000", "/serial@feb70000", "/serial@feb80000", "/serial@feb90000", "/serial@feba0000", "/serial@febb0000", "/serial@febc0000", "/timer", "/timer@feae0000", "/interrupt-controller@fe600000/msi-controller@fe640000", "/interrupt-controller@fe600000/msi-controller@fe660000"][m
[m[37m[100.214537 0:2 axvm::arch::aarch64::fdt::core::device:96] [32mFound excluded devices: ["/interrupt-controller@fe600000", "/serial@fd890000", "/serial@feb40000", "/serial@feb50000", "/serial@feb60000", "/serial@feb70000", "/serial@feb80000", "/serial@feb90000", "/serial@feba0000", "/serial@febb0000", "/serial@feb-controller@fe600000/msi-control@fe640000", "/interrupt-controller@fe600000/msi-controller@fe660000"][m
[m[37m[100.218836 0:2 axvisor::config:137] [32mCreating VM[2] "zephyr-vision-ivc-orangepi"[m
[m[37m[100.220473 0:2 axvm::vm:1073] [32mVM created: id=2[m
[m[37m[100.387017 0:2 axvisor::config:149] [32mVM[2] created success, loading images...[m
[m[37m[100.394909 0:2 axdevice::device:1229] [32mDeviceRuntime: registered device id=0[m
[m[37m[100.395614 0:2 axdevice::device:1229] [32mDeviceRuntime: registered device id=1[m
[m[37m[100.396397 0:2 axdevice::device:1229] [32mDeviceRuntime: registered device id=2[m
[m[37m[100.397172 0:2 axdevice::device:1229] [32mDeviceRuntime: registered device id=3[m
[m[37m[100.397991 0:2 axvm::vm::prepare:86] [32mVM setup: id=2[m
[m[37m[100.398603 0:2 axvm::runtime:42] [32mInitializing VMM...[m
[m[37m[100.399201 0:2 rsext4::ext4::sync:13] [32mSyncing filesystem...[m
[m[37m[100.402764 0:2 rsext4::ext4::sync:43] [32mFilesystem unmounted cleanly[m
[m[37m[100.403399 0:2 rsext4::ext4::sync:13] [32mSyncing filesystem...[m
[m[37m[100.404691 0:2 rsext4::ext4::sync:43] [32mFilesystem unmounted cleanly[m
[m[37m[100.405326 0:2 rsext4::ext4::sync:[32mSyncing filesystem...[m
[m[37m[100.406622 0:2 rsext4::ext4::sync:43] [32mFilesystem unmounted cleanly[m
[m[37m[100.407257 0:2 rsext4::ext4::sync:13] [32mSyncing filesystem...[m
[m[37m[100.408547 0:2 rsext4::ext4::sync:43] [32mFilesystem unmounted cleanly[m
[m[37m[100.409182 0:2 rsext4::ext4::sync:13] [32mSyncing filesystem...[m
[m[37m[100.410463 0:2 rsext4::ext4::sync:43] [32mFilesystem unmounted cleanly[m
[m[37m[100.411195 0:2 rsext4::ext4::sync:13] [32mSyncing filesystem...[m
[m[37m[100.429693 0:2 rsext4::ext4::sync:43] [32mFilesystem unmounted cleanly[m
[m[37m[100.430718 0:2 axvm::host::arceos:254] [32mReleased 2 host filesystem block IRQ registration(s) during shutdown[m
[m[37m[100.431659 0:2 axvisor::manager:125] [32mHost filesystem cleanly unmounted before guest passthrough devices start[m
[m[37m[100.432666 3:2 axvm::runtime:53] [32mVMM starting, booting VMs...[m
[m[37m[100.433266 3:2 axvm::vm:1294] [32mStarting VM[1][m
s:362] [32mSpawning task for VM[1] VCpu[0] waiting for running[m
[m[37m[100.436147 3:2 axvm::vm:1294] [32mStarting VM[2][m
[m[37m[100.436856 1:22 axvm::runtime::vcpus:501] [32mVM[1] VCpu[0] running...[m
[m[37m[100.437328 3:2 axvm::runtime::vcpus:362] [32mSpawning task for VM[2] VCpu[0][m
[m[37m[100.438662 3:2 axvm::runtime::vcpus:400] [32mVCpu task Task(24, "VM[2]-VCpu[0]") created cpumask: [0, ], initial CPU 0[m
[m[37m[100.439702 3:2 axvm::runtime:63] [32mVM[2] boot success[m
[m[37m[100.439709 0:24 axvm::runtime::vcpus:461] [32mVM[2] VCpu[0] waiting for running[m
[mK] Default guest initialized[m100.440928 0:24 axvm::runtime::vcpus:501] [32mVM[2] VCpu[0] running...[m
[m[VM 1] console=ttyAMA0,115200 earlycon=pl011,0x09000000 root=/dev/vda rw fsck.repair=yes
[VM 2] *** Booting Zephyr OS build v4.3.0 ***
[VM 1] VM Load @PA:0x80000000
[VM 2] IVC-RTOS-SELFTEST PASS vector=rust-wire-v1
[VM 1] VM Load Offset: 0x100000000
[VM 1] Memory Map:
[VM 1]   KImg   0x00000080000000 - 0x00000080e00000 (14 MiB)
[VM 1]   Free   0x00000080e00000 - 0x00000090000000 (242 MiB)
[VM 1] Initialize RAM allocator: 0x80e00000..0x90000000
[VM 1] Reserving CPU-local areas
[VM 1] CPU-local area stride: 0x41000 bytes
[VM 1] Total CPU-local allocation: 0x82000 bytes (2 CPUs)
[VM 1] Flushed RAM used range to memory map: 0x80e00000..0x80e02000, current: 0x80e02000
[VM 1] Flushed RAM used range to memory map: 0x80e02000..0x80e84000, current: 0x80e84000
[VM 1] CPU-local areas allocated at 0x80e02000 - 0x80e84000
[VM 1] EL: 1
[VM 1] Mapping early memory regions...
[VM 1] Ram                 : [0xffff000080000000, 0xffff000090000000) -> [0x0000000080000000, 0x0000000090000000) (256 MiB)
[VM 1] KImage              : [0xffffffff80000000, 0xffffffff80e00000) -> [0x0000000080000000, 0x0000000080e00000) (14 MiB)
[VM 1] PerCpu              : [0xffffff0080e02000, 0xffffff0080e84000) -> [0x0000000080e02000, 0x0000000080e84000) (520 KiB)
[VM 1] Debug serial        : [0xffff000009000000, 0xffff000009001000) -> [0x0000000009000000, 0x0000000009001000) (4 KiB)
[VM 1] Boot page table at physical address: PA:0x80e84000
[VM 1] Setting up table registers...
[VM 1] MMU Entry point at physical address: 0x8033a13c
[VM 1] Trap vector at 0xffffffff80342000
[VM 1] Memory Map:
[VM 1]   MMIO   0x00000009000000 - 0x00000009001000 (4 KiB)
[VM 1]   KImg   0x00000080000000 - 0x00000080e00000 (14 MiB)
[VM 1]   Rsv    0x00000080e00000 - 0x00000080e02000 (8 KiB)
[VM 1]   PerCPU 0x00000080e02000 - 0x00000080e84000 (520 KiB)
[VM 1]   Rsv    0x00000080e84000 - 0x00000080e8e000 (40 KiB)
[VM 1]   Free   0x00000080e8e000 - 0x00000090000000 (241.45 MiB)
[VM 1] Jumping to main entry point at 0xffffffff80326258 with SP 0xffffff0080e43000
[VM 1] 
[VM 1]        d8888                            .d88888b.   .d8888b.
[VM 1]       d88888                           d88P" "Y88b d88P  Y88b
[VM 2] IVC-RTOS-NET mac=52:54:00:00:00:02 expected=52:54:00:00:00:02
[VM 1]      d88P888                           888     888 Y88b.
[VM 1]     d88P 888 888d888  .d8888b  .d88b.  888     888  "Y888b.
[VM 2] IVC-RTOS-READY bind=10.0.0.2:5500 mac=52:54:00:00:00:02 window_bits=64 ack_loss_drop_every=0 expected_commands=0 expected_protocol_errors=0 expected_vision_decisions=3 exit_after_expected=1
[VM 1]    d88P  888 888P"   d88P"    d8P  Y8b 888     888     "Y88b.
[VM 1]   d88P   888 888     888      88888888 888     888       "888
[VM 1]  d8888888888 888     Y88b.    Y8b.     Y88b. .d88P Y88b  d88P
[VM 1] d88P     888 888      "Y8888P  "Y8888   "Y88888P"   "Y8888P"
[VM 1] 
[VM 1] arch = aarch64
[VM 1] platform = AxVisor Orange Pi 5 Plus StarryOS RKNPU guest
[VM 1] target = aarch64-unknown-none-softfloat
[VM 1] build_mode = 
[VM 1] log_level = info
[VM 1] backtrace = false
[VM 1] smp = 2
[VM 1] 
[VM 1] [37m[  1.137989 ax_runtime:224] [32mLogging is enabled.[m
[VM 1] [m[37m[  1.145778 ax_runtime:225] [32mPrimary CPU 0 started, arg = 0x80e00000.[m
[VM 1] [m[37m[  1.156090 ax_runtime:227] [32mFound physcial memory regions:[m
[VM 1] [m[37m[  1.165236 ax_runtime:229] [32m  [PA:0x9000000, PA:0x9001000) mmio (READ | WRITE | DEVICE | RESERVED)[m
[VM 1] [m[37m[  1.179195 ax_runtime:229] [32m  [PA:0x80000000, PA:0x80e00000) reserved (READ | WRITE | EXECUTE | RESERVED)[m
[VM 1] [m[37m[  1.193976 ax_runtime:229] [32m  [PA:0x80e00000, PA:0x80e02000) reserved (READ | WRITE | EXECUTE | RESERVED)[m
[VM 1] [m[37m[  1.208714 ax_runtime:229] [32m  [PA:0x80e02000, PA:0x80e84000) reserved (READ | WRITE | EXECUTE | RESERVED)[m
[VM 1] [m[37m[  1.223448 ax_runtime:229] [32m  [PA:0x80e84000, PA:0x80e8e000) reserved (READ | WRITE | EXECUTE | RESERVED)[m
[VM 1] [m[37m[  1.238171 ax_runtime:229] [32m  [PA:0x80e8e000, PA:0x90000000) free memory (READ | WRITE | FREE)[m
[VM 1] [m[37m[  1.251657 ax_runtime:377] [32mInitialize global memory allocator...[m
[VM 1] [m[37m[  1.261648 ax_runtime:378] [32m  use buddy-slab-allocator allocator.[m
[VM 1] [m[37m[  1.271659 ax_alloc::buddy_slab:158] [32mInitialize global memory allocator, start_vaddr: 0xffff000080e8e000, size: 0xf172000[m
[VM 1] [m[37m[  1.288710 ax_alloc::buddy_slab:424] [32mglobal allocator initialized[m
[VM 1] [m[37m[  1.298726 ax_runtime:264] [32mkernel aspace: [VA:0xffff000000000000, VA:0xffffffffffffffff)[m
[VM 1] [m[37m[  1.311528 ax_mm:107] [32mInitialize virtual memory management...[m
[VM 1] [m[37m[  1.363167 ax_runtime:276] [32mInitialize platform devices...[m
[VM 1] [m[37m[  1.373506 someboot::arch::power:23] [32mPower management method : HVC[m
[VM 1] [m[37m[  1.383704 somehal::driver:5] [32mInitializing rdrive with FDT at 0xffff000080e00000[m
[VM 1] [m[37m[  1.442344 ax_task::api:150] [32mInitialize scheduling...[m
[VM 1] [m[37m[  1.451030 ax_task::api:158] [32m  use Round-robin scheduler.[m
[VM 1] [m[37m[  1.460121 ax_runtime:302] [32mInitialize interrupt handlers...[m
[VM 1] [m[37m[  1.469778 ax_runtime::devices:2] [32mProbe platform devices...[m
[VM 1] [m[37m[  1.480143 ax_driver::serial::pl011:22] [32mProbing PL011 serial device: pl011@9000000[m
[VM 1] [m[37m[  1.492735 ax_driver::serial::pl011:38] [32mPL011 serial@0xffff000009000000 registered successfully[m
[VM 1] [m[37m[  1.507761 ax_driver::rknpu:85] [32mRK3588 NPU clock programming skipped: resources were prepared by the host[m
[VM 1] [m[37m[  1.524294 ax_driver::rknpu:77] [32mNPU registered successfully[m
[VM 1] [m[37m[  1.534276 ax_driver::virtio:193] [32mprobing virtio-mmio node virtio_mmio@b000000 at PA 0xb000000, size 0x1000[m
[VM 1] [m[37m[  1.550621 ax_driver::virtio:200] [32mmapped virtio-mmio at VA 0xffff00000b000000[m
[VM 1] [m[37m[  1.562631 ax_driver::virtio:193] [32mprobing virtio-mmio node virtio_mmio@b000000 at PA 0xb000000, size 0x1000[m
[VM 1] [m[37m[  1.578758 ax_driver::virtio:200] [32mmapped virtio-mmio at VA 0xffff00000b000000[m
[VM 1] [m[37m[  1.591783 ax_driver::virtio:193] [32mprobing virtio-mmio node virtio_mmio@b000000 at PA 0xb000000, size 0x1000[VM 1] [m[37m[  1.607806 ax_driver::virtio:200] [32mmapped virtio-mmio at VA 0xffff00000b000000[m
[VM 1] [m[37m[  1.620695 ax_driver::virtio:193] [32mprobing virtio-mmio node virtio_mmio@b000000 at PA 0xb000000, size 0x1000[m
[VM 1] [m[37m[  1.636598 ax_driver::virtio:200] [32mmapped virtio-mmio at VA 0xffff00000b000000[m
[VM 1] [m[37m[  1.649977 ax_driver::virtio::block:658] [32mfound a block device of size 262144KB[m
[VM 1] [m[37m[  1.662448 ax_driver::virtio::block:106] [32mregistered IRQ-driven VirtIO MMIO block device[m
[VM 1] [m[37m[  1.675957 ax_driver::virtio:193] [32mprobing virtio-mmio node virtio_mmio@b001000 at PA 0xb001000, size 0x1000[m
[VM 1] [m[37m[  1.692441 ax_driver::virtio:200] [32mmapped virtio-mmio at VA 0xffff00000b001000[m
[VM 1] [m[37m[  1.704999 virtio_drivers::device::net::dev_raw:33] [32mnegotiated_features Features(MAC | VERSION_1)[m
[VM 1] [m[37m[  1.721352 ax_driver::virtio::net:407] [32mregistered virtio network device irq=None[m
[VM 1] [m[37m[  1.734103 ax_runtime::serial:493] [32mserial runtime PL011 UART ready: cpu=0, irq=Some(Source(FdtInterrupt(FdtIrqSpec { controller: 4, cells: [0, 1, 4] }))), polling=false[m
[VM 1] [mBoot at 1970-01-01 00:00:01.758444916 UTC
[VM 1] 
[VM 1] [37m[  1.764814 ax_fs_ng::block::runtime::hctx:177] [32mblock hctx 0 bound to CPU 0 with hardware depth 1[m
[VM 1] [m[37m[  1.780060 ax_fs_ng::block::runtime::lifecycle::device:300] [32mblock device virtio-blk IRQ source 0 (IrqId { domain: IrqDomainId(7), hwirq: HwIrq(32) }) fixed to CPU 0 for queue mask 0x1[m
[VM 1] [m[37m[  1.807376 ax_fs_ng::root:341] [32m    raw device fs=Some(Ext4)[m
[VM 1] [m[37m[  1.817709 ax_fs_ng::root:372] [32m  block device 0 (virtio-blk) has no usable partition table; treating the wh[VM 1] [m[37m[  1.837469 ax_fs_ng::root:553] [32m  only one raw block device is available; using it as root[m
[VM 1] [m[37m[  1.851803 ax_fs_ng:93] [32mInitialize filesystem subsystem...[m
[VM 1] [m[37m[  1.861248 ax_fs_ng:94] [32m  selected root device: disk0 raw device[m
[VM 1] [m[37m[  1.872603 rsext4::crc32c::arm64:54] [33mID_AA64ISAR0_EL1[19:16]: 0x1[m
[VM 1] [m[37m[  1.883117 rsext4::crc32c::arm64:57] [33mHardware CRC32C support detected.[m
[VM 1] [m[37m[  1.898416 rsext4::ext4::mount:344] [32m/lost+found exists (path resolution, repaired hint inode=11)[m
[VM 1] [m[37m[  1.914958 rsext4::ext4::mount:466] [32mExt4 filesystem mounted[m
[VM 1] [m[37m[  1.924975 rsext4::ext4::mount:467] [32m  - block size: 4096 bytes[m
[VM 1] [m[37m[  1.935348 rsext4::ext4::mount:468] [32m  - total blocks: 65536[m
[VM 1] [m[37m[  1.945411 rsext4::ext4::mount:469] [32m  - free blocks: 52270[m
[VM 1] [m[37m[  1.955331 rsext4::ext4::mount:470] [32m  - total inodes: 16384[m
[VM 1] [m[37m[  1.965336 rsext4::ext4::mount:471] [32m  - free inodes: 16310[m
[VM 1] [m[37m[  1.975211 rsext4::ext4::sync:13] [32mSyncing filesystem...[m
[VM 1] [m[37m[  1.991219 rsext4::ext4::mount:550] [32mExt4 filesystem mounted[m
[VM 1] [m[37m[  2.000783 ax_fs_ng:106] [32m  filesystem type: "ext4"[m
[VM 1] [m[37m[  2.012690 ax_net:193] [32mInitialize network subsystem...[m
[VM 1] [m[37m[  2.022000 ax_net:213] [32m  use NIC 0: "virtio-net"[m
[VM 1] [m[37m[  2.030678 ax_runtime::irq:120] [32mregistered eth0 irq IrqId { domain: IrqDomainId(7), hwirq: HwIrq(34) }[m
[VM 1] [m[37m[  2.045886 ax_net:239] [32meth0:[m
[VM 1] [m[37m[  2.051849 ax_net:240] [32m  id:   2[m
[VM 1] [m[37m[  2.057948 ax_net:241] [32m  mac:  52-54-00-00-00-01[m
[VM 1] [m[37m[  2.066831 ax_net:258] [32m  mode: dhcp[m
[VM 1] [m[37m[  2.073901 ax_net:296] [32mDevice: lo[m
[VM 1] [m[37m[  2.080342 ax_net:296] [32mDevice: eth0[m
[VM 1] [m[37m[  2.087181 ax_net::service:595] [32meth0: DHCP enabled[m
[VM 1] [m[37m[  4.134619 ax_net:982] [33mDHCP bootstrap timed out[m
[37m[103.816749 1:22 axvm::runtime::hvc:272] [32mVM[1] PSCI_CPU_ON target=0x200 entry=0x8033981c context=0x80e43e00[m
[m[37m[103.817701 1:22 axvm::runtime::vcpus:362] [32mSpawning task for VM[1] VCpu[1][m
2 axvm::runtime::vcpus:400] [32ng[m
[m[37m[103.820152 2:27 axvm::runtime::vcpus:501] [32mV running...[m
[m[VM 1] [m[37m[  4.150673 ax_runtime::mp:79] [32mSecondary CPU 1 started.[m
[VM 1] [m[37m[  4.150674 ax_runtime:350] [32mPrimary CPU 0 init OK.[m
[VM 1] [m[37m[  4.160928 ax_runtime::mp:110] [32mSecondary CPU 1 init OK.[m
[VM 1] [m[37m[  4.180026 0:2 ax_fs_ng::block::runtime::lifecycle::device:369] [32mblock device virtio-blk online with 1 hctxs across 2 CPUs[m
[VM 1] [m[37m[  4.198713 0:2 ktracepoint:282] [32mtracepoint_data_start: 0xffffffff80543b88, tracepoint_data_end: 0xffffffff80543be8[m
[VM 1] [m[37m[  4.216684 0:2 ktracepoint:297] [32mtracepoint_data_len: 6[m
[VM 1] [m[37m[  4.226550 0:2 ktracepoint:314] [32mtracepoint registered: sched:sched_process_exit[m
[VM 1] [m[37m[  4.239820 0:2 ktracepoint:314] [32mtracepoint registered: sched:sched_process_fork[m
[VM 1] [m[37m[  4.251968 0:2 ktracepoint:314] [32mtracepoint registered: sched:sched_switch[m
[VM 1] [m[37m[  4.263527 0:2 ktracepoint:314] [32mtracepoint registered: syscalls:sys_clone[m
[VM 1] [m[37m[  4.275277 0:2 ktracepoint:314] [32mtracepoint registered: syscalls:sys_enter_openat[m
[VM 1] [m[37m[  4.288255 0:2 ktracepoint:314] [32mtracepoint registered: syscalls:sys_mkdirat[m
[VM 1] [mInitialized 6 tracepoints
[VM 1] kmod subsystem initialized
[VM 1] [37m[  4.307776 0:2 starry_kernel::pseudofs:86] [32mInitialize pseudofs...[m
[VM 1] [m[37m[  4.319168 0:2 starry_kernel::pseudofs::dev::tty::serial:258] [32mttyS0 registered: path=/pl011@9000000, alias=Some(0), paddr=0x9000000, irq=Some(Source(FdtInterrupt(FdtIrqSpec { controller: 4, cells: [0, 1, 4] })))[m
[VM 1] [m[37m[  4.350170 0:2 starry_kernel::pseudofs::dev::tty::serial:201] [32m/dev/console bound to ttyS0[m
[VM 1] [m[37m[  4.365556 0:2 starry_kernel::pseudofs:80] [32mMounted devfs at /dev[m
[VM 1] [m[37m[  4.376409 0:2 starry_kernel::pseudofs::usbfs:55] [32musbfs: initializing manager[m
[VM 1] [m[37m[  4.389135 0:2 starry_kernel::pseudofs::usbfs::manager:1486] [32musbfs: discovered 0 USB host(s)[m
[VM 1] [m[37m[  4.404164 0:2 starry_kernel::pseudofs::usbfs:58] [32musbfs: no USB host found, skip mounting usbfs[m
[VM 1] [m[37m[  4.419159 0:2 starry_kernel::pseudofs:80] [32mMounted tmpfs at /dev/shm[m
[VM 1] [m[37m[  4.446699 0:2 starry_kernel::pseudofs:80] [32mMounted tmpfs at /tmp[m
[VM 1] [m[37m[  4.457741 0:2 starry_kernel::pseudofs:80] [32mMounted mqueue at /dev/mqueue[m
[VM 1] [m[37m[  4.470251 0:2 starry_kernel::dyn_debug:65] [32mdebug_init: initializing dynamic debug sites[m
[VM 1] [m[37m[  4.484547 0:2 starry_kernel::dyn_debug:68] [32mdebug_init: found 191 dynamic debug sites[m
[VM 1] [m[37m[  4.498025 0:2 starry_kernel::pseudofs::proc:74] [32mRead kallsyms, size: 1441KB[m
[VM 1] [m[37m[  4.534895 0:2 starry_kernel::pseudofs:80] [32mMounted proc at /proc[m
[VM 1] [m[37m[  4.546309 0:2 starry_kernel::pseudofs:80] [32mMounted sysfs at /sys[m
[VM 1] [m[37m[  4.557489 0:2 starry_kernel::pseudofs:80] [32mMounted debug at /sys/kernel/debug[m
[VM 1] [m[37m[  4.570377 0:2 starry_kernel::task::timer:394] [32mInitialize alarm...[m
[VM 1] [m[37m[  4.585993 0:16 starry_kernel::task::user:71] [32mEnter user space: ip=0x400640, sp=0x3fffffff630[m
[VM 1] [mWelcome to [96m[1mStarry OS[0m!
[VM 1] /bin/sh: env: not found
[VM 1] 
[VM 1] Use [1m[3mapk[0m to install packages.
[VM 1] 
[VM 1] STARRY_GROUPED_AUTORUN_INIT
[VM 1] [37m[  4.691202 0:16 starry_kernel::syscall::task::wait:360] [32msys_waitpid <= pid: -1, options: WaitPidOptions(0x0)[[VM 1] [m[37m[  4.691349 0:17 starry_kernel::task::user:71] [32mEnter user space: ip=0x48653c, sp=0x3ffffffe920[m
[VM 1] [m[37m[  4.734896 0:18 starry_kernel::task::user:71] [32mEnter user space: ip=0x48653c, sp=0x3ffffffe750[m
[VM 1] [m[37m[  4.827148 0:18 starry_kernel::task::ops:348] [32mTask(18, "busybox") exit with code: 0[m
[VM 1] [m[37m[  4.838348 0:18 starry_kernel::task::signal:647] [32mSend signal SIGCHLD to process 2[m
[VM 1] [m[37m[  4.838655 0:17 starry_kernel::syscall::task::wait:360] [32msys_waitpid <= pid: -1, options: WaitPidOptions(0x0)[m
[VM 1] [m[37m[  4.838762 0:17 starry_kernel::syscall::task::wait:360] [32msys_waitpid <= pid: -1, options: WaitPidOptions(WNOHANG)[m
[VM 1] [m[37m[  4.875084 0:19 starry_kernel::task::user:71] [32mEnter user space: ip=0x48653c, sp=0x3ffffffe750[m
[VM 1] [m[37m[  5.186881 0:19 starry_kernel::task::ops:348] [32mTask(19, "busybox") exit with code: 0[m
[VM 1] [m[37m[  5.198241 0:19 starry_kernel::task::signal:647] [32mSend signal SIGCHLD to process 2[m
[VM 1] [m[37m[  5.198448 0:17 starry_kernel::syscall::task::wait:360] [32msys_waitpid <= pid: -1, options: WaitPidOptions(0x0)[m
[VM 1] [m[37m[  5.198633 0:17 starry_kernel::syscall::task::wait:360] [32msys_waitpid <= pid: -1, options: WaitPidOptions(WNOHANG)[m
[VM 1] [m[37m[  5.233988 0:20 starry_kernel::task::user:71] [32mEnter user space: ip=0x48653c, sp=0x3ffffffe750[m
[VM 1] [m[37m[  5.289263 0:20 starry_kernel::task::ops:348] [32mTask(20, "busybox") exit with code: 0[m
[VM 1] [m[37m[  5.301099 0:20 starry_kernel::task::signal:647] [32mSend signal SIGCHLD to process 2[m
[VM 1] [m[37m[  5.301297 0:17 starry_kernel::syscall::task::wait:360] [32msys_waitpid <= pid: -1, options: WaitPidOptions(0x0)[m
[VM 1] [m[37m[  5.301398 0:17 starry_kernel::syscall::task::wait:360] [32msys_waitpid <= pid: -1, options: WaitPidOptions(WNOHANG)[m
[VM 1] [m[37m[  5.303902 0:17 starry_kernel::syscall::task::wait:360] [32msys_waitpid <= pid: -1, options: WaitPidOptions(0x0)[m
[VM 1] [m[37m[  5.348203 0:21 starry_kernel::task::user:71] [32mEnter user space: ip=0x48653c, sp=0x3ffffffedb0[m
[VM 1] [m[37m[  5.377269 0:21 starry_kernel::task::ops:348] [32mTask(21, "busybox") exit with code: 0[m
[VM 1] [m[37m[  5.389098 0:21 starry_kernel::task::signal:647] [32mSend signal SIGCHLD to process 2[m
[VM 1] [m[37m[  5.398631 0:17 starry_kernel::syscall::task::wait:360] [32msys_waitpid <= pid: -1, options: WaitPidOptions(0x0)[m
[VM 1] [m[37m[  5.398734 0:17 starry_kernel::syscall::task::wait:360] [32msys_waitpid <= pid: -1, options: WaitPidOptions(WNO[VM 1] [m[37m[  5.401577 0:17 starry_kernel::syscall::task::wait:360] [32msys_waitpid <= pid: -1, options: WaitPidOptions(0x0)[m
[VM 1] [m[37m[  5.436340 0:22 starry_kernel::task::user:71] [32mEnter user space: ip=0x48653c, sp=0x3fffffff2c0[m
[VM 1] [m[37m[  5.443150 0:22 starry_kernel::task::ops:348] [32mTask(22, "busybox") exit with code: 0[m
[VM 1] [m[37m[  5.464598 0:22 starry_kernel::task::signal:647] [32mSend signal SIGCHLD to process 2[m
[VM 1] [m[37m[  5.474046 0:17 starry_kernel::syscall::task::wait:360] [32msys_waitpid <= pid: -1, options: WaitPidOptions(0x0[VM 1] [m[37m[  5.474145 0:17 starry_kernel::syscall::task::wait:360] [32msys_waitpid <= pid: -1, options: WaitPidOptions(WNOHANG)[m
[VM 1] [m[37m[  5.476779 0:17 starry_kernel::syscall::task::wait:360] [32msys_waitpid <= pid: -1, options: WaitPidOptions(0x0)[m
[VM 1] [m[37m[  5.512302 0:23 starry_kernel::task::user:71] [32mEnter user space: ip=0x48653c, sp=0x3fffffff2c0[m
[VM 1] [m[37m[  5.519103 0:23 starry_kernel::task::ops:348] [32mTask(23, "busybox") exit with code: 0[m
[VM 1] [m[37m[  5.540512 0:23 starry_kernel::task::signal:647] [32mSend signal SIGCHLD to process 2[m
[VM 1] [m[37m[  5.549925 0:17 starry_kernel::syscall::task::wait:360] [32msys_waitpid <= pid: -1, options: WaitPidOptions(0x0)[m
[VM 1] [m[37m[  5.550019 0:17 starry_kernel::syscall::task::wait:360] [32msys_waitpid <= pid: -1, options: WaitPidOptions(WNOHANG)[m
[VM 1] [mIVC-STARRY-VISION-BOOT source=fixed-images backend=rknn-npu frames=3 target_class=32 calibration_x=625
[VM 1] IVC-STARRY-VISION-NET ip=10.0.0.1/24 peer=10.0.0.2:5500 segment=1
[VM 1] [37m[  5.552525 0:17 starry_kernel::syscall::task::wait:360] [32msys_waitpid <= pid: -1, options: WaitPidOptions(0x0)[m
[VM 1] [m[37m[  5.603340 0:24 starry_kernel::task::user:71] [32mEnter user space: ip=0x48653c, sp=0x3fffffff460[m
[VM 1] [m[37m[  7.621787 0:24 starry_kernel::task::ops:348] [32mTask(24, "busybox") exit with code: 0[m
[VM 1] [m[37m[  7.632592 0:24 starry_kernel::task::signal:647] [32mSend signal SIGCHLD to process 2[m
[VM 1] [m[37m[  7.641739 0:17 starry_kernel::syscall::task::wait:360] [32msys_waitpid <= pid: -1, options: WaitPidOptions(0x0)[m
[VM 1] [m[37m[  7.641833 0:17 starry_kernel::syscall::task::wait:360] [32msys_waitpid <= pid: -1, options: WaitPidOptions(WNOHANG)[m
[VM 1] [m[37m[  7.644093 0:17 starry_kernel::syscall::task::wait:360] [32msys_waitpid <= pid: -1, options: WaitPidOptions(0x0)[m
[VM 1] [m[37m[  7.679458 0:25 starry_kernel::task::user:71] [32mEnter user space: ip=0x48653c, sp=0x3fffffff460[m
[VM 1] [m[37m[  7.699220 0:25 starry_kernel::task::ops:348] [32mTask(25, "busybox") exit with code: 0[m
[VM 1] [m[37m[  7.711040 0:25 starry_kernel::task::signal:647] [32mSend signal SIGCHLD to process 2[m
[VM 1] [m[37m[  7.720025 0:17 starry_kernel::syscall::task::wait:360] [32msys_waitpid <= pid: -1, options: WaitPidOptions(0x0)[m
[VM 1] [m[37m[  7.720115 0:17 starry_kernel::syscall::task::wait:360] [32msys_waitpid <= pid: -1, options: WaitPidOptions(WNOHANG)[m
[VM 1] [m[37m[  7.722505 0:17 starry_kernel::syscall::task::wait:360] [32msys_waitpid <= pid: -1, options: WaitPidOptions(0x0)[m
[VM 1] [m[37m[  7.757455 0:26 starry_kernel::task::user:71] [32mEnter user space: ip=0x48653c, sp=0x3fffffff200[m
[VM 1] [m[37m[  8.223793 0:26 starry_kernel::pseudofs::dev::card1:166] [32mcard1: cmd 0xc0406400, nr 0x0, arg 0x4003f3d0[m
[VM 1] [m[37m[  8.223823 0:26 starry_kernel::pseudofs::dev::card1:169] [32mcard1: is_driver_ioctl = false[m
[VM 1] [m[37m[  8.223837 0:26 starry_kernel::pseudofs::dev::card1:188] [32mdrm get version[m
[VM 1] [m[37m[  8.223847 0:26 starry_kernel::pseudofs::dev::card1:811] [32mdrm_version called: DrmVersion { version_major: 0,on_minor: 0, version_patchlevel: 0, name_len: 0, name: 0, date_len: 0, date: 0, desc_len: 0, desc: 0 }[m
[VM 1] [m[37m[  8.223869 0:26 starry_kernel::pseudofs::dev::card1:854] [32m[drm_version] Set driver info: name_len=5, date_len=8, desc_len=12[m
[VM 1] [m[37m[  8.223889 0:26 starry_kernel::pseudofs::dev::card1:166] [32mcard1: cmd 0xc0406400, nr 0x0, arg 0x4003f3d0[m
[VM 1] [m[37m[  8.223901 0:26 starry_kernel::pseudofs::dev::card1:169] [32mcard1: is_driver_ioctl = false[m
[VM 1] [m[37m[  8.223911 0:26 starry_kernel::pseudofs::dev::card1:188] [32mdrm get version[m
[VM 1] [m[37m[  8.223921 0:26 starry_kernel::pseudofs::dev::card1:811] [32mdrm_version called: DrmVersion { version_major: 0, version_minor: 9, version_patchlevel: 8, name_len: 5, name: 1074000928, date_len: 8, date: 1074000960, desc_len: 12, desc: 1074000992 }[m
[VM 1] [m[37m[  8.223941 0:26 starry_kernel::pseudofs::dev::card1:854] [32m[drm_version] Set driver info: name_len=5, date_len=8, desc_len=12[m
[VM 1] [m[37m[  8.223960 0:26 starry_kernel::pseudofs::dev::card1:166] [32mcard1: cmd 0xc0106401, nr 0x1, arg 0x3ffffffd730[m
[VM 1] [m[37m[  8.223972 0:26 starry_kernel::pseudofs::dev::card1:169] [32mcard1: is_driver_ioctl = false[m
[VM 1] [m[37m[  8.223983 0:26 starry_kernel::pseudofs::dev::card1:192] [32mdrm get unique[m
[VM 1] [m[37m[  8.223993 0:26 starry_kernel::pseudofs::dev::card1:868] [32mdrm_get_unique called: DrmUnique { unique_len: 0, unique: 0 }[m
[VM 1] [m[37m[  8.224012 0:26 starry_kernel::pseudofs::dev::card1:166] [32mcard1: cmd 0xc0106401, nr 0x1, arg 0x3ffffffd730[m
[VM 1] [m[37m[  8.323846 0:26 starry_kernel::pseudofs::dev::card1:166] [32mcard1: cmd 0xc0086440, nr 0x40, arg 0x3ffffffd6c0[VM 1] [m[37m[  8.323866 0:26 starry_kernel::pseudofs::dev::card1:169] [32mcard1: is_driver_ioctl = true[m
[VM 1] [m[37m[  8.323878 0:26 starry_kernel::pseudofs::dev::card1:364] [32mrknpu_driver_ioctl: op = Action[m
[VM 1] [m[37m[  8.323889 0:26 starry_kernel::pseudofs::dev::card1:587] [32mrknpu action ioctl[m
[VM 1] [m[37m[  8.323901 0:26 starry_kernel::pseudofs::dev::card1:597] [32mrknpu action ioctl: flags = GetHwVersion, value = 4294967295[m
[VM 1] [m[37m[  8.323927 0:26 starry_kernel::pseudofs::dev::card1:606] [33mrknpu action ioctl[0]: flags=GetHwVersion value_in=4294967295 result=Ok(1179210309) value_out=1179210309[m
[VM 1] [m[37m[  8.323948 0:26 starry_kernel::pseudofs::dev::card1:166] [32mcard1: cmd 0xc0086440, nr 0x40, arg 0x3ffffffd6c0[VM 1] [m[37m[  8.323960 0:26 starry_kernel::pseudofs::dev::card1:169] [32mcard1: is_driver_ioctl = true[m
[VM 1] [m[37m[  8.323970 0:26 starry_kernel::pseudofs::dev::card1:364] [32mrknpu_driver_ioctl: op = Action[m
[VM 1] [m[37m[  8.507304 0:26 starry_kernel::pseudofs::dev::card1:166] [32mcard1: cmd 0xc0086440, nr 0x40, arg 0x3ffffffdc70[m
[VM 1] [m[37m[  8.507326 0:26 starry_kernel::pseudofs::dev::card1:169] [32mcard1: is_driver_ioctl = true[m
[VM 1] [m[37m[  8.507338 0:26 starry_kernel::pseudofs::dev::card1:364] [32mrknpu_driver_ioctl: op = Action[m
[VM 1] [m[37m[  8.507349 0:26 starry_kernel::pseudofs::dev::card1:587] [32mrknpu action ioctl[m
[VM 1] [m[37m[  8.507360 0:26 starry_kernel::pseudofs::dev::card1:597] [32mrknpu action ioctl: flags = PowerOn, value = 0[m[VM 1] [m[37m[  8.507381 0:26 rockchip_npu:281] [33mPowerOn operation not yet implemented[m
[VM 1] [m[37m[  8.507392 0:26 starry_kernel::pseudofs::dev::card1:606] [33mrknpu action ioctl[2]: flags=PowerOn value_in=0 re[VM 1] [m[37m[  8.586679 0:26 starry_kernel::pseudofs::dev::card1:166] [32mcard1: cmd 0xc0086440, nr 0x40, arg 0x3ffffffdc80[m
[VM 1] [m[37m[  8.586701 0:26 starry_kernel::pseudofs::dev::card1:169] [32mcard1: is_driver_ioctl = true[m
[VM 1] [m[37m[  8.586713 0:26 starry_kernel::pseudofs::dev::card1:364] [32mrknpu_driver_ioctl: op = Action[m
[VM 1] [m[37m[  8.586723 0:26 starry_kernel::pseudofs::dev::card1:587] [32mrknpu action ioctl[m
[VM 1] [m[37m[  8.586734 0:26 starry_kernel::pseudofs::dev::card1:597] [32mrknpu action ioctl: flags = SetProcNice, value = 4294967277[m
[VM 1] [m[37m[  8.586754 0:26 rockchip_npu:276] [33mSetProcNice operation not applicable in bare metal context[m
[VM 1] [m[37m[  8.586765 0:26 starry_kernel::pseudofs::dev::card1:606] [33mrknpu action ioctl[3]: flags=SetProcNice value_in=4294967277 result=Ok(0) value_out=0[m
[VM 1] [m[37m[  8.666034 0:26 starry_kernel::pseudofs::dev::card1:166] [32mcard1: cmd 0xc0086440, nr 0x40, arg 0x3ffffffd860[m
[VM 1] [m[37m[  8.666054 0:26 starry_kernel::pseudofs::dev::card1:169] [32mcard1: is_driver_ioctl = true[m
[VM 1] [m[37m[  8.666066 0:26 starry_kernel::pseudofs::dev::card1:364] [32mrknpu_driver_ioctl: op = Action[m
[VM 1] [m[37m[  8.666077 0:26 starry_kernel::pseudofs::dev::card1:587] [32mrknpu action ioctl[m
[VM 1] [m[37m[  8.666087 0:26 starry_kernel::pseudofs::dev::card1:597] [32mrknpu action ioctl: flags = GetDrvVersion, value = 0[m
[VM 1] [m[37m[  8.666106 0:26 starry_kernel::pseudofs::dev::card1:606] [33mrknpu action ioctl[4]: flags=GetDrvVersion value_in=0 result=Ok(908) value_out=908[m
[VM 1] [m[37m[  8.758444 0:26 starry_kernel::pseudofs::dev::card1:166] [32mcard1: cmd 0xc0086440, nr 0x40, arg 0x3ffffffc960[VM 1] [m[37m[  8.758476 0:26 starry_kernel::pseudofs::dev::ca4] [32mrknpu_driver_ioctl: op = Action[m
[VM 1] [m[37m[  8.758487 0:26 starry_kernel::pseudofs::dev::card1:587] [32mrknpu action ioctl[m
[VM 1] [m[37m[  8.758498 0:26 starry_kernel::pseudofs::dev::card1:597] [32mrknpu action ioctl: flags = GetIommuEn, value = 0
[VM 1] [m[37m[  8.758517 0:26 starry_kernel::pseudofs::dev::card1:606] [33mrknpu action ioctl[5]: flags=GetIommuEn value_in=0[VM 1] [m[37m[  8.758609 0:26 starry_kernel::pseudofs::dev::card1:166] [32mcard1: cmd 0xc0306442, nr 0x42, arg 0x3ffffffa6e0[VM 1] [m[37m[  8.758624 0:26 starry_kernel::pseudofs::dev::card1:169] [32mcard1: is_driver_ioctl = true[m
[VM 1] [m[37m[  8.758634 0:26 starry_kernel::pseudofs::dev::card1:364] [32mrknpu_driver_ioctl: op = MemCreate[m
[VM 1] [m[37m[  8.758646 0:26 starry_kernel::pseudofs::dev::card1:431] [32mrknpu mem_create ioctl[m
[VM 1] [m[37m[  8.758656 0:26 starry_kernel::pseudofs::dev::card1:442] [33mrknpu mem_create ioctl[0]: flags=0x40a size=42840 [VM 1] [m[37m[  8.758740 0:26 starry_kernel::pseudofs::dev::card1:453] [33mrknpu mem_create ioctl[0] done: handle=1 flags=0x4[VM 1] [m[37m[  8.758792 0:26 starry_kernel::pseudofs::dev::card1:166] [32mcard1: cmd 0xc008640a, nr 0xa, arg 0x3ffffffb9d0[m
[VM 1] [m[37m[  8.758805 0:26 starry_kernel::pseudofs::dev::card1:169] [32mcard1: is_driver_ioctl = false[m
[VM 1] [m[37m[  8.758816 0:26 starry_kernel::pseudofs::dev::card1:648] [32mdrm_gem_flink_ioctl called: DrmGemFlink {
[VM 1]     handle: 1,
[VM 1]     name: 0,
[VM 1] }[m
[VM 1] [m[37m[  8.758842 0:26 starry_kernel::pseudofs::dev::card1:166] [32mcard1: cmd 0xc00c642d, nr 0x2d, arg 0x3ffffffc010[m
[VM 1] [m[37m[  8.852235 0:26 starry_kernel::pseudofs::dev::card1:166] [32mcard1: cmd 0xc0106443, nr 0x43, arg 0x3ffffffc330[m
[VM 1] [m[37m[  8.852252 0:26 starry_kernel::pseudofs::dev::card1:169] [32mcard1: is_driver_ioctl = true[m
[VM 1] [m[37m[  8.852263 0:26 starry_kernel::pseudofs::dev::card1:364] [32mrknpu_driver_ioctl: op = MemMap[m
[VM 1] [m[37m[  8.852274 0:26 starry_kernel::pseudofs::dev::card1:492] [32mrknpu mem_map ioctl[m
[VM 1] [m[37m[  8.852293 0:26 starry_kernel::pseudofs::dev::card1:503] [32mmem_map: handle=1 -> offset=0x1000[m
[VM 1] [m[37m[  8.852475 0:26 starry_kernel::pseudofs::dev::card1:166] [32mcard1: cmd 0xc0206445, nr 0x45, arg 0x3ffffffa2a0[m
[VM 1] [m[37m[  8.852489 0:26 starry_kernel::pseudofs::dev::card1:169] [32mcard1: is_driver_ioctl = true[m
[VM 1] [m[37m[  8.852499 0:26 starry_kernel::pseudofs::dev::card1:364] [32mrknpu_driver_ioctl: op = MemSync[m
[VM 1] [m[37m[  8.852511 0:26 starry_kernel::pseudofs::dev::card1:540] [33mrknpu mem_sync ioctl[0]: flags=0x3 obj_addr=0xffff00008dae0000 offset=0 size=42840[m
[VM 1] [m[37m[  9.040792 0:26 starry_kernel::pseudofs::dev::card1:166] [32mcard1: cmd 0xc0086440, nr 0x40, arg 0x3ffffffc9e0[VM 1] [m[37m[  9.040813 0:26 starry_kernel::pseudofs::dev::card1:169] [32mcard1: is_driver_ioctl = true[m
[VM 1] [m[37m[  9.040825 0:26 starry_kernel::pseudofs::dev::card1:364] [32mrknpu_driver_ioctl: op = Action[m
[VM 1] [m[37m[  9.040836 0:26 starry_kernel::pseudofs::dev::card1:587] [32mrknpu action ioctl[m
[VM 1] [m[37m[  9.040847 0:26 starry_kernel::pseudofs::dev::card1:597] [32mrknpu action ioctl: flags = GetIommuEn, value = 0[VM 1] [m[37m[  9.040865 0:26 starry_kernel::pseudofs::dev::card1:606] [33mrknpu action ioctl[6]: flags=GetIommuEn value_in=0 result=Ok(0) value_out=0[m
[VM 1] [m[37m[  9.040886 0:26 starry_kernel::pseudofs::dev::card1:166] [32mcard1: cmd 0xc0306442, nr 0x42, arg 0x3ffffffa760[m
[VM 1] [m[37m[  9.040898 0:26 starry_kernel::pseudofs::dev::card1:169] [32mcard1: is_driver_ioctl = true[m
[VM 1] [m[37m[  9.040908 0:26 starry_kernel::pseudofs::dev::card1:364] [32mrknpu_driver_ioctl: op = MemCreate[m
[VM 1] [m[37m[  9.040918 0:26 starry_kernel::pseudofs::dev::card1:431] [32mrknpu mem_create ioctl[m
[VM 1] [m[37m[  9.040929 0:26 starry_kernel::pseudofs::dev::card1:442] [33mrknpu mem_create ioctl[1]: flags=0x402 size=4160640 core_mask=0x1[m
[VM 1] [m[37m[  9.046103 0:26 starry_kernel::pseudofs::dev::card1:453] [33mrknpu mem_create ioctl[1] done: handle=2 flags=0x402 size=4160640 sram_size=4160640 obj_addr=0xffff00008dc00000 dma_addr=0x8dc00000 iommu_domain_id=0 core_mask=0x1 elapsed_us=5161[m
[VM 1] [m[37m[  9.046127 0:26 starry_kernel::pseudofs::dev::card1:166] [32mcard1: cmd 0xc008640a, nr 0xa, arg 0x3ffffffba50[m
[VM 1] [m[37m[  9.046139 0:26 starry_kernel::pseudofs::dev::card1:169] [32mcard1: is_driver_ioctl = false[m
[VM 1] [m[37m[  9.046150 0:26 starry_kernel::pseudofs::dev::card1:648] [32mdrm_gem_flink_ioctl called: DrmGemFlink {
[VM 1]     handle: 2,
[VM 1]     name: 0,
[VM 1] }[m
[VM 1] [m[37m[  9.046173 0:26 starry_kernel::pseudofs::dev::card1:166] [32mcard1: cmd 0xc00c642d, nr 0x2d, arg 0x3ffffffc090[m
[VM 1] [m[37m[  9.236381 0:26 starry_kernel::pseudofs::dev::card1:166] [32mcard1: cmd 0xc0206445, nr 0x45, arg 0x3ffffffcd80[m
[VM 1] [m[37m[  9.236403 0:26 starry_kernel::pseudofs::dev::card1:169] [32mcard1: is_driver_ioctl = true[m
[VM 1] [m[37m[  9.236415 0:26 starry_kernel::pseudofs::dev::card1:364] [32mrknpu_driver_ioctl: op = MemSync[m
[VM 1] [m[37m[  9.236427 0:26 starry_kernel::pseudofs::dev::card1:540] [33mrknpu mem_sync ioctl[2]: flags=0x1 obj_addr=0xffff00008dc00000 offset=0 size=4160640[m
[VM 1] [m[37m[  9.236439 0:26 starry_kernel::pseudofs::dev::card1:546] [32mrknpu mem_sync ioctl RknpuMemSync {
[VM 1]     flags: 0x1,
[VM 1]     reserved: 0x0,
[VM 1]     obj_addr: 0xffff00008dc00000,
[VM 1]     offset: 0x0,
[VM 1]     size: 0x3f7c80,
[VM 1] }[m
[VM 1] [m[37m[  9.236826 0:26 starry_kernel::pseudofs::dev::card1:553] [33mrknpu mem_sync ioctl[2] done: flags=0x1 offset=0 size=4160640 elapsed_us=366[m
[VM 1] [m[37m[  9.336318 0:26 starry_kernel::pseudofs::dev::card1:166] [32mcard1: cmd 0xc0086440, nr 0x40, arg 0x3ffffffd3e0[m
[VM 1] [m[37m[  9.336339 0:26 starry_kernel::pseudofs::dev::card1:169] [32mcard1: is_driver_ioctl = true[m
[VM 1] [m[37m[  9.336351 0:26 starry_kernel::pseudofs::dev::card1:364] [32mrknpu_driver_ioctl: op = Action[m
[VM 1] [m[37m[  9.336362 0:26 starry_kernel::pseudofs::dev::card1:587] [32mrknpu action ioctl[m
[VM 1] [m[37m[  9.336372 0:26 starry_kernel::pseudofs::dev::card1:597] [32mrknpu action ioctl: flags = GetDrvVersion, value = 0[m
[VM 1] [m[37m[  9.336391 0:26 starry_kernel::pseudofs::dev::card1:606] [33mrknpu action ioctl[7]: flags=GetDrvVersion value_in=0 result=Ok(908) value_out=908[m
[VM 1] [m[37m[  9.408689 0:26 starry_kernel::pseudofs::dev::card1:166] [32mcard1: cmd 0xc0206445, nr 0x45, arg 0x3ffffffd540[m
[VM 1] [m[37m[  9.408710 0:26 starry_kernel::pseudofs::dev::card1:169] [32mcard1: is_driver_ioctl = true[m
[VM 1] [m[37m[  9.408722 0:26 starry_kernel::pseudofs::dev::card1:364] [32mrknpu_driver_ioctl: op = MemSync[m
[VM 1] [m[37m[  9.408734 0:26 starry_kernel::pseudofs::dev::card1:540] [33mrknpu mem_sync ioctl[3]: flags=0x1 obj_addr=0xffff00008dae0000 offset=0 size=42840[m
[VM 1] [m[37m[  9.408747 0:26 starry_kernel::pseudofs::dev::card1:546] [32mrknpu mem_sync ioctl RknpuMemSync {
[VM 1]     flags: 0x1,
[VM 1]     reserved: 0x0,
[VM 1]     obj_addr: 0xffff00008dae0000,
[VM 1]     offset: 0x0,
[VM 1]     size: 0xa758,
[VM 1] }[m
[VM 1] [m[37m[  9.408781 0:26 starry_kernel::pseudofs::dev::card1:553] [33mrknpu mem_sync ioctl[3] done: flags=0x1 offset=0 size=42840 elapsed_us=13[m
[VM 1] [m[37m[  9.493494 0:26 starry_kernel::pseudofs::dev::card1:166] [32mcard1: cmd 0xc0086440, nr 0x40, arg 0x3ffffffd440[m
[VM 1] [m[37m[  9.493515 0:26 starry_kernel::pseudofs::dev::card1:169] [32mcard1: is_driver_ioctl = true[m
[VM 1] [m[37m[  9.493527 0:26 starry_kernel::pseudofs::dev::card1:364] [32mrknpu_driver_ioctl: op = Action[m
[VM 1] [m[37m[  9.493537 0:26 starry_kernel::pseudofs::dev::card1:587] [32mrknpu action ioctl[m
[VM 1] [m[37m[  9.493548 0:26 starry_kernel::pseudofs::dev::card1:597] [32mrknpu action ioctl: flags = GetIommuEn, value = 0[m
[VM 1] [m[37m[  9.493567 0:26 starry_kernel::pseudofs::dev::card1:606] [33mrknpu action ioctl[8]: flags=GetIommuEn value_in=0 result=Ok(0) value_out=0[m
[VM 1] [m[37m[  9.493588 0:26 starry_kernel::pseudofs::dev::card1:166] [32mcard1: cmd 0xc0306442, nr 0x42, arg 0x3ffffffb1c0[m
[VM 1] [m[37m[  9.493600 0:26 starry_kernel::pseudofs::dev::card1:169] [32mcard1: is_driver_ioctl = true[m
[VM 1] [m[37m[  9.493610 0:26 starry_kernel::pseudofs::dev::card1:364] [32mrknpu_driver_ioctl: op = MemCreate[m
[VM 1] [m[37m[  9.493620 0:26 starry_kernel::pseudofs::dev::card1:431] [32mrknpu mem_create ioctl[m
[VM 1] [m[37m[  9.493631 0:26 starry_kernel::pseudofs::dev::card1:442] [33mrknpu mem_create ioctl[2]: flags=0x402 size=4505600 core_mask=0x1[m
[VM 1] [m[37m[  9.499441 0:26 starry_kernel::pseudofs::dev::card1:453] [33mrknpu mem_create ioctl[2] done: handle=3 flags=0x402 size=4505600 sram_size=4505600 obj_addr=0xffff00008e000000 dma_addr=0x8e000000 iommu_domain_id=0 core_mask=0x1 elapsed_us=5797[m
[VM 1] [m[37m[  9.499474 0:26 starry_kernel::pseudofs::dev::card1:166] [32mcard1: cmd 0xc008640a, nr 0xa, arg 0x3ffffffc4b0[m
[VM 1] [m[37m[  9.499486 0:26 starry_kernel::pseudofs::dev::card1:169] [32mcard1: is_driver_ioctl = false[m
[VM 1] [m[37m[  9.499498 0:26 starry_kernel::pseudofs::dev::card1:648] [32mdrm_gem_flink_ioctl called: DrmGemFlink {
[VM 1]     handle: 3,
[VM 1]     name: 0,
[VM 1] }[m
[VM 1] [m[37m[  9.499520 0:26 starry_kernel::pseudofs::dev::card1:166] [32mcard1: cmd 0xc00c642d, nr 0x2d, arg 0x3ffffffcaf0[m
[VM 1] [m[37m[  9.949568 0:26 starry_kernel::pseudofs::dev::card1:166] [32mcard1: cmd 0xc0086440, nr 0x40, arg 0x3ffffffbad0[m
[VM 1] [m[37m[  9.949596 0:26 starry_kernel::pseudofs::dev::card1:169] [32mcard1: is_driver_ioctl = true[m
[VM 1] [m[37m[  9.949608 0:26 starry_kernel::pseudofs::dev::card1:364] [32mrknpu_driver_ioctl: op = Action[m
[VM 1] [m[37m[  9.949620 0:26 starry_kernel::pseudofs::dev::card1:587] [32mrknpu action ioctl[m
[VM 1] [m[37m[  9.949631 0:26 starry_kernel::pseudofs::dev::card1:597] [32mrknpu action ioctl: flags = GetIommuEn, value = 0[m
[VM 1] [m[37m[  9.949655 0:26 starry_kernel::pseudofs::dev::card1:606] [33mrknpu action ioctl[9]: flags=GetIommuEn value_in=0 result=Ok(0) value_out=0[m
[VM 1] [m[37m[  9.949676 0:26 starry_kernel::pseudofs::dev::card1:166] [32mcard1: cmd 0xc0306442, nr 0x42, arg 0x3ffffff9850[m
[VM 1] [m[37m[  9.949838 0:26 starry_kernel::pseudofs::dev::card1:169] [32mcard1: is_driver_ioctl = true[m
[VM 1] [m[37m[  9.949849 0:26 starry_kernel::pseudofs::dev::card1:364] [32mrknpu_driver_ioctl: op = MemCreate[m
[VM 1] [m[37m[  9.949860 0:26 starry_kernel::pseudofs::dev::card1:431] [32mrknpu mem_create ioctl[m
[VM 1] [m[37m[  9.949871 0:26 starry_kernel::pseudofs::dev::card1:442] [33mrknpu mem_create ioctl[3]: flags=0x402 size=1228800 core_mask=0x1[m
[VM 1] [m[37m[  9.951424 0:26 starry_kernel::pseudofs::dev::card1:453] [33mrknpu mem_create ioctl[3] done: handle=4 flags=0x402 size=1228800 sram_size=1228800 obj_addr=0xffff00008ee00000 dma_addr=0x8ee00000 iommu_domain_id=0 core_mask=0x1 elapsed_us=1539[m
[VM 1] [m[37m[  9.951454 0:26 starry_kernel::pseudofs::dev::card1:166] [32mcard1: cmd 0xc008640a, nr 0xa, arg 0x3ffffffab40[m
[VM 1] [m[37m[  9.951467 0:26 starry_kernel::pseudofs::dev::card1:169] [32mcard1: is_driver_ioctl = false[m
[VM 1] [m[37m[  9.951479 0:26 starry_kernel::pseudofs::dev::card1:648] [32mdrm_gem_flink_ioctl called: DrmGemFlink {
[VM 1]     handle: 4,
[VM 1]     name: 0,
[VM 1] }[m
[VM 1] [m[37m[  9.951503 0:26 starry_kernel::pseudofs::dev::card1:166] [32mcard1: cmd 0xc00c642d, nr 0x2d, arg 0x3ffffffb180[m
[VM 1] [m[37m[ 10.155237 0:26 starry_kernel::pseudofs::dev::card1:166] [32mcard1: cmd 0xc0206445, nr 0x45, arg 0x3ffffffbfb0[VM 1] [m[37m[ 10.155258 0:26 starry_kernel::pseudofs::dev::card1:169] [32mcard1: is_driver_ioctl = true[m
[VM 1] [m[37m[ 10.155270 0:26 starry_kernel::pseudofs::dev::card1:364] [32mrknpu_driver_ioctl: op = MemSync[m
[VM 1] [m[37m[ 10.155281 0:26 starry_kernel::pseudofs::dev::card1:540] [33mrknpu mem_sync ioctl[15]: flags=0x1 obj_addr=0xffff00008dc00000 offset=3216704 size=901056[m
[VM 1] [m[37m[ 10.155293 0:26 starry_kernel::pseudofs::dev::card1:546] [32mrknpu mem_sync ioctl RknpuMemSync {
[VM 1]     flags: 0x1,
[VM 1]     reserved: 0x0,
[VM 1]     obj_addr: 0xffff00008dc00000,
[VM 1]     offset: 0x311540,
[VM 1]     size: 0xdbfc0,
[VM 1] }[m
[VM 1] [m[37m[ 10.155405 0:26 starry_kernel::pseudofs::dev::card1:553] [33mrknpu mem_sync ioctl[15] done: flags=0x1 offset=3216704 size=901056 elapsed_us=91[m
[VM 1] [m[37m[ 10.155436 0:26 starry_kernel::pseudofs::dev::card1:166] [32mcard1: cmd 0xc0206445, nr 0x45, arg 0x3ffffff9540[m
[VM 1] [m[37m[ 10.155448 0:26 starry_kernel::pseudofs::dev::card1:169] [32mcard1: is_driver_ioctl = true[m
[VM 1] [m[37m[ 10.155458 0:26 starry_kernel::pseudofs::dev::card1:364] [32mrknpu_driver_ioctl: op = MemSync[m
[VM 1] [m[37m[ 10.155469 0:26 starry_kernel::pseudofs::dev::card1:540] [33mrknpu mem_sync ioctl[16]: flags=0x1 obj_addr=0xffff00008ee00000 offset=0 size=1228800[m
[VM 1] [m[37m[ 10.155481 0:26 starry_kernel::pseudofs::dev::card1:546] [32mrknpu mem_sync ioctl RknpuMemSync {
[VM 1]     flags: 0x1,
[VM 1]     reserved: 0x0,
[VM 1]     obj_addr: 0xffff00008ee00000,
[VM 1]     offset: 0x0,
[VM 1]     size: 0x12c000,
[VM 1] }[m
[VM 1] [m[37m[ 10.155610 0:26 starry_kernel::pseudofs::dev::card1:553] [33mrknpu mem_sync ioctl[16] done: flags=0x1 offset=0 size=1228800 elapsed_us=110[m
[VM 1] [m[37m[ 10.319175 0:26 starry_kernel::pseudofs::dev::card1:166] [32mcard1: cmd 0xc0206445, nr 0x45, arg 0x3ffffff8fe0[m
[VM 1] [m[37m[ 10.319196 0:26 starry_kernel::pseudofs::dev::card1:169] [32mcard1: is_driver_ioctl = true[m
[VM 1] [m[37m[ 10.319207 0:26 starry_kernel::pseudofs::dev::card1:364] [32mrknpu_driver_ioctl: op = MemSync[m
[VM 1] [m[37m[ 10.319219 0:26 starry_kernel::pseudofs::dev::card1:540] [33mrknpu mem_sync ioctl[17]: flags=0x1 obj_addr=0xffff00008dc00000 offset=3216704 size=901056[m
[VM 1] [m[37m[ 10.319232 0:26 starry_kernel::pseudofs::dev::card1:546] [32mrknpu mem_sync ioctl RknpuMemSync {
[VM 1]     flags: 0x1,
[VM 1]     reserved: 0x0,
[VM 1]     obj_addr: 0xffff00008dc00000,
[VM 1]     offset: 0x311540,
[VM 1]     size: 0xdbfc0,
[VM 1] }[m
[VM 1] [m[37m[ 10.319337 0:26 starry_kernel::pseudofs::dev::card1:553] [33mrknpu mem_sync ioctl[17] done: flags=0x1 offset=3216704 size=901056 elapsed_us=85[m
[VM 1] [m[37m[ 10.319358 0:26 starry_kernel::pseudofs::dev::card1:166] [32mcard1: cmd 0xc0686441, nr 0x41, arg 0x3ffffff93c0[m
[VM 1] [m[37m[ 10.319370 0:26 starry_kernel::pseudofs::dev::card1:169] [32mcard1: is_driver_ioctl = true[m
[VM 1] [m[37m[ 10.319381 0:26 starry_kernel::pseudofs::dev::card1:364] [32mrknpu_driver_ioctl: op = Submit[m
[VM 1] [m[37m[ 10.319392 0:26 starry_kernel::pseudofs::dev::card1:375] [33mrknpu submit ioctl[0]: flags=0x1 timeout=6000 task_start=632 task_number=30 task_counter=0 core_mask=0x1 task_obj_addr=0xffff00008dae0000 task_base_addr=0x0 subcore_task=[RknpuSubcoreTask { task_start: 632, task_number: 30 }, RknpuSubcoreTask { task_start: 921, task_number: 0 }, RknpuSubcoreTask { task_start: 996, task_number: 0 }, RknpuSubcoreTask { task_start: 0, task_number: 0 }, RknpuSubcoreTask { task_start: 0, task_number: 0 }][m
[VM 1] [m[37m[ 10.319424 0:26 starry_kernel::pseudofs::dev::card1:390] [32mrknpu submit ioctl RknpuSubmit {
[VM 1]     flags: 0x1,
[VM 1]     timeout: 0x1770,
[VM 1]     task_start: 0x278,
[VM 1]     task_number: 0x1e,
[VM 1]     task_counter: 0x0,
[VM 1]     priority: 0x0,
[VM 1]     task_obj_addr: 0xffff00008dae0000,
[VM 1]     iommu_domain_id: 0x0,
[VM 1]     reserved: 0x0,
[VM 1]     task_base_addr: 0x0,
[VM 1]     hw_elapse_time: 0x0,
[VM 1]     core_mask: 0x1,
[VM 1]     fence_fd: 0xffffffff,
[VM 1]     subcore_task: [
[VM 1]         RknpuSubcoreTask {
[VM 1]             task_start: 0x278,
[VM 1]             task_number: 0x1e,
[VM 1]         },
[VM 1]         RknpuSubcoreTask {
[VM 1]             task_start: 0x399,
[VM 1]             task_number: 0x0,
[VM 1]         },
[VM 1]         RknpuSubcoreTask {
[VM 1]             task_start: 0x3e4,
[VM 1]             task_number: 0x0,
[VM 1]         },
[VM 1]         RknpuSubcoreTask {
[VM 1]             task_start: 0x0,
[VM 1]             task_number: 0x0,
[VM 1]         },
[VM 1]         RknpuSubcoreTask {
[VM 1]             task_start: 0x0,
[VM 1]             task_number: 0x0,
[VM 1]         },
[VM 1]     ],
[VM 1] }[m
[VM 1] [m[37m[ 10.455078 0:26 starry_kernel::pseudofs::dev::card1:166] [32mcard1: cmd 0xc0686441, nr 0x41, arg 0x3ffffff93c0[m
[VM 1] [m[37m[ 10.455094 0:26 starry_kernel::pseudofs::dev::card1:169] [32mcard1: is_driver_ioctl = true[m
[VM 1] [m[37m[ 10.455105 0:26 starry_kernel::pseudofs::dev::card1:364] [32mrknpu_driver_ioctl: op = Submit[m
[VM 1] [m[37m[ 10.455116 0:26 starry_kernel::pseudofs::dev::card1:390] [32mrknpu submit ioctl RknpuSubmit {
[VM 1]     flags: 0x5,
[VM 1]     timeout: 0x1770,
[VM 1]     task_start: 0x35a,
[VM 1]     task_number: 0x9,
[VM 1]     task_counter: 0x0,
[VM 1]     priority: 0x0,
[VM 1]     task_obj_addr: 0xffff00008dae0000,
[VM 1]     iommu_domain_id: 0x0,
[VM 1]     reserved: 0x0,
[VM 1]     task_base_addr: 0x0,
[VM 1]     hw_elapse_time: 0x0,
[VM 1]     core_mask: 0x7,
[VM 1]     fence_fd: 0xffffffff,
[VM 1]     subcore_task: [
[VM 1]         RknpuSubcoreTask {
[VM 1]             task_start: 0x314,
[VM 1]             task_number: 0x3,
[VM 1]         },
[VM 1]         RknpuSubcoreTask {
[VM 1]             task_start: 0x3bc,
[VM 1]             task_number: 0x3,
[VM 1]         },
[VM 1]         RknpuSubcoreTask {
[VM 1]             task_start: 0x314,
[VM 1]             task_number: 0x3,
[VM 1]         },
[VM 1]         RknpuSubcoreTask {
[VM 1]             task_start: 0x3bc,
[VM 1]             task_number: 0x3,
[VM 1]         },
[VM 1]         RknpuSubcoreTask {
[VM 1]             task_start: 0x407,
[VM 1]             task_number: 0x3,
[VM 1]         },
[VM 1]     ],
[VM 1] }[m
[VM 1] [m[37m[ 10.455375 0:26 starry_kernel::pseudofs::dev::card1:166] [32mcard1: cmd 0xc0686441, nr 0x41, arg 0x3ffffff93c0[m
[VM 1] [m[37m[ 10.961170 0:26 starry_kernel::pseudofs::dev::card1:166] [32mcard1: cmd 0xc0206445, nr 0x45, arg 0x3ffffff9540[m
[VM 1] [m[37m[ 10.961202 0:26 starry_kernel::pseudofs::dev::card1:169] [32mcard1: is_driver_ioctl = true[m
[VM 1] [m[37m[ 10.961214 0:26 starry_kernel::pseudofs::dev::card1:364] [32mrknpu_driver_ioctl: op = MemSync[m
[VM 1] [m[37m[ 10.961227 0:26 starry_kernel::pseudofs::dev::card1:546] [32mrknpu mem_sync ioctl RknpuMemSync {
[VM 1]     flags: 0x1,
[VM 1]     reserved: 0x0,
[VM 1]     obj_addr: 0xffff00008ee00000,
[VM 1]     offset: 0x0,
[VM 1]     size: 0x12c000,
[VM 1] }[m
[VM 1] [m[37m[ 10.961447 0:26 starry_kernel::pseudofs::dev::card1:166] [32mcard1: cmd 0xc0206445, nr 0x45, arg 0x3ffffff8fe0[m
[VM 1] [m[37m[ 10.961462 0:26 starry_kernel::pseudofs::dev::card1:169] [32mcard1: is_driver_ioctl = true[m
[VM 1] [m[37m[ 10.961473 0:26 starry_kernel::pseudofs::dev::card1:364] [32mrknpu_driver_ioctl: op = MemSync[m
[VM 1] [m[37m[ 10.961484 0:26 starry_kernel::pseudofs::dev::card1:546] [32mrknpu mem_sync ioctl RknpuMemSync {
[VM 1]     flags: 0x1,
[VM 1]     reserved: 0x0,
[VM 1]     obj_addr: 0xffff00008dc00000,
[VM 1]     offset: 0x311540,
[VM 1]     size: 0xdbfc0,
[VM 1] }[m
[VM 1] [m[37m[ 10.961596 0:26 starry_kernel::pseudofs::dev::card1:166] [32mcard1: cmd 0xc0686441, nr 0x41, arg 0x3ffffff93c0[VM 1] [m[37m[ 10.961609 0:26 starry_kernel::pseudofs::dev::card1:169] [32mcard1: is_driver_ioctl = true[m
[VM 1] [m[37m[ 10.961619 0:26 starry_kernel::pseudofs::dev::card1:364] [32mrknpu_driver_ioctl: op = Submit[m
[VM 1] [m[37m[ 10.961631 0:26 starry_kernel::pseudofs::dev::card1:390] [32mrknpu submit ioctl RknpuSubmit {
[VM 1]     flags: 0x1,
[VM 1]     timeout: 0x1770,
[VM 1]     task_start: 0x278,
[VM 1]     task_number: 0x1e,
[VM 1]     task_counter: 0x0,
[VM 1]     priority: 0x0,
[VM 1]     task_obj_addr: 0xffff00008dae0000,
[VM 1]     iommu_domain_id: 0x0,
[VM 1]     reserved: 0x0,
[VM 1]     task_base_addr: 0x0,
[VM 1]     hw_elapse_time: 0x0,
[VM 1]     core_mask: 0x1,
[VM 1]     fence_fd: 0xffffffff,
[VM 1]     subcore_task: [
[VM 1]         RknpuSubcoreTask {
[VM 1]             task_start: 0x278,
[VM 1]             task_number: 0x1e,
[VM 1]         },
[VM 1]         RknpuSubcoreTask {
[VM 1]             task_start: 0x399,
[VM 1]             task_number: 0x0,
[VM 1]         },
[VM 1]         RknpuSubcoreTask {
[VM 1]             task_start: 0x3e4,
[VM 1]             task_number: 0x0,
[VM 1]         },
[VM 1]         RknpuSubcoreTask {
[VM 1]             task_start: 0x0,
[VM 1]             task_number: 0x0,
[VM 1]         },
[VM 1]         RknpuSubcoreTask {
[VM 1]             task_start: 0x0,
[VM 1]             task_number: 0x0,
[VM 1]         },
[VM 1]     ],
[VM 1] }[m
[VM 1] [m[37m[ 10.975062 0:26 starry_kernel::pseudofs::dev::card1:166] [32mcard1: cmd 0xc0686441, nr 0x41, arg 0x3ffffff93c0[m
[VM 1] [m[37m[ 11.041732 0:26 starry_kernel::pseudofs::dev::card1:166] [32mcard1: cmd 0xc0686441, nr 0x41, arg 0x3ffffff93c0[m
[VM 1] [m[37m[ 11.041749 0:26 starry_kernel::pseudofs::dev::card1:169] [32mcard1: is_driver_ioctl = true[m
[VM 1] [m[37m[ 11.041760 0:26 starry_kernel::pseudofs::dev::card1:364] [32mrknpu_driver_ioctl: op = Submit[m
[VM 1] [m[37m[ 11.041771 0:26 starry_kernel::pseudofs::dev::card1:390] [32mrknpu submit ioctl RknpuSubmit {
[VM 1]     flags: 0x5,
[VM 1]     timeout: 0x1770,
[VM 1]     task_start: 0x2eb,
[VM 1]     task_number: 0x2,
[VM 1]     task_counter: 0x0,
[VM 1]     priority: 0x0,
[VM 1]     task_obj_addr: 0xffff00008dae0000,
[VM 1]     iommu_domain_id: 0x0,
[VM 1]     reserved: 0x0,
[VM 1]     task_base_addr: 0x0,
[VM 1]     hw_elapse_time: 0x0,
[VM 1]     core_mask: 0x1,
[VM 1]     fence_fd: 0xffffffff,
[VM 1]     subcore_task: [
[VM 1]         RknpuSubcoreTask {
[VM 1]             task_start: 0x2cd,
[VM 1]             [37m[ 11.475898 0:26 starry_kernel::pseudofs::dev::card1:166] [32mcard1: cmd 0xc0206445, nr 0x45, arg 0x3ffffff9540[m
[VM 1] [m[37m[ 11.475928 0:26 starry_kernel::pseudofs::dev::card1:169] [32mcard1: is_driver_ioctl = true[m
[VM 1] [m[37m[ 11.475940 0:26 starry_kernel::pseudofs::dev::card1:364] [32mrknpu_driver_ioctl: op = MemSync[m
[VM 1] [m[37m[ 11.475953 0:26 starry_kernel::pseudofs::dev::card1:546] [32mrknpu mem_sync ioctl RknpuMemSync {
[VM 1]     flags: 0x1,
[VM 1]     reserved: 0x0,
[VM 1]     obj_addr: 0xffff00008ee00000,
[VM 1]     offset: 0x0,
[VM 1]     size: 0x12c000,
[VM 1] }[m
[VM 1] [m[37m[ 11.476173 0:26 starry_kernel::pseudofs::dev::card1:166] [32mcard1: cmd 0xc0206445, nr 0x45, arg 0x3ffffff8fe0[VM 1] [m[37m[ 11.476186 0:26 starry_kernel::pseudofs::dev::card1:169] [32mcard1: is_driver_ioctl = true[m
[VM 1] [m[37m[ 11.476196 0:26 starry_kernel::pseudofs::dev::card1:364] [32mrknpu_driver_ioctl: op = MemSync[m
[VM 1] [m[37m[ 11.476207 0:26 starry_kernel::pseudofs::dev::card1:546] [32mrknpu mem_sync ioctl RknpuMemSync {
[VM 1]     flags: 0x1,
[VM 1]     reserved: 0x0,
[VM 1]     obj_addr: 0xffff00008dc00000,
[VM 1]     offset: 0x311540,
[VM 1]     size: 0xdbfc0,
[VM 1] }[m
[VM 1] [m[37m[ 11.476321 0:26 starry_kernel::pseudofs::dev::card1:166] [32mcard1: cmd 0xc0686441, nr 0x41, arg 0x3ffffff93c0[VM 1] [m[37m[ 11.476333 0:26 starry_kernel::pseudofs::dev::card1:169] [32mcard1: is_driver_ioctl = true[m
[VM 1] [m[37m[ 11.476343 0:26 starry_kernel::pseudofs::dev::card1:364] [32mrknpu_driver_ioctl: op = Submit[m
[VM 1] [m[37m[ 11.476355 0:26 starry_kernel::pseudofs::dev::card1:390] [32mrknpu submit ioctl RknpuSubmit {
[VM 1]     flags: 0x1,
[VM 1]     timeout: 0x1770,
[VM 1]     task_start: 0x278,
[VM 1]     task_number: 0x1e,
[VM 1]     task_counter: 0x0,
[VM 1]     priority: 0x0,
[VM 1]     task_obj_addr: 0xffff00008dae0000,
[VM 1]     iommu_domain_id: 0x0,
[VM 1]     reserved: 0x0,
[VM 1]     task_base_addr: 0x0,
[VM 1]     hw_elapse_time: 0x0,
[VM 1]     core_mask: 0x1,
[VM 1]     fence_fd: 0xffffffff,
[VM 1]     subcore_task: [
[VM 1]         RknpuSubcoreTask {
[VM 1]             task_start: 0x278,
[VM 1]             task_number: 0x1e,
[VM 1]         },
[VM 1]         RknpuSubcoreTask {
[VM 1]             task_start: 0x399,
[VM 1]             task_number: 0x0,
[VM 1]         },
[VM 1]         RknpuSubcoreTask {
[VM 1]             task_start: 0x3e4,
[VM 1]             task_number: 0x0,
[VM 1]         },
[VM 1]         RknpuSubcoreTask {
[VM 1]             task_start: 0x0,
[VM 1]             task_number: 0x0,
[VM 1]         },
[VM 1]         RknpuSubcoreTask {
[VM 1]             task_start: 0x0,
[VM 1]             task_number: 0x0,
[VM 1]         },
[VM 1]     ],
[VM 1] }[m
[VM 1] [m[37m[ 11.542174 0:26 starry_kernel::pseudofs::dev::card1:166] [32mcard1: cmd 0xc0686441, nr 0x41, arg 0x3ffffff93c0[m
[VM 1] [m[37m[ 11.542192 0:26 starry_kernel::pseudofs::dev::card1:169] [32mcard1: is_driver_ioctl = true[m
[VM 1] [m[37m[ 11.542204 0:26 starry_kernel::pseudofs::dev::card1:364] [32mrknpu_driver_ioctl: op = Submit[m
[VM 1] [m[37m[ 11.542215 0:26 starry_kernel::pseudofs::dev::card1:390] [32mrknpu submit ioctl RknpuSubmit {
[VM 1]     flags: 0x5,
[VM 1]     timeout: 0x1770,
[VM 1]     task_start: 0x296,
[VM 1]     task_number: 0x2,
[VM 1]     task_counter: 0x0,
[VM 1]     priority: 0x0,
[VM 1]     task_obj_addr: 0xffff00008dae0000,
[VM 1]     iommu_domain_id: 0x0,
[VM 1]     reserved: 0x0,
[VM 1]     task_base_addr: 0x0,
[VM 1]     hw_elapse_time: 0x0,
[VM 1]     core_mask: 0x1,
[VM 1]     fence_fd: 0xffffffff,
[VM 1]     subcore_task: [
[VM 1]         RknpuSubcoreTask {
[VM 1]             task_start: 0x296,
[VM 1]             task_number: 0x2,
[VM 1]         },
[VM 1]         RknpuSubcoreTask {
[VM 1]             task_start: 0x399,
[VM 1]             task_number: 0x0,
[VM 1]         },
[VM 1]         RknpuSubcoreTask {
[VM 1]             task_start: 0x3e4,
[VM 1]             task_number: 0x0,
[VM 1]         },
[VM 1]         RknpuSubcor[37m[ 11.641906 0:26 starry_kernel::pseudofs::dev::card1:166] [32mcard1: cmd 0xc0206445, nr 0x45, arg 0x3ffffff93b0[m
[VM 1] [m[37m[ 11.641922 0:26 starry_kernel::pseudofs::dev::card1:169] [32mcard1: is_driver_ioctl = true[m
[VM 1] [m[37m[ 11.641933 0:26 starry_kernel::pseudofs::dev::card1:364] [32mrknpu_driver_ioctl: op = MemSync[m
[VM 1] [m[37m[ 11.641945 0:26 starry_kernel::pseudofs::dev::card1:546] [32mrknpu mem_sync ioctl RknpuMemSync {
[VM 1]     flags: 0x2,
[VM 1]     reserved: 0x0,
[VM 1]     obj_addr: 0xffff000089040000,
[VM 1]     offset: 0x0,
[VM 1]     size: 0x25800,
[VM 1] }[m
[VM 1] [m[37m[ 11.851519 0:26 starry_kernel::pseudofs::dev::card1:166] [32mcard1: cmd 0xc0086440, nr 0x40, arg 0x3ffffffe4b0[VM 1] [m[37m[ 11.851535 0:26 starry_kernel::pseudofs::dev::card1:169] [32mcard1: is_driver_ioctl = true[m
[VM 1] [m[37m[ 11.851546 0:26 starry_kernel::pseudofs::dev::card1:364] [32mrknpu_driver_ioctl: op = Action[m
[VM 1] [m[37m[ 11.851558 0:26 starry_kernel::pseudofs::dev::card1:587] [32mrknpu action ioctl[m
[VM 1] [m[37m[ 11.851569 0:26 starry_kernel::pseudofs::dev::card1:597] [32mrknpu action ioctl: flags = PowerOff, value = 0[m
[VM 1] [m[37m[ 11.851589 0:26 rockchip_npu:286] [33mPowerOff operation not yet implemented[m
[VM 1] [m[37m[ 11.985362 0:26 starry_kernel::pseudofs::dev::card1:166] [32mcard1: cmd 0xc0106444, nr 0x44, arg 0x3ffffffe470[VM 1] [m[37m[ 11.985383 0:26 starry_kernel::pseudofs::dev::card1:169] [32mcard1: is_driver_ioctl = true[m
[VM 1] [m[37m[ 11.985395 0:26 starry_kernel::pseudofs::dev::card1:364] [32mrknpu_driver_ioctl: op = MemDestroy[m
[VM 1] [m[37m[ 11.985406 0:26 starry_kernel::pseudofs::dev::card1:528] [32mrknpu mem_destroy ioctl: handle=3[m
[VM 1] [m[37m[ 11.988418 0:26 starry_kernel::pseudofs::dev::card1:166] [32mcard1: cmd 0xc0106444, nr 0x44, arg 0x3ffffffe410[m
[VM 1] [m[37m[ 11.988432 0:26 starry_kernel::pseudofs::dev::card1:169] [32mcard1: is_driver_ioctl = true[m
[VM 1] [m[37m[ 11.988443 0:26 starry_kernel::pseudofs::dev::card1:364] [32mrknpu_driver_ioctl: op = MemDestroy[m
[VM 1] [m[37m[ 11.988453 0:26 starry_kernel::pseudofs::dev::card1:528] [32mrknpu mem_destroy ioctl: handle=2[m
[VM 1] [m[37m[ 11.988647 0:26 starry_kernel::pseudofs::dev::card1:166] [32mcard1: cmd 0xc0106444, nr 0x44, arg 0x3ffffffe3d0[m
[VM 1] [m[37m[ 11.988662 0:26 starry_kernel::pseudofs::dev::card1:169] [32mcard1: is_driver_ioctl = true[m
[VM 1] [m[37m[ 11.988673 0:26 starry_kernel::pseudofs::dev::card1:364] [32mrknpu_driver_ioctl: op = MemDestroy[m
[VM 1] [m[37m[ 11.988683 0:26 starry_kernel::pseudofs::dev::card1:528] [32mrknpu mem_destroy ioctl: handle=1[m
[VM 1] [m[37m[ 12.083992 0:26 starry_kernel::pseudofs::dev::card1:166] [32mcard1: cmd 0xc0106444, nr 0x44, arg 0x3ffffffe400[m
[VM 1] [m[37m[ 12.084009 0:26 starry_kernel::pseudofs::dev::card1:169] [32mcard1: is_driver_ioctl = true[m
[VM 1] [m[37m[ 12.084021 0:26 starry_kernel::pseudofs::dev::card1:364] [32mrknpu_driver_ioctl: op = MemDestroy[m
[VM 1] [m[37m[ 12.084032 0:26 starry_kernel::pseudofs::dev::card1:528] [32mrknpu mem_destroy ioctl: handle=4[m
[VM 1] [m[37m[ 12.084601 0:26 starry_kernel::pseudofs::dev::card1:166] [32mcard1: cmd 0xc0106444, nr 0x44, arg 0x3ffffffe400[m
[VM 1] [m[37m[ 12.084616 0:26 starry_kernel::pseudofs::dev::card1:169] [32mcard1: is_driver_ioctl = true[m
[VM 1] [m[37m[ 12.084627 0:26 starry_kernel::pseudofs::dev::card1:364] [32mrknpu_driver_ioctl: op = MemDestroy[m
[VM 1] [m[37m[ 12.084637 0:26 starry_kernel::pseudofs::dev::card1:528] [32mrknpu mem_destroy ioctl: handle=5[m
[VM 1] [m[37m[ 12.085210 0:26 starry_kernel::pseudofs::dev::card1:166] [32mcard1: cmd 0xc0106444, nr 0x44, arg 0x3ffffffe400[m
[VM 1] [m[37m[ 12.085223 0:26 starry_kernel::pseudofs::dev::card1:169] [32mcard1: is_driver_ioctl = true[m
[VM 1] [m[37m[ 12.085234 0:26 starry_kernel::pseudofs::dev::card1:364] [32mrknpu_driver_ioctl: op = MemDestroy[m
[VM 1] [m[37m[ 12.085245 0:26 starry_kernel::pseudofs::dev::card1:528] [32mrknpu mem_destroy ioctl: handle=6[m
[VM 1] [m[37m[ 12.085530 0:26 starry_kernel::pseudofs::dev::card1:166] [32mcard1: cmd 0xc0106444, nr 0x44, arg 0x3ffffffe400[m
[VM 1] [m[37m[ 12.359414 0:26 starry_kernel::task::ops:348] [32mTask(26, "rknn_yolov8_bench") exit with code: 0[m
[VM 1] [m[37m[ 12.398687 0:26 starry_kernel::task::signal:647] [32mSend signal SIGCHLD to process 2[m
[VM 1] [m[37m[ 12.408275 0:17 starry_kernel::syscall::task::wait:360] [32msys_waitpid <= pid: -1, options: WaitPidOptions(0x0)[m
[VM 1] [m[37m[ 12.408397 0:17 starry_kernel::syscall::task::wait:360] [32msys_waitpid <= pid: -1, options: WaitPidOptions(WNOHANG)[m
[VM 1] [m[37m[ 12.435057 0:27 starry_kernel::task::user:71] [32mEnter user space: ip=0x48653c, sp=0x3fffffff090[m
[VM 1] [m[37m[ 12.461238 0:27 starry_kernel::task::ops:348] [32mTask(27, "busybox") exit with code: 0[m
[VM 1] [m[37m[ 12.472891 0:27 starry_kernel::task::signal:647] [32mSend signal SIGCHLD to process 2[m
[VM 1] [m[37m[ 12.473083 0:17 starry_kernel::syscall::task::wait:360] [32msys_waitpid <= pid: -1, options: WaitPidOptions(0x0)[m
[VM 1] [m[37m[ 12.473181 0:17 starry_kernel::syscall::task::wait:360] [32msys_waitpid <= pid: -1, options: WaitPidOptions(WNO[VM 1] [m[37m[ 12.475377 0:17 starry_kernel::syscall::task::wait:360] [32msys_waitpid <= pid: -1, options: WaitPidOptions(0x0)[m
[VM 1] [m[37m[ 12.519993 0:28 starry_kernel::task::user:71] [32mEnter user space: ip=0x48653c, sp=0x3fffffff2c0[m
[VM 1] [m[37m[ 12.527457 0:28 starry_kernel::task::ops:348] [32mTask(28, "busybox") exit with code: 0[m
[VM 1] [m[37m[ 12.549482 0:28 starry_kernel::task::signal:647] [32mSend signal SIGCHLD to process 2[m
[VM 1] [m[37m[ 12.558977 0:17 starry_kernel::syscall::task::wait:360] [32msys_waitpid <= pid: -1, options: WaitPidOptions(0x0)[m
[VM 1] [m[37m[ 12.559074 0:17 starry_kernel::syscall::task::wait:360] [32msys_waitpid <= pid: -1, options: WaitPidOptions(WNOHANG)[m
[VM 1] [m[37m[ 12.602997 0:17 starry_kernel::syscall::task::wait:360] [32msys_waitpid <= pid: -1, options: WaitPidOptions(0x0)[m
[VM 1] [m[37m[ 12.603110 0:29 starry_kernel::task::user:71] [32mEnter user space: ip=0x48653c, sp=0x3fffffff120[m
[VM 1] [m[37m[ 12.647896 0:29 ax_net::udp:287] [32mUDP socket #0: bound on *:49152[m
[VM 1] [m[37m[ 12.656816 0:8 ax_net::device::ethernet:410] [32meth0: requesting ARP for 10.0.0.2[m
[VM 1] [m[37m[ 12.666759 0:7 ax_net::device::ethernet:490] [32meth0: ARP 10.0.0.2 -> 52-54-00-00-00-02[m
[VM 2] IVC-RTOS-READY bind=10.0.0.2:5500 mac=52:54:00:00:00:02 window_bits=64 ack_loss_drop_every=0 expected_commands=0 expected_protocol_errors=0 expected_vision_decisions=3 exit_after_expected=1
[VM 1] [m[37m[ 12.666936 0:7 ax_net::device::ethernet:565] [32meth0: sending pending IPv4 packet to 10.0.0.2 via 52-54-00-00-00-02[m
[VM 2] IVC-RTOS-READY bind=10.0.0.2:5500 mac=52:54:00:00:00:02 window_bits=64 ack_loss_drop_every=0 expected_commands=0 expected_protocol_errors=0 expected_vision_decisions=3 exit_after_expected=1
[VM 2] IVC-RTOS-VISION frame=1 seq=1 requested=right actual=right state=applied age_at_send_us=2784237 local_apply_us=0
[VM 2] IVC-RTOS-VISION frame=2 seq=2 requested=left actual=left state=applied age_at_send_us=1908583 local_apply_us=0
[VM 2] IVC-RTOS-VISION frame=3 seq=3 requested=hold actual=hold state=applied age_at_send_us=1406206 local_apply_us=0
[VM 2] IVC-RTOS-VISION-RESULT accepted=3 applied=3 duplicates=0 actuator_status_sent=3 acks_sent=3 errors_sent=0 protocol_errors=0
[VM 1] [m[37m[ 12.815536 0:29 starry_kernel::task::ops:348] [32mTask(29, "ivc-vision-controller") exit with code: 0[m
[VM 1] [m[37m[ 12.831289 0:29 starry_kernel::task::signal:647] [32mSend signal SIGCHLD to process 2[m
[VM 1] [m[37m[ 12.840677 0:17 starry_kernel::syscall::task::wait:360] [32msys_waitpid <= pid: -1, options: WaitPidOptions(0x0)[m
[VM 1] [m[37m[ 12.840778 0:17 starry_kernel::syscall::task::wait:360] [32msys_waitpid <= pid: -1, options: WaitPidOptions(WNOHANG)[m
[VM 1] [m[37m[ 12.843207 0:17 starry_kernel::syscall::task::wait:360] [32msys_waitpid <= pid: -1, options: WaitPidOptions(0x0)[m
[VM 1] [m[37m[ 12.879267 0:30 starry_kernel::task::user:71] [32mEnter user space: ip=0x48653c, sp=0x3fffffff2c0[m
[VM 1] [m[37m[ 12.887189 0:30 starry_kernel::task::ops:348] [32mTask(30, "busybox") exit with code: 0[m
[VM 1] [m[37m[ 12.908926 0:30 starry_kernel::task::signal:647] [32mSend signal SIGCHLD to process 2[m
[VM 1] [m[37m[ 12.918824 0:17 starry_kernel::syscall::task::wait:360] [32msys_waitpid <= pid: -1, options: WaitPidOptions(0x0)[m
[VM 1] [m[37m[ 12.918920 0:17 starry_kernel::syscall::task::wait:360] [32msys_waitpid <= pid: -1, options: WaitPidOptions(WNOHANG)[m
[VM 1] [m[37m[ 12.944671 0:31 starry_kernel::task::user:71] [32mEnter user space: ip=0x48653c, sp=0x3fffffff090[m
[VM 1] [m[37m[ 12.951835 0:31 starry_kernel::task::ops:348] [32mTask(31, "busybox") exit with code: 0[m
[VM 1] [m[37m[ 12.973230 0:31 starry_kernel::task::signal:647] [32mSend signal SIGCHLD to process 2[m
[VM 1] [m[37m[ 12.973412 0:17 starry_kernel::syscall::task::wait:360] [32msys_waitpid <= pid: -1, options: WaitPidOptions(0x0)[m
[VM 1] [m[37m[ 12.973499 0:17 starry_kernel::syscall::task::wait:360] [32msys_waitpid <= pid: -1, options: WaitPidOptions(WNOHANG)[m
[VM 1] [m[37m[ 13.008692 0:32 starry_kernel::task::user:71] [32mEnter user space: ip=0x48653c, sp=0x3fffffff090[m
[VM 1] [m[37m[ 13.015546 0:32 starry_kernel::task::ops:348] [32mTask(32, "busybox") exit with code: 0[m
[VM 1] [m[37m[ 13.037236 0:32 starry_kernel::task::signal:647] [32mSend signal SIGCHLD to process 2[m
[VM 1] [m[37m[ 13.037435 0:17 starry_kernel::syscall::task::wait:360] [32msys_waitpid <= pid:[VM 1] [m[37m[ 13.115451 0:33 starry_kernel::task::ops:348] [32mTask(33, "busybox") exit with code: 0[m
[VM 1] [m[37m[ 13.126642 0:33 starry_kernel::task::signal:647] [32mSend signal SIGCHLD to process 2[m
[VM 1] [m[37m[ 13.135936 0:17 starry_kernel::syscall::task::wait:360] [32msys_waitpid <= pid: -1, options: WaitPidOptions(0x0)[m
[VM 1] [m[37m[ 13.136028 0:17 starry_kernel::syscall::task::wait:360] [32msys_waitpid <= pid: -1, options: WaitPidOptions(WNOHANG)[m
[VM 1] [m[37m[ 13.138458 0:17 starry_kernel::syscall::task::wait:360] [32msys_waitpid <= pid: -1, options: WaitPidOptions(0x0)[m
[VM 1] [m[37m[ 13.173516 0:34 starry_kernel::task::user:71] [32mEnter user space: ip=0x48653c, sp=0x3fffffff460[m
[VM 2] IVC-RTOS-VISION-RESULT accepted=3 applied=3 duplicates=0 actuator_status_sent=3 acks_sent=3 errors_sent=0 protocol_errors=0
[VM 2] IVC-RTOS-VISION-POWEROFF accepted=3
[VM 2] IVC-RTOS-VISION-RESULT accepted=3 applied=3 duplicates=0 actuator_status_sent=3 acks_sent=3 errors_sent=0 protocol_errors=0
[VM 2] IVC-RTOS-VISION-POWEROFF accepted=3
[VM 2] IVC-RTOS-VISION-RESULT accepted=3 applied=3 duplicates=0 actuator_status_sent=3 acks_sent=3 errors_sent=0 protocol_errors=0
[VM 2] IVC-RTOS-VISION-POWEROFF accepted=3
[VM 2] IVC-RTOS-VISION-RESULT accepted=3 applied=3 duplicates=0 actuator_status_sent=3 acks_sent=3 errors_sent=0 protocol_errors=0
[VM 2] IVC-RTOS-VISION-POWEROFF accepted=3
[VM 1] [m[37m[ 15.179588 0:34 starry_kernel::task::ops:348] [32mTask(34, "busybox") exit with code: 0[m
[VM 1] [m[37m[ 15.190917 0:34 starry_kernel::task::signal:647] [32mSend signal SIGCHLD to process 2[m
[VM 1] [m[37m[ 15.200461 0:17 starry_kernel::syscall::task::wait:360] [32msys_waitpid <= pid: -1, options: WaitPidOptions(0x0)[m
[VM 1] [m[37m[ 15.200552 0:17 starry_kernel::syscall::task::wait:360] [32msys_waitpid <= pid: -1, options: WaitPidOptions(WNOHANG)[m
[VM 1] [mIVC-STARRY-VISION-BOOT source=fixed-images backend=rknn-npu frames=3 target_class=32 calibration_x=625
[VM 1] [37m[ 15.203261 0:17 starry_kernel::syscall::task::wait:360] [32msys_waitpid <= pid: -1, options: WaitPidOptions(0x0)[[VM 1] [m[37m[ 15.248662 0:35 starry_kernel::task::user:71] [32mEnter user space: ip=0x48653c, sp=0x3ffffffdd70[m
[VM 2] IVC-RTOS-VISION-RESULT accepted=3 applied=3 duplicates=0 actuator_status_sent=3 acks_sent=3 errors_sent=0 protocol_errors=0
[VM 2] IVC-RTOS-VISION-POWEROFF accepted=3
[VM 1] [m[37m[ 15.517494 0:35 starry_kernel::task::ops:348] [32mTask(35, "busybox") exit with code: 0[m
[VM 1] [m[37m[ 15.528860 0:35 starry_kernel::task::signal:647] [32mSend signal SIGCHLD to process 2[m
[VM 1] [m[37m[ 15.538269 0:17 starry_kernel::syscall::task::wait:360] [32msys_waitpid <= pid: -1, options: WaitPidOptions(0x0)[m
[VM 1] [m[37m[ 15.538360 0:17 starry_kernel::syscall::task::wait:360] [32msys_waitpid <= pid: -1, options: WaitPidOptions(WNOHANG)[m
[37m[115.238724 0:24 axvm::runtime::hvc:352] [33mVM[2] PSCI_SYSTEM_OFF[m
[m[37m[115.239337 0:24 axvm::vm:1416] [32mStopping VM[2]: SystemDown[m
[m[37m[1[15.m239I914 V0:C24 -axvSm:TARR:runY-Vtime:ISI:vcpON-Nus:6ET i2p=15] 0.0.0[.1/33m24 pVM[2]eer= VCp10.u[0] stopp0ing becaus.e of VM stopp0ing[m
[m.[37m[115.2241086 0:2:4 axvm::run5time::vcpus:3537] [32mVM[2] last0 vCPU task 0exiting, dec reasing runninsg VM counte[m
[mg[37m[115.242080m 0:24 axvm::reuntime::vcpnus:347] [32mVM[2] state tchanged to =Stopped[m1
[m[37m[115.242808 0:2
4 axvm::runtime::vcpus:6[45] [32mV3M[2] VCpu[0]7 exiting...m[m
[m[ 15.540965 0:17 starry_kernel::syscall::task::wait:360] [32msys_waitpid <= pid: -1, options: WaitPidOptions(0x0)[m
[m[37m[ 15.581478 0:36 starry_kernel::task::user:71] [32mEnter user space: ip=0x48653c, sp=0x3ffffffe0b0[m
[m[37m[ 15.837687 0:36 starry_kernel::task::ops:348] [32mTask(36, "busybox") exit with code: 0[m
[m[37m[ 15.848165 0:36 starry_kernel::task::signal:647] [32mSend signal SIGCHLD to process 2[m
[m[37m[ 15.857106 0:17 starry_kernel::syscall::task::wait:360] [32msys_waitpid <= pid: -1, options: WaitPidOptions(0x0)[m
[m[37m[ 15.857201 0:17 starry_kernel::syscall::task::wait:360] [32msys_waitpid <= pid: -1, options: WaitPidOptions(WNOHANG)[m
[m[37m[ 15.861606 0:17 starry_kernel::syscall::task::wait:360] [32msys_waitpid <= pid: -1, options: WaitPidOptions(0x0)[m
[m[37m[ 15.893687 0:37 starry_kernel::task::user:71] [32mEnter user space: ip=0x48653c, sp=0x3ffffffe2e0[m
[m[37m[ 15.901350 0:38 starry_kernel::task::user:71] [32mEnter user space: ip=0x48653c, sp=0x3ffffffe2e0[m
[m[37m[ 15.921638 0:37 starry_kernel::task::ops:348] [32mTask(37, "busybox") exit with code: 0[m
[m[37m[ 15.932583 0:37 starry_kernel::task::signal:647] [32mSend signal SIGCHLD to process 2[m
[m[37m[ 15.941476 0:17 starry_kernel::syscall::task::wait:360] [32msys_waitpid <= pid: -1, options: WaitPidOptions(0x0)[m
[m[37m[ 15.941571 0:17 starry_kernel::syscall::task::wait:360] [32msys_waitpid <= pid: -1, options: WaitPidOptions(0x0)[m
[mVISION_DECISION_RECORD version=1 frame_id=1 captured_at_us=9778817 inference_finished_at_us=9864500 ttl_us=5000000 requested_action=right safe_action=hold detection_present=1 class_id=32 confidence_q10000=7081 region_id=2 left=479 top=706 right=773 bottom=1010
[37m[ 15.955533 0:38 starry_kernel::syscall::task::wait:360] [32msys_waitpid <= pid: -1, options: WaitPidOptions(0x0)[m
[m[37m[ 16.004233 0:39 starry_kernel::task::user:71] [32mEnter user space: ip=0x48653c, sp=0x3ffffffdcc0[m
[m[37m[ 16.260772 0:39 starry_kernel::task::ops:348] [32mTask(39, "busybox") exit with code: 0[m
[m[37m[ 16.271158 0:39 starry_kernel::task::signal:647] [32mSend signal SIGCHLD to process 4[m
[m[37m[ 16.279415 0:38 starry_kernel::syscall::task::wait:360] [32msys_waitpid <= pid: -1, options: WaitPidOptions(0x0)[m
[m[37m[ 16.279504 0:38 starry_kernel::syscall::task::wait:360] [32msys_waitpid <= pid: -1, options: WaitPidOptions(WNOHANG)[m
[mVISION_DECISION_RECORD version=1 frame_id=2 captured_at_us=10794620 inference_finished_at_us=10882846 ttl_us=5000000 requested_action=left safe_action=hold detection_present=1 class_id=32 confidence_q10000=8591 region_id=1 left=517 top=932 right=730 bottom=1151
[37m[ 16.293358 0:38 starry_kernel::syscall::task::wait:360] [32msys_waitpid <= pid: -1, options: WaitPidOptions(0x0)[m
[m[37m[ 16.340752 0:40 starry_kernel::task::user:71] [32mEnter user space: ip=0x48653c, sp=0x3ffffffdcc0[m
[m[37m[ 16.597195 0:40 starry_kernel::task::ops:348] [32mTask(40, "busybox") exit with code: 0[m
[m[37m[ 16.608027 0:40 starry_kernel::task::signal:647] [32mSend signal SIGCHLD to process 4[m
[m[37m[ 16.617071 0:38 starry_kernel::syscall::task::wait:360] [32msys_waitpid <= pid: -1, options: WaitPidOptions(0x0)[m
[m[37m[ 16.617160 0:38 starry_kernel::syscall::task::wait:360] [32msys_waitpid <= pid: -1, options: WaitPidOptions(WNOHANG)[m
[mVISION_DECISION_RECORD version=1 frame_id=3 captured_at_us=11083542 inference_finished_at_us=11396957 ttl_us=5000000 requested_action=hold safe_action=hold detection_present=0 class_id=65535 confidence_q10000=0 region_id=0 left=0 top=0 right=0 bottom=0
[37m[ 16.630723 0:38 starry_kernel::syscall::task::wait:360] [32msys_waitpid <= pid: -1, options: WaitPidOptions(0x0)[m
[m[37m[ 16.679946 0:41 starry_kernel::task::user:71] [32mEnter user space: ip=0x48653c, sp=0x3ffffffdcc0[m
[m[37m[ 16.936123 0:41 starry_kernel::task::ops:348] [32mTask(41, "busybox") exit with code: 0[m
[m[37m[ 16.946793 0:41 starry_kernel::task::signal:647] [32mSend signal SIGCHLD to process 4[m
[m[37m[ 16.955699 0:38 starry_kernel::syscall::task::wait:360] [32msys_waitpid <= pid: -1, options: WaitPidOptions(0x0)[m
[m[37m[ 16.955787 0:38 starry_kernel::syscall::task::wait:360] [32msys_waitpid <= pid: -1, options: WaitPidOptions(WNOHANG)[m
[m[37m[ 16.979480 0:38 starry_kernel::task::ops:348] [32mTask(38, "busybox") exit with code: 0[m
[m[37m[ 16.990367 0:38 starry_kernel::task::signal:647] [32mSend signal SIGCHLD to process 2[m
[m[37m[ 16.998697 0:17 starry_kernel::syscall::task::wait:360] [32msys_waitpid <= pid: -1, options: WaitPidOptions(0x0)[m
[m[37m[ 16.998785 0:17 starry_kernel::syscall::task::wait:360] [32msys_waitpid <= pid: -1, options: WaitPidOptions(WNOHANG)[m
[m[37m[ 17.001066 0:17 starry_kernel::syscall::task::wait:360] [32msys_waitpid <= pid: -1, options: WaitPidOptions(0x0)[m
[m[37m[ 17.034387 0:42 starry_kernel::task::user:71] [32mEnter user space: ip=0x48653c, sp=0x3ffffffe3f0[m
[mUVC_RKNN_VALIDATE_PASS images=3
[37m[ 17.042352 0:42 starry_kernel::task::ops:348] [32mTask(42, "busybox") exit with code: 0[m
[m[37m[ 17.066135 0:42 starry_kernel::task::signal:647] [32mSend signal SIGCHLD to process 2[m
[m[37m[ 17.074673 0:17 starry_kernel::syscall::task::wait:360] [32msys_waitpid <= pid: -1, options: WaitPidOptions(0x0)[m
[m[37m[ 17.074759 0:17 starry_kernel::syscall::task::wait:360] [32msys_waitpid <= pid: -1, options: WaitPidOptions(WNOHANG)[m
[m[37m[ 17.076891 0:17 starry_kernel::syscall::task::wait:360] [32msys_waitpid <= pid: -1, options: WaitPidOptions(0x0)[m
[m[37m[ 17.109478 0:43 starry_kernel::task::user:71] [32mEnter user space: ip=0x48653c, sp=0x3ffffffe590[m
[m[37m[ 17.365858 0:43 starry_kernel::task::ops:348] [32mTask(43, "busybox") exit with code: 0[m
[m[37m[ 17.376283 0:43 star:task::signal:647] [32mSend signal SIGCHLD to process 2[m
[m[37m[ 17.385050 0:17 starry_kernel::syscall::task::wait:360] [32msys_waitpid <= pid: -1, options: WaitPidOptions(0x0)[m
[m[37m[ 17.385134 0:17 starry_kernel::syscall::task::wait:360] [32msys_waitpid <= pid: -1, options: WaitPidOptions(WNOHANG)[m
[mVISION_CLOSED_LOOP_BEGIN peer=10.0.0.2:5500 frames=3 session_id=1447646030
[37m[ 17.391388 0:17 starry_kernel::syscall::task::wait:360] [32msys_waitpid <= pid: -1, options: WaitPidOptions(0x0)[m
[m[37m[ 17.430206 0:44 starry_kernel::task::user:71] [32mEnter user space: ip=0x48653c, sp=0x3ffffffe220[m
[m[37m[ 17.686459 0:44 starry_kernel::task::ops:348] [32mTask(44, "busybox") exit with code: 0[m
[m[37m[ 17.696945 0:44 starry_kernel::task::signal:647] [32mSend signal SIGCHLD to process 2[m
[m[37m[ 17.705775 0:17 starry_kernel::syscall::task::wait:360] [32msys_waitpid <= pid: -1, options: WaitPidOptions(0x0)[m
[m[37m[ 17.705868 0:17 starry_kernel::syscall::task::wait:360] [32msys_waitpid <= pid: -1, options: WaitPidOptions(WNOHANG)[m
[mVISION_CLOSED_LOOP_EVENT frame=1 detection=1 class_id=32 confidence_q10000=7081 bbox=479,706,773,1010 requested=right actual=right state=applied inference_to_send_us=2784237 transport_us=142569 end_to_end_us=3012489 retries=0
[37m[ 17.718657 0:17 starry_kernel::syscall::task::wait:360] [32msys_waitpid <= pid: -1, options: WaitPidOptions(0x0)[m
[m[37m[ 17.760785 0:45 starry_kernel::task::user:71] [32mEnter user space: ip=0x48653c, sp=0x3ffffffe220[m
[m[37m[ 18.017028 0:45 starry_kernel::task::ops:348] [32mTask(45, "busybox") exit with code: 0[m
[m[37m[ 18.027864 0:45 starry_kernel::task::signal:647] [32mSend signal SIGCHLD to process 2[m
[m[37m[ 18.036566 0:17 starry_kernel::syscall::task::wait:360] [32msys_waitpid <= pid: -1, options: WaitPidOptions(0x0)[m
[m[37m[ 18.036651 0:17 starry_kernel::syscall::task::wait:360] [32msys_waitpid <= pid: -1, options: WaitPidOptions(WNOHANG)[m
[mVISION_CLOSED_LOOP_EVENT frame=2 detection=1 class_id=32 confidence_q10000=8591 bbox=517,932,730,1151 requested=left actual=left state=applied inference_to_send_us=1908583 transport_us=11619 end_to_end_us=2008428 retries=0
[37m[ 18.049449 0:17 starry_kernel::syscall::task::wait:360] [32msys_waitpid <= pid: -1, options: WaitPidOptions(0x0)[m
[m[37m[ 18.093121 0:46 starry_kernel::task::user:71] [32mEnter user space: ip=0x48653c, sp=0x3ffffffe220[m
[m[37m[ 18.349942 0:46 starry_kernel::task::ops:348] [32mTask(46, "busybox") exit with code: 0[m
[m[37m[ 18.360954 0:46 starry_kernel::task::signal:647] [32mSend signal SIGCHLD to process 2[m
[m[37m[ 18.369193 0:17 starry_kernel::syscall::task::wait:360] [32msys_waitpid <= pid: -1, options: WaitPidOptions(0x0)[m
[m[37m[ 18.369285 0:17 starry_kernel::syscall::task::wait:360] [32msys_waitpid <= pid: -1, options: WaitPidOptions(WNOHANG)[m
[mVISION_CLOSED_LOOP_EVENT frame=3 detection=0 class_id=65535 confidence_q10000=0 bbox=0,0,0,0 requested=hold actual=hold state=applied inference_to_send_us=1406206 transport_us=11786 end_to_end_us=1731407 retries=0
[37m[ 18.381783 0:17 starry_kernel::syscall::task::wait:360] [32msys_waitpid <= pid: -1, options: WaitPidOptions(0x0)[m
[m[37m[ 18.429863 0:47 starry_kernel::task::user:71] [32mEnter user space: ip=0x48653c, sp=0x3ffffffe220[m
[m[37m[ 18.686282 0:47 starry_kernel::task::ops:348] [32mTask(47, "busybox") exit with code: 0[m
[m[37m[ 18.696882 0:47 starry_kernel::task::signal:647] [32mSend signal SIGCHLD to process 2[m
[m[37m[ 18.705450 0:17 starry_kernel::syscall::task::wait:360] [32msys_waitpid <= pid: -1, options: WaitPidOptions(0x0)[m
[m[37m[ 18.705535 0:17 starry_kernel::syscall::task::wait:360] [32msys_waitpid <= pid: -1, options: WaitPidOptions(WNOHANG)[m
[mVISION_CLOSED_LOOP_DONE frames=3 applied=3 errors=0
[37m[ 18.710376 0:17 starry_kernel::syscall::task::wait:360] [32msys_waitpid <= pid: -1, options: WaitPidOptions(0x0)[m
[m[37m[ 18.747239 0:48 starry_kernel::task::user:71] [32mEnter user space: ip=0x48653c, sp=0x3ffffffe220[m
[m[37m[ 19.003910 0:48 starry_kernel::task::ops:348] [32mTask(48, "busybox") exit with code: 0[m
[m[37m[ 19.014832 0:48 starry_kernel::task::signal:647] [32mSend signal SIGCHLD to process 2[m
[m[37m[ 19.023699 0:17 starry_kernel::syscall::task::wait:360] [32msys_waitpid <= pid: -1, options: WaitPidOptions(0x0)[m
[m[37m[ 19.023792 0:17 starry_kernel::syscall::task::wait:360] [32msys_waitpid <= pid: -1, options: WaitPidOptions(WNOHANG)[m
[mIVC-STARRY-VISION-RUNNER-SHA256 sha256=fb819573a0a5544f7d50930ac9213cd75e5328fabc3b911747a3e44f8987c39e
[37m[ 19.026199 0:17 starry_kernel::syscall::task::wait:360] [32msys_waitpid <= pid: -1, options: WaitPidOptions(0x0)[m
[m[37m[ 19.068629 0:49 starry_kernel::task::user:71] [32mEnter user space: ip=0x48653c, sp=0x3ffffffea70[m
[m[37m[ 19.325012 0:49 starry_kernel::task::ops:348] [32mTask(49, "busybox") exit with code: 0[m
[m[37m[ 19.335477 0:49 starry_kernel::task::signal:647] [32mSend signal SIGCHLD to process 2[m
[m[37m[ 19.344211 0:17 starry_kernel::syscall::task::wait:360] [32msys_waitpid <= pid: -1, options: WaitPidOptions(0x0)[m
[m[37m[ 19.344296 0:17 starry_kernel::syscall::task::wait:360] [32msys_waitpid <= pid: -1, options: WaitPidOptions(WNOHANG)[m
[mIVC-STARRY-VISION-CONTROLLER-SHA256 sha256=8ef70375298a6f0d8218ac701cb4e16153ef5ac3832b4c23556227089693ae70
[37m[ 19.346559 0:17 starry_kernel::syscall::task::wait:360] [32msys_waitpid <= pid: -1, options: WaitPidOptions(0x0)[m
[m[37m[ 19.388838 0:50 starry_kernel::task::user:71] [32mEnter user space: ip=0x48653c, sp=0x3ffffffedb0[m
[m[37m[ 19.645205 0:50 starry_kernel::task::ops:348] [32mTask(50, "busybox") exit with code: 0[m
[m[37m[ 19.655594 0:50 starry_kernel::task::signal:647] [32mSend signal SIGCHLD to process 2[m
[m[37m[ 19.664439 0:17 starry_kernel::syscall::task::wait:360] [32msys_waitpid <= pid: -1, options: WaitPidOptions(0x0)[m
[m[37m[ 19.664531 0:17 starry_kernel::syscall::task::wait:360] [32msys_waitpid <= pid: -1, options: WaitPidOptions(WNOHANG)[m
[m[37m[ 19.666946 0:17 starry_kernel::syscall::task::wait:360] [32msys_waitpid <= pid: -1, options: WaitPidOptions(0x0)[m
[m[37m[ 19.700520 0:51 starry_kernel::task::user:71] [32mEnter user space: ip=0x48653c, sp=0x3fffffff0f0[m
[m[37m[ 20.706421 0:51 starry_kernel::task::ops:348] [32mTask(51, "busybox") exit with code: 0[m
[m[37m[ 20.717181 0:51 starry_kernel::task::signal:647] [32mSend signal SIGCHLD to process 2[m
[m[37m[ 20.726074 0:17 starry_kernel::syscall::task::wait:360] [32msys_waitpid <= pid: -1, options: WaitPidOptions(0x0)[m
[m[37m[ 20.726159 0:17 starry_kernel::syscall::task::wait:360] [32msys_waitpid <= pid: -1, options: WaitPidOptions(WNOHANG)[m
[mIVC-STARRY-VISION-BOOT source=fixed-images backend=rknn-npu frames=3 target_class=32 calibration_x=625
[37m[ 20.728459 0:17 starry_kernel::syscall::task::wait:360] [32msys_waitpid <= pid: -1, options: WaitPidOptions(0x0)[m
[m[37m[ 20.770624 0:52 starry_kernel::task::user:71] [32mEnter user space: ip=0x48653c, sp=0x3ffffffdd70[m
[m[37m[ 21.027022 0:52 starry_kernel::task::ops:348] [32mTask(52, "busybox") exit with code: 0[m
[m[37m[ 21.037431 0:52 starry_kernel::task::signal:647] [32mSend signal SIGCHLD to process 2[m
[m[37m[ 21.046294 0:17 starry_kernel::syscall::task::wait:360] [32msys_waitpid <= pid: -1, options: WaitPidOptions(0x0)[m
[m[37m[ 21.046387 0:17 starry_kernel::syscall::task::wait:360] [32msys_waitpid <= pid: -1, options: WaitPidOptions(WNOHANG)[m
[mIVC-STARRY-VISION-NET ip=10.0.0.1/24 peer=10.0.0.2:5500 segment=1
[37m[ 21.048738 0:17 starry_kernel::syscall::task::wait:360] [32msys_waitpid <= pid: -1, options: WaitPidOptions(0x0)[m
[m[37m[ 21.086922 0:53 starry_kernel::task::user:71] [32mEnter user space: ip=0x48653c, sp=0x3ffffffe0b0[m
[m[37m[ 21.343585 0:53 starry_kernel::task::ops:348] [32mTask(53, "busybox") exit with code: 0[m
[m[37m[ 21.354466 0:53 starry_kernel::task::signal:647] [32mSend signal SIGCHLD to process 2[m
[m[37m[ 21.363170 0:17 starry_kernel::syscall::task::wait:360] [32msys_waitpid <= pid: -1, options: WaitPidOptions(0x0)[m
[m[37m[ 21.363255 0:17 starry_kernel::syscall::task::wait:360] [32msys_waitpid <= pid: -1, options: WaitPidOptions(WNOHANG)[m
[m[37m[ 21.367602 0:17 starry_kernel::syscall::task::wait:360] [32msys_waitpid <= pid: -1, options: WaitPidOptions(0x0)[m
[m[37m[ 21.401225 0:54 starry_kernel::task::user:71] [32mEnter user space: ip=0x48653c, sp=0x3ffffffe2e0[m
[m[37m[ 21.409126 0:54 starry_kernel::task::ops:348] [32mTask(54, "busybox") exit with code: 0[m
[m[37m[ 21.409192 0:55 starry_kernel::task::user:71] [32mEnter user space: ip=0x48653c, sp=0x3ffffffe2e0[m
[mVISION_DECISION_RECORD version=1 frame_id=1 captured_at_us=9778817 inference_finished_at_us=9864500 ttl_us=5000000 requested_action=right safe_action=hold detection_present=1 class_id=32 confidence_q10000=7081 region_id=2 left=479 top=706 right=773 bottom=1010
[37m[ 21.423331 0:55 starry_kernel::syscall::task::wait:360] [32msys_waitpid <= pid: -1, options: WaitPidOptions(0x0)[m
[m[37m[ 21.473290 0:54 starry_kernel::task::signal:647] [32mSend signal SIGCHLD to process 2[m
[m[37m[ 21.473397 0:56 starry_kernel::task::user:71] [32mEnter user space: ip=0x48653c, sp=0x3ffffffdcc0[m
[m[37m[ 21.508634 0:17 starry_kernel::syscall::task::wait:360] [32msys_waitpid <= pid: -1, options: WaitPidOptions(0x0)[m
[m[37m[ 21.508751 0:17 starry_kernel::syscall::task::wait:360] [32msys_waitpid <= pid: -1, options: WaitPidOptions(0x0)[m
[m[37m[ 21.729864 0:56 starry_kernel::task::ops:348] [32mTask(56, "busybox") exit with code: 0[m
[m[37m[ 21.740365 0:56 starry_kernel::task::signal:647] [32mSend signal SIGCHLD to process 4[m
[m[37m[ 21.748949 0:55 starry_kernel::syscall::task::wait:360] [32msys_waitpid <= pid: -1, options: WaitPidOptions(0x0)[m
[mction=hold detection_present=1 class_id=32 confidence_q10000=8591 region_id=1 left=517 top=932 right=730 bottom=1151
[37m[ 21.762890 0:55 starry_kernel::syscal::task::wait:360] [32msys_waitpid <= pid: -1, options: WaitPidOptions(0x0)[m
[m[37m[ 21.812575 0:57 starry_kernel::task::user:71] [32mEnter user space: ip=0x48653c, sp=0x3ffffffdcc0[m
[m[37m[ 22.069017 0:57 starry_kernel::task::ops:348] [32mTask(57, "busybox") exit with code: 0[m
[m[37m[ 22.080000 0:57 starry_kernel::task::signal:647] [32mSend signal SIGCHLD to process 4[m
[m[37m[ 22.088287 0:55 starry_kernel::syscall::task::wait:360] [32msys_waitpid <= pid: -1, options: WaitPidOptions(0x0)[m
[m[37m[ 22.088375 0:55 starry_kernel::syscall::task::wait:360] [32msys_waitpid <= pid: -1, options: WaitPidOptions(WNOHANG)[m
[mVISION_DECISION_RECORD version=1 frame_id=3 captured_at_us=11083542 inference_finished_at_us=11396957 ttl_us=5000000 requested_action=hold safe_action=hold detection_present=0 class_id=65535 confidence_q10000=0 region_id=0 left=0 top=0 right=0 bottom=0
[37m[ 22.101922 0:55 starry_kernel::syscall::task::wait:360] [32msys_waitpid <= pid: -1, options: WaitPidOptions(0x0)[m
[m[37m[ 22.150473 0:58 starry_kernel::task::user:71] [32mEnter user space: ip=0x48653c, sp=0x3ffffffdcc0[m
[m[37m[ 22.406691 0:58 starry_kernel::task::ops:348] [32mTask(58, "busybox") exit with code: 0[m
[m[37m[ 22.417376 0:58 starry_kernel::task::signal:647] [32mSend signal SIGCHLD to process 4[m
[m[37m[ 22.426363 0:55 starry_kernel::syscall::task::wait:360] [32msys_waitpid <= pid: -1, options: WaitPidOptions(0x0)[m
[m[37m[ 22.426450 0:55 starry_kernel::syscall::task::wait:360] [32msys_waitpid <= pid: -1, options: WaitPidOptions(WNOHANG)[m
[m[37m[ 22.426743 0:55 starry_kernel::task::ops:348] [32mTask(55, "busybox") exit with code: 0[m
[m[37m[ 22.460844 0:55 starry_kernel::task::signal:647] [32mSend signal SIGCHLD to process 2[m
[m[37m[ 22.469178 0:17 starry_kernel::syscall::task::wait:360] [32msys_waitpid <= pid: -1, options: WaitPidOptions(0x0)[m
[m[37m[ 22.469265 0:17 starry_kernel::syscall::task::wait:360] [32msys_waitpid <= pid: -1, options: WaitPidOptions(WNOHANG)[m
[m[37m[ 22.471659 0:17 starry_kernel::syscall::task::wait:360] [32msys_waitpid <= pid: -1, options: WaitPidOptions(0x0)[m
[m[37m[ 22.505280 0:59 starry_kernel::task::user:71] [32mEnter user space: ip=0x48653c, sp=0x3ffffffe3f0[m
[mUVC_RKNN_VALIDATE_PASS images=3
[37m[ 22.513272 0:59 starry_kernel::task::ops:348] [32mTask(59, "busybox") exit with code: 0[m
[m[37m[ 22.536615 0:59 starry_kernel::task::signal:647] [32mSend signal SIGCHLD to process 2[m
[m[37m[ 22.545184 0:17 starry_kernel::syscall::task::wait:360] [32msys_waitpid <= pid: -1, options: WaitPidOptions(0x0)[m
[m[37m[ 22.545271 0:17 starry_kernel::syscall::task::wait:360] [32msys_waitpid <= pid: -1, options: WaitPidOptions(WNOHANG)[m
[m[37m[ 22.547427 0:17 starry_kernel::syscall::task::wait:360] [32msys_waitpid <= pid: -1, options: WaitPidOptions(0x0)[m
[m[37m[ 22.580183 0:60 starry_kernel::task::user:71] [32mEnter user space: ip=0x48653c, sp=0x3ffffffe590[m
[m[37m[ 22.836432 0:60 starry_kernel::task::ops:348] [32mTask(60, "busybox") exit with code: 0[m
[m[37m[ 22.846880 0:60 starry_kernel::task::signal:647] [32mSend signal SIGCHLD to process 2[m
[m[37m[ 22.855713 0:17 starry_kernel::syscall::task::wait:360] [32msys_waitpid <= pid: -1, options: WaitPidOptions(0x0)[m
[m[37m[ 22.855799 0:17 starry_kernel::syscall::task::wait:360] [32msys_waitpid <= pid: -1, options: WaitPidOptions(WNOHANG)[m
[mVISION_CLOSED_LOOP_BEGIN peer=10.0.0.2:5500 frames=3 session_id=1447646030
[37m[ 22.862014 0:17 starry_kernel::syscall::task::wait:360] [32msys_waitpid <= pid: -1, options: WaitPidOptions(0x0)[m
[m[37m[ 22.900946 0:61 starry_kernel::task::user:71] [32mEnter user space: ip=0x48653c, sp=0x3ffffffe220[m
[m[37m[ 23.157208 0:61 starry_kernel::task::ops:348] [32mTask(61, "busybox") exit with code: 0[m
[m[37m[ 23.167647 0:61 starry_kernel::task::signal:647] [32mSend signal SIGCHLD to process 2[m
[m[37m[ 23.176471 0:17 starry_kernel::syscall::task::wait:360] [32msys_waitpid <= pid: -1, options: WaitPidOptions(0x0)[m
[m[37m[ 23.176565 0:17 starry_kernel::syscall::task::wait:360] [32msys_waitpid <= pid: -1, options: WaitPidOptions(WNOHANG)[m
[mVISION_CLOSED_LOOP_EVENT frame=1 detection=1 class_id=32 confidence_q10000=7081 bbox=479,706,773,1010 requested=right actual=right state=applied inference_to_send_us=2784237 transport_us=142569 end_to_end_us=3012489 retries=0
[37m[ 23.189408 0:17 starry_kernel::syscall::task::wait:360] [32msys_waitpid <= pid: -1, options: WaitPidOptions(0x0)[m
[m[37m[ 23.232145 0:62 starry_kernel::task::user:71] [32mEnter user space: ip=0x48653c, sp=0x3ffffffe220[m
[m[37m[ 23.488404 0:62 starry_kernel::task::ops:348] [32mTask(62, "busybox") exit with code: 0[m
[m[37m[ 23.499097 0:62 starry_kernel::task::signal:647] [32mSend signal SIGCHLD to process 2[m
[m[37m[ 23.508074 0:17 starry_kernel::syscall::task::wait:360] [32msys_waitpid <= pid: -1, options: WaitPidOptions(0x0)[m
[m[37m[ 23.508159 0:17 starry_kernel::syscall::task::wait:360] [32msys_waitpid <= pid: -1, options: WaitPidOptions(WNOHANG)[m
[mVISION_CLOSED_LOOP_EVENT frame=2 detection=1 class_id=32 confidence_q10000=8591 bbox=517,932,730,1151 requested=left actual=left state=applied inference_to_send_us=1908583 transport_us=11619 end_to_end_us=2008428 retries=0
[37m[ 23.520987 0:17 starry_kernel::syscall::task::wait:360] [32msys_waitpid <= pid: -1, options: WaitPidOptions(0x0)[m
[m[37m[ 23.571463 0:63 starry_kernel::task::user:71] [32mEnter user space: ip=0x48653c, sp=0x3ffffffe220[m
[m[37m[ 23.827725 0:63 starry_kernel::task::ops:348] [32mTask(63, "busybox") exit with code: 0[m
[m[37m[ 23.838155 0:63 starry_kernel::task::signal:647] [32mSend signal SIGCHLD to process 2[m
[m[37m[ 23.846928 0:17 starry_kernel::syscall::task::wait:360] [32msys_waitpid <= pid: -1, options: WaitPidOptions(0x0)[m
[m[37m[ 23.847013 0:17 starry_kernel::syscall::task::wait:360] [32msys_waitpid <= pid: -1, options: WaitPidOptions(WNOHANG)[m
[mVISION_CLOSED_LOOP_EVENT frame=3 detection=0 class_id=65535 confidence_q10000=0 bbox=0,0,0,0 requested=hold actual=hold state=applied inference_to_send_us=1406206 transport_us=11786 end_to_end_us=1731407 retries=0
[37m[ 23.859275 0:17 starry_kernel::syscall::task::wait:360] [32msys_waitpid <= pid: -1, options: WaitPidOptions(0x0)[m
[m[37m[ 23.902003 0:64 starry_kernel::task::user:71] [32mEnter user space: ip=0x48653c, sp=0x3ffffffe220[m
[m[37m[ 24.158279 0:64 starry_kernel::task::ops:348] [32mTask(64, "busybox") exit with code: 0[m
[m[37m[ 24.169027 0:64 starry_kernel::task::signal:647] [32mSend signal SIGCHLD to process 2[m
[m[37m[ 24.177973 0:17 starry_kernel::syscall::task::wait:360] [32msys_waitpid <= pid: -1, options: WaitPidOptions(0x0)[m
[m[37m[ 24.178066 0:17 starry_kernel::syscall::task::wait:360] [32msys_waitpid <= pid: -1, options: WaitPidOptions(WNOHANG)[m
[mVISION_CLOSED_LOOP_DONE frames=3 applied=3 errors=0
[37m[ 24.183100 0:17 starry_kernel::syscall::task::wait:360] [32msys_waitpid <= pid: -1, options: WaitPidOptions(0x0)[m
[m[37m[ 24.220002 0:65 starry_kernel::task::user:71] [32mEnter user space: ip=0x48653c, sp=0x3ffffffe220[m
[m[37m[ 24.476275 0:65 starry_kernel::task::ops:348] [32mTask(65, "busybox") exit with code: 0[m
[m[37m[ 24.486776 0:65 starry_kernel::task::signal:647] [32mSend signal SIGCHLD to process 2[m
[m[37m[ 24.495496 0:17 starry_kernel::syscall::task::wait:360] [32msys_waitpid <= pid: -1, options: WaitPidOptions(0x0)[m
[m[37m[ 24.495581 0:17 starry_kernel::syscall::task::wait:360] [32msys_waitpid <= pid: -1, options: WaitPidOptions(WNOHANG)[m
[mIVC-STARRY-VISION-RUNNER-SHA256 sha256=fb819573a0a5544f7d50930ac9213cd75e5328fabc3b911747a3e44f8987c39e
[37m[ 24.497998 0:17 starry_kernel::syscall::task::wait:360] [32msys_waitpid <= pid: -1, options: WaitPidOptions(0x0)[m
[m[37m[ 24.539251 0:66 starry_kernel::task::user:71] [32mEnter user space: ip=0x48653c, sp=0x3ffffffea70[m
[m[37m[ 24.795767 0:66 starry_kernel::task::ops:348] [32mTask(66, "busybox") exit with code: 0[m
[m[37m[ 24.806186 0:66 starry_kernel::task::signal:647] [32mSend signal SIGCHLD to process 2[m
[m[37m[ 24.815004 0:17 starry_kernel::syscall::task::wait:360] [32msys_waitpid <= pid: -1, options: WaitPidOptions(0x0)[m
[m[37m[ 24.815097 0:17 starry_kernel::syscall::task::wait:360] [32msys_waitpid <= pid: -1, options: WaitPidOptions(WNOHANG)[m
[mIVC-STARRY-VISION-CONTROLLER-SHA256 sha256=8ef70375298a6f0d8218ac701cb4e16153ef5ac3832b4c23556227089693ae70
[37m[ 24.817377 0:17 starry_kernel::syscall::task::wait:360] [32msys_waitpid <= pid: -1, options: WaitPidOptions(0x0)[m
[m[37m[ 24.859605 0:67 starry_kernel::task::user:71] [32mEnter user space: ip=0x48653c, sp=0x3ffffffedb0[m
[m[37m[ 25.115990 0:67 starry_kernel::task::ops:348] [32mTask(67, "busybox") exit with code: 0[m
[m[37m[ 25.126476 0:67 starry_kernel::task::signal:647] [32mSend signal SIGCHLD to process 2[m
[m[37m[ 25.135208 0:17 starry_kernel::syscall::task::wait:360] [32msys_waitpid <= pid: -1, options: WaitPidOptions(0x0)[m
[m[37m[ 25.135292 0:17 starry_kernel::syscall::task::wait:360] [32msys_waitpid <= pid: -1, options: WaitPidOptions(WNOHANG)[m
[m[37m[ 25.137506 0:17 starry_kernel::syscall::task::wait:360] [32msys_waitpid <= pid: -1, options: WaitPidOptions(0x0)[m
[m[37m[ 25.170364 0:68 starry_kernel::task::user:71] [32mEnter user space: ip=0x48653c, sp=0x3fffffff0f0[m
[m[37m[ 26.176396 0:68 starry_kernel::task::ops:348] [32mTask(68, "busybox") exit with code: 0[m
[m[37m[ 26.187058 0:68 starry_kernel::task::signal:647] [32mSend signal SIGCHLD to process 2[m
[m[37m[ 26.195949 0:17 starry_kernel::syscall::task::wait:360] [32msys_waitpid <= pid: -1, options: WaitPidOptions(0x0)[m
[m[37m[ 26.196034 0:17 starry_kernel::syscall::task::wait:360] [32msys_waitpid <= pid: -1, options: WaitPidOptions(WNOHANG)[m
[mIVC-STARRY-VISION-BOOT source=fixed-images backend=rknn-npu frames=3 target_class=32 calibration_x=625
[37m[ 26.198334 0:17 starry_kernel::syscall::task::wait:360] [32msys_waitpid <= pid: -1, options: WaitPidOptions(0x0)[m
[m[37m[ 26.240219 0:69 starry_kernel::task::user:71] [32mEnter user space: ip=0x48653c, sp=0x3ffffffdd70[m
[m[37m[ 26.496627 0:69 starry_kernel::task::ops:348] [32mTask(69, "busybox") exit with code: 0[m
[m[37m[ 26.507020 0:69 starry_kernel::task::signal:647] [32mSend signal SIGCHLD to process 2[m
[m[37m[ 26.515796 0:17 starry_kernel::syscall::task::wait:360] [32msys_waitpid <= pid: -1, options: WaitPidOptions(0x0)[m
[m[37m[ 26.515888 0:17 starry_kernel::syscall::task::wait:360] [32msys_waitpid <= pid: -1, options: WaitPidOptions(WNOHANG)[m
[mIVC-STARRY-VISION-NET ip=10.0.0.1/24 peer=10.0.0.2:5500 segment=1
[37m[ 26.518174 0:17 starry_kernel::syscall::task::wait:360] [32msys_waitpid <= pid: -1, options: WaitPidOptions(0x0)[m
[m[37m[ 26.556145 0:70 starry_kernel::task::user:71] [32mEnter user space: ip=0x48653c, sp=0x3ffffffe0b0[m
[m[37m[ 26.812806 0:70 starry_kernel::task::ops:348] [32mTask(70, "busybox") exit with code: 0[m
[m[37m[ 26.823520 0:70 starry_kernel::task::signal:647] [32mSend signal SIGCHLD to process 2[m
[m[37m[ 26.832823 0:17 starry_kernel::syscall::task::wait:360] [32msys_waitpid <= pid: -1, options: WaitPidOptions(0x0)[m
[m[37m[ 26.832908 0:17 starry_kernel::syscall::task::wait:360] [32msys_waitpid <= pid: -1, options: WaitPidOptions(WNOHANG)[m
[m[37m[ 26.837162 0:17 starry_kernel::syscall::task::wait:360] [32msys_waitpid <= pid: -1, options: WaitPidOptions(0x0)[m
[m[37m[ 26.870737 0:71 starry_kernel::task::user:71] [32mEnter user space: ip=0x48653c, sp=0x3ffffffe2e0[m
[m[37m[ 26.878619 0:71 starry_kernel::task::ops:348] [32mTask(71, "busybox") exit with code: 0[m
[m[37m[ 26.878688 0:72 starry_kernel::task::user:71] [32mEnter user space: ip=0x48653c, sp=0x3ffffffe2e0[m
[mVISION_DECISION_RECORD version=1 frame_id=1 captured_at_us=9778817 inference_finished_at_us=9864500 ttl_us=5000000 requested_action=right safe_action=hold detection_present=1 class_id=32 confidence_q10000=7081 region_id=2 left=479 top=706 right=773 bottom=1010
[37m[ 26.892982 0:72 starry_kernel::syscall::task::wait:360] [32msys_waitpid <= pid: -1, options: WaitPidOptions(0x0)[m
[m[37m[ 26.942922 0:71 starry_kernel::task::signal:647] [32mSend signal SIGCHLD to process 2[m
[m[37m[ 26.943029 0:73 starry_kernel::task::user:71] [32mEnter user space: ip=0x48653c, sp=0x3ffffffdcc0[m
[m[37m[ 26.978039 0:17 starry_kernel::syscall::task::wait:360] [32msys_waitpid <= pid: -1, options: WaitPidOptions(0x0)[m
[m[37m[ 26.978154 0:17 starry_kernel::syscall::task::wait:360] [32msys_waitpid <= pid: -1, options: WaitPidOptions(0x0)[m
[m[37m[ 27.199342 0:73 starry_kernel::task::ops:348] [32mTask(73, "busybox") exit with code: 0[m
[m[37m[ 27.210171 0:73 starry_kernel::task::signal:647] [32mSend signal SIGCHLD to process 4[m
[m[37m[ 27.218807 0:72 starry_kernel::syscall::task::wait:360] [32msys_waitpid <= pid: -1, options: WaitPidOptions(0x0)[m
[m[37m[ 27.218895 0:72 starry_kernel::syscall::task::wait:360] [32msys_waitpid <= pid: -1, options: WaitPidOptions(WNOHANG)[m
[mVISION_DECISION_RECORD version=1 frame_id=2 captured_at_us=10794620 inference_finished_at_us=10882846 ttl_us=5000000 requested_action=left safe_action=hold detection_present=1 class_id=32 confidence_q10000=8591 region_id=1 left=517 top=932 right=730 bottom=1151
[37m[ 27.232829 0:72 starry_kernel::syscall::task::wait:360] [32msys_waitpid <= pid: -1, options: WaitPidOptions(0x0)[m
[m[37m[ 27.281116 0:74 starry_kernel::task::user:71] [32mEnter user space: ip=0x48653c, sp=0x3ffffffdcc0[m
[m[37m[ 27.537477 0:74 starry_kernel::task::ops:348] [32mTask(74, "busybox") exit with code: 0[m
[m[37m[ 27.548223 0:74 starry_kernel::task::signal:647] [32mSend signal SIGCHLD to process 4[m
[m[37m[ 27.557119 0:72 starry_kernel::syscall::task::wait:360] [32msys_waitpid <= pid: -1, options: WaitPidOptions(0x0)[m
[m[37m[ 27.557208 0:72 starry_kernel::syscall::task::wait:360] [32msys_waitpid <= pid: -1, options: WaitPidOptions(WNOHANG)[m
[mVISION_DECISION_RECORD version=1 frame_id=3 captured_at_us=11083542 inference_finished_at_us=11396957 ttl_us=5000000 requested_action=hold safe_action=hold detection_present=0 class_id=65535 confidence_q10000=0 region_id=0 left=0 top=0 right=0 bottom=0
[37m[ 27.570833 0:72 starry_kernel::syscall::task::wait:360] [32msys_waitpid <= pid: -1, options: WaitPidOptions(0x0)[m
[m[37m[ 27.625399 0:75 starry_kernel::task::user:71] [32mEnter user space: ip=0x48653c, sp=0x3ffffffdcc0[m
[m[37m[ 27.882029 0:75 starry_kernel::task::ops:348] [32mTask(75, "busybox") exit with code: 0[m
[m[37m[ 27.892525 0:75 starry_kernel::task::signal:647] [32mSend signal SIGCHLD to process 4[m
[m[37m[ 27.901547 0:72 starry_kernel::syscall::task::wait:360] [32msys_waitpid <= pid: -1, options: WaitPidOptions(0x0)[m
[m[37m[ 27.901635 0:72 starry_kernel::syscall::task::wait:360] [32msys_waitpid <= pid: -1, options: WaitPidOptions(WNOHANG)[m
[m[37m[ 27.901928 0:72 starry_kernel::task::ops:348] [32mTask(72, "busybox") exit with code: 0[m
[m[37m[ 27.935359 0:72 starry_kernel::task::signal:647] [32mSend signal SIGCHLD to process 2[m
[m[37m[ 27.943861 0:17 starry_kernel::syscall::task::wait:360] [32msys_waitpid <= pid: -1, options: WaitPidOptions(0x0)[m
[m[37m[ 27.943948 0:17 starry_kernel::syscall::task::wait:360] [32msys_waitpid <= pid: -1, options: WaitPidOptions(WNOHANG)[m
[m[37m[ 27.946241 0:17 starry_kernel::syscall::task::wait:360] [32msys_waitpid <= pid: -1, options: WaitPidOptions(0x0)[m
[m[37m[ 27.979562 0:76 starry_kernel::task::user:71] [32mEnter user space: ip=0x48653c, sp=0x3ffffffe3f0[m
[mUVC_RKNN_VALIDATE_PASS images=3
[37m[ 27.987298 0:76 starry_kernel::task::ops:348] [32mTask(76, "busybox") exit with code: 0[m
[m[37m[ 28.010136 0:76 starry_kernel::task::signal:647] [32mSend signal SIGCHLD to process 2[m
[m[37m[ 28.018247 0:17 starry_kernel::syscall::task::wait:360] [32msys_waitpid <= pid: -1, options: WaitPidOptions(0x0)[m
[m[37m[ 28.018332 0:17 starry_kernel::syscall::task::wait:360] [32msys_waitpid <= pid: -1, options: WaitPidOptions(WNOHANG)[m
[m[37m[ 28.020716 0:17 starry_kernel::syscall::task::wait:360] [32msys_waitpid <= pid: -1, options: WaitPidOptions(0x0)[m
[m[37m[ 28.052800 0:77 starry_kernel::task::user:71] [32mEnter user space: ip=0x48653c, sp=0x3ffffffe590[m
[m[37m[ 28.309131 0:77 starry_kernel::task::ops:348] [32mTask(77, "busybox") exit with code: 0[m
[m[37m[ 28.319940 0:77 starry_kernel::task::signal:647] [32mSend signal SIGCHLD to process 2[m
[m[37m[ 28.328660 0:17 starry_kernel::syscall::task::wait:360] [32msys_waitpid <= pid: -1, options: WaitPidOptions(0x0)[m
[m[37m[ 28.328746 0:17 starry_kernel::syscall::task::wait:360] [32msys_waitpid <= pid: -1, options: WaitPidOptions(WNOHANG)[m
[mVISION_CLOSED_LOOP_BEGIN peer=10.0.0.2:5500 frames=3 session_id=1447646030
[37m[ 28.334894 0:17 starry_kernel::syscall::task::wait:360] [32msys_waitpid <= pid: -1, options: WaitPidOptions(0x0)[m
[m[37m[ 28.374373 0:78 starry_kernel::task::user:71] [32mEnter user space: ip=0x48653c, sp=0x3ffffffe220[m
[m[37m[ 28.630914 0:78 starry_kernel::task::ops:348] [32mTask(78, "busybox") exit with code: 0[m
[m[37m[ 28.641391 0:78 starry_kernel::task::signal:647] [32mSend signal SIGCHLD to process 2[m
[m[37m[ 28.650276 0:17 starry_kernel::syscall::task::wait:360] [32msys_waitpid <= pid: -1, options: WaitPidOptions(0x0)[m
[m[37m[ 28.650370 0:17 starry_kernel::syscall::task::wait:360] [32msys_waitpid <= pid: -1, options: WaitPidOptions(WNOHANG)[m
[mVISION_CLOSED_LOOP_EVENT frame=1 detection=1 class_id=32 confidence_q10000=7081 bbox=479,706,773,1010 requested=right actual=right state=applied inference_to_send_us=2784237 transport_us=142569 end_to_end_us=3012489 retries=0
[37m[ 28.663091 0:17 starry_kernel::syscall::task::wait:360] [32msys_waitpid <= pid: -1, options: WaitPidOptions(0x0)[m
[m[37m[ 28.712065 0:79 starry_kernel::task::user:71] [32mEnter user space: ip=0x48653c, sp=0x3ffffffe220[m
[m[37m[ 28.968490 0:79 starry_kernel::task::ops:348] [32mTask(79, "busybox") exit with code: 0[m
[m[37m[ 28.979601 0:79 starry_kernel::task::signal:647] [32mSend signal SIGCHLD to process 2[m
[m[37m[ 28.988010 0:17 starry_kernel::syscall::task::wait:360] [32msys_waitpid <= pid: -1, options: WaitPidOptions(0x0)[m
[m[37m[ 28.988095 0:17 starry_kernel::syscall::task::wait:360] [32msys_waitpid <= pid: -1, options: WaitPidOptions(WNOHANG)[m
[mVISION_CLOSED_LOOP_EVENT frame=2 detection=1 class_id=32 confidence_q10000=8591 bbox=517,932,730,1151 requested=left actual=left state=applied inference_to_send_us=1908583 transport_us=11619 end_to_end_us=2008428 retries=0
[37m[ 29.000973 0:17 starry_kernel::syscall::task::wait:360] [32msys_waitpid <= pid: -1, options: WaitPidOptions(0x0)[m
[m[37m[ 29.051160 0:80 starry_kernel::task::user:71] [32mEnter user space: ip=0x48653c, sp=0x3ffffffe220[m
[m[37m[ 29.307589 0:80 starry_kernel::task::ops:348] [32mTask(80, "busybox") exit with code: 0[m
[m[37m[ 29.318336 0:80 starry_kernel::task::signal:647] [32mSend signal SIGCHLD to process 2[m
[m[37m[ 29.327105 0:17 starry_kernel::syscall::task::wait:360] [32msys_waitpid <= pid: -1, options: WaitPidOptions(0x0)[m
[m[37m[ 29.327190 0:17 starry_kernel::syscall::task::wait:360] [32msys_waitpid <= pid: -1, options: WaitPidOptions(WNOHANG)[m
[mVISION_CLOSED_LOOP_EVENT frame=3 detection=0 class_id=65535 confidence_q10000=0 bbox=0,0,0,0 requested=hold actual=hold state=applied inference_to_send_us=1406206 transport_us=11786 end_to_end_us=1731407 retries=0
[37m[ 29.339387 0:17 starry_kernel::syscall::task::wait:360] [32msys_waitpid <= pid: -1, options: WaitPidOptions(0x0)[m
[m[37m[ 29.383961 0:81 starry_kernel::task::user:71] [32mEnter user space: ip=0x48653c, sp=0x3ffffffe220[m
[m[37m[ 29.640778 0:81 starry_kernel::task::ops:348] [32mTask(81, "busybox") exit with code: 0[m
[m[37m[ 29.651580 0:81 starry_kernel::task::signal:647] [32mSend signal SIGCHLD to process 2[m
[m[37m[ 29.659861 0:17 starry_kernel::syscall::task::wait:360] [32msys_waitpid <= pid: -1, options: WaitPidOptions(0x0)[m
[m[37m[ 29.659947 0:17 starry_kernel::syscall::task::wait:360] [32msys_waitpid <= pid: -1, options: WaitPidOptions(WNOHANG)[m
[mVISION_CLOSED_LOOP_DONE frames=3 applied=3 errors=0
[37m[ 29.664775 0:17 starry_kernel::syscall::task::wait:360] [32msys_waitpid <= pid: -1, options: WaitPidOptions(0x0)[m
[m[37m[ 29.701966 0:82 starry_kernel::task::user:71] [32mEnter user space: ip=0x48653c, sp=0x3ffffffe220[m
[m[37m[ 29.958232 0:82 starry_kernel::task::ops:348] [32mTask(82, "busybox") exit with code: 0[m
[m[37m[ 29.969213 0:82 starry_kernel::task::signal:647] [32mSend signal SIGCHLD to process 2[m
[m[37m[ 29.978176 0:17 starry_kernel::syscall::task::wait:360] [32msys_waitpid <= pid: -1, options: WaitPidOptions(0x0)[m
[m[37m[ 29.978270 0:17 starry_kernel::syscall::task::wait:360] [32msys_waitpid <= pid: -1, options: WaitPidOptions(WNOHANG)[m
[mIVC-STARRY-VISION-RUNNER-SHA256 sha256=fb819573a0a5544f7d50930ac9213cd75e5328fabc3b911747a3e44f8987c39e
[37m[ 29.981060 0:17 starry_kernel::syscall::task::wait:360] [32msys_waitpid <= pid: -1, options: WaitPidOptions(0x0)[m
[m[37m[ 30.021728 0:83 starry_kernel::task::user:71] [32mEnter user space: ip=0x48653c, sp=0x3ffffffea70[m
[m[37m[ 30.277949 0:83 starry_kernel::task::ops:348] [32mTask(83, "busybox") exit with code: 0[m
[m[37m[ 30.288404 0:83 starry_kernel::task::signal:647] [32mSend signal SIGCHLD to process 2[m
[m[37m[ 30.297176 0:17 starry_kernel::syscall::task::wait:360] [32msys_waitpid <= pid: -1, options: WaitPidOptions(0x0)[m
[m[37m[ 30.297260 0:17 starry_kernel::syscall::task::wait:360] [32msys_waitpid <= pid: -1, options: WaitPidOptions(WNOHANG)[m
[mIVC-STARRY-VISION-CONTROLLER-SHA256 sha256=8ef70375298a6f0d8218ac701cb4e16153ef5ac3832b4c23556227089693ae70
[37m[ 30.299606 0:17 starry_kernel::syscall::task::wait:360] [32msys_waitpid <= pid: -1, options: WaitPidOptions(0x0)[m
[m[37m[ 30.341256 0:84 starry_kernel::task::user:71] [32mEnter user space: ip=0x48653c, sp=0x3ffffffedb0[m
[m[37m[ 30.597638 0:84 starry_kernel::task::ops:348] [32mTask(84, "busybox") exit with code: 0[m
[m[37m[ 30.608129 0:84 starry_kernel::task::signal:647] [32mSend signal SIGCHLD to process 2[m
[m[37m[ 30.616990 0:17 starry_kernel::syscall::task::wait:360] [32msys_waitpid <= pid: -1, options: WaitPidOptions(0x0)[m
[m[37m[ 30.617083 0:17 starry_kernel::syscall::task::wait:360] [32msys_waitpid <= pid: -1, options: WaitPidOptions(WNOHANG)[m
[m[37m[ 30.619376 0:17 starry_kernel::syscall::task::wait:360] [32msys_waitpid <= pid: -1, options: WaitPidOptions(0x0)[m
[m[37m[ 30.651742 0:85 starry_kernel::task::user:71] [32mEnter user space: ip=0x48653c, sp=0x3fffffff0f0[m
[m[37m[ 31.657767 0:85 starry_kernel::task::ops:348] [32mTask(85, "busybox") exit with code: 0[m
[m[37m[ 31.668634 0:85 starry_kernel::task::signal:647] [32mSend signal SIGCHLD to process 2[m
[m[37m[ 31.677765 0:17 starry_kernel::syscall::task::wait:360] [32msys_waitpid <= pid: -1, options: WaitPidOptions(0x0)[m
[m[37m[ 31.677850 0:17 starry_kernel::syscall::task::wait:360] [32msys_waitpid <= pid: -1, options: WaitPidOptions(WNOHANG)[m
[mIVC-STARRY-VISION-DONE exit=0
[37m[ 31.680518 0:17 starry_kernel::syscall::task::wait:360] [32msys_waitpid <= pid: -1, options: WaitPidOptions(0x0)[m
[m[37m[ 31.715971 0:86 starry_kernel::task::user:71] [32mEnter user space: ip=0x48653c, sp=0x3fffffff0f0[m
[m[37m[ 31.972619 0:86 starry_kernel::task::ops:348] [32mTask(86, "busybox") exit with code: 0[m
[m[37m[ 31.983364 0:86 starry_kernel::task::signal:647] [32mSend signal SIGCHLD to process 2[m
[m[37m[ 31.992591 0:17 starry_kernel::syscall::task::wait:360] [32msys_waitpid <= pid: -1, options: WaitPidOptions(0x0)[m
[m[37m[ 31.992683 0:17 starry_kernel::syscall::task::wait:360] [32msys_waitpid <= pid: -1, options: WaitPidOptions(WNOHANG)[m
[mIVC-STARRY-VISION-DONE exit=0
[37m[ 31.994988 0:17 starry_kernel::syscall::task::wait:360] [32msys_waitpid <= pid: -1, options: WaitPidOptions(0x0)[m
[m[37m[ 32.030597 0:87 starry_kernel::task::user:71] [32mEnter user space: ip=0x48653c, sp=0x3fffffff0f0[m
[m[37m[ 32.286973 0:87 starry_kernel::task::ops:348] [32mTask(87, "busybox") exit with code: 0[m
[m[37m[ 32.297405 0:87 starry_kernel::task::signal:647] [32mSend signal SIGCHLD to process 2[m
[m[37m[ 32.306175 0:17 starry_kernel::syscall::task::wait:360] [32msys_waitpid <= pid: -1, options: WaitPidOptions(0x0)[m
[m[37m[ 32.306260 0:17 starry_kernel::syscall::task::wait:360] [32msys_waitpid <= pid: -1, options: WaitPidOptions(WNOHANG)[m
[mIVC-STARRY-VISION-DONE exit=0
[37m[ 32.308717 0:17 starry_kernel::syscall::task::wait:360] [32msys_waitpid <= pid: -1, options: WaitPidOptions(0x0)[m
[m[37m[ 32.343205 0:88 starry_kernel::task::user:71] [32mEnter user space: ip=0x48653c, sp=0x3fffffff0f0[m
[m[37m[ 32.599513 0:88 starry_kernel::task::ops:348] [32mTask(88, "busybox") exit with code: 0[m
[m[37m[ 32.610542 0:88 starry_kernel::task::signal:647] [32mSend signal SIGCHLD to process 2[m
[m[37m[ 32.619431 0:17 starry_kernel::syscall::task::wait:360] [32msys_waitpid <= pid: -1, options: WaitPidOptions(0x0)[m
[m[37m[ 32.619524 0:17 starry_kernel::syscall::task::wait:360] [32msys_waitpid <= pid: -1, options: WaitPidOptions(WNOHANG)[m
[m[37m[ 32.621901 0:17 starry_kernel::syscall::task::wait:360] [32msys_waitpid <= pid: -1, options: WaitPidOptions(0x0)[m
[m[37m[ 32.655253 0:89 starry_kernel::task::user:71] [32mEnter user space: ip=0x48653c, sp=0x3fffffff460[m
[m[37m[ 32.684456 0:89 rsext4::ext4::sync:13] [32mSyncing filesystem...[m
[m[37m[132.370950 1:22 axvm::runtime::hvc:352] [33mVM[1] PSCI_SYSTEM_OFF[m
[m[37m[132.371553 1:22 axvm::vm:1416] [32mStopping VM[1]: SystemDown[m
[m

[[37Amx[13v2.3i72sor]137  VM1:22[1]  axvstoppm::redu; retntimurnie::ng tvcpuo ths:6e ma25] nage[33mentmVM[ she1] ll
WeVCplu[c0] ome stopto ApingxV becauisose orf V ShM stell!
oTypeppi 'heng[lm
[mp'[ t3o s7ee am[1vail32.3abl7214e co4 2:mman27 ads
Use xvmUP/D::ruOWNnt arrime:ows:vcp to us:6navi25]gat [3e co3mVMmman[1] d hVCpuistory
Con[1]sole sto shoppingrtc beuts:
ca  Cuse trl+of X, tVM hen stoh  rppinen[37 to m[13the 2.37Axvi366sor 1 1:she22 allxvm
  Ctrl+::rX, tuntiheme::n [vcpu  ats:6tach45]  the[32 premVM[viou1] s ruVCpunnin[0]g gu exiest
t  Cing.trl+..[X, mth
e[mn[37 m[]  a132.tt37ach 5372the  2:nex27 t ruaxvmnnin::rung gtimeues::vctpu
s
:337] [[2K32mVaxviM[1]sor: las/$ t vCPU task exiting, decreasing running VM count[m
[m[37m[132.377994 2:19 axvm::arch::aarch64::vtimer::state:225] [33mfailed to wake VM[1] vCPU 1 for architectural timer: InvalidState { operation: "axvm::runtime::vcpus", detail: "VM[1] is not accepting interrupts" }[m
[m[37m[132.379694 2:27 axvm::runtime::vcpus:347] [32mVM[1] state changed to Stopped[m
[m[37m[132.380372 2:27 axvm::runtime::vcpus:645] [32mVM[1] VCpu[1] exiting...[m
[mAXVISOR_SHELL_READY
AXVISOR_SHELL_READY
AXVISOR_SHELL_READY
AXVISOR_SHELL_READY
AXVISOR_SHELL_READY
[2Kaxvisor:/$ s[2Kaxvisor:/$ sy[2Kaxvisor:/$ syn[2Kaxvisor:/$ sync[2Kaxvisor:/$ sync-[2Kaxvisor:/$ sync-h[2Kaxvisor:/$ sync-ho[2Kaxvisor:/$ sync-hos[2Kaxvisor:/$ sync-host
AXVISOR_HOST_FILESYSTEM_SYNCED

=== SUCCESS PATTERN MATCHED: (?m)^AXVISOR_HOST_FILESYSTEM_SYNCED\r?$ ===
AXVISOR_HOST_FILESYSTEM_SYNCED
AXVISOR_HOST_FILESYSTEM_SYNCED
AXVISOR_HOST_FILESYSTEM_SYNCED
AXVISOR_HOST_FILESYSTEM_SYNCED
axvisor:/$ [axbuild] board build+run package=axvisor target=scripts/targets/std/pie/aarch64-unknown-linux-musl.json config=competition/ivc/config/axvisor-orangepi-5-plus-vision.toml ... done (153.43s)
ssh: connect to host 192.168.31.33 port 22: Connection timed out
Axvisor filesystem sync marker was confirmed by the board test
RESULT action=status board=orangepi-5-plus-rk3588 power=on watts=2 temperature_celsius=50 fault_code=0
RESULT action=cycle board=orangepi-5-plus-rk3588 power=on watts=0 temperature_celsius=50 fault_code=0
 c� DDR ff1a08bde6 typ 25/03/13-
=> setenv devtype mmc; setenv devnum 1; setenv mmc_bootdev 1; setenv distro_bootpart 1; setenv prefix /; echo UBOOT_LINUX_BOOT_BEGIN; fatload mmc 1:1 0x00c00000 boot.scr; source 0x00c00000
UBOOT_LINUX_BOOT_BEGIN
3413 bytes read in 3 ms (1.1 MiB/s)
## Executing script at 00c00000
Boot script loaded from mmc 1
178 bytes read in 2 ms (86.9 KiB/s)
15301327 bytes read in 1289 ms (11.3 MiB/s)
ssh: connect to host 192.168.31.33 port 22: No route to host
ssh: connect to host 192.168.31.33 port 22: No route to host
/dev/mmcblk1p2 ext4   rw,noatime,errors=remount-ro,commit=600
BOARD_LINUX_RESTORED
