BOARD_HOST_LIBCLANG path=/usr/lib/llvm-14/lib source=system
orangepi5plus
BOARD_SERVICE_DTB_RKNPU_DMA_RESERVED base=0x80000000 size=0x10000000 no-map=true
BOARD_SERVICE_DTB_READY path=/home/seven_wsl/.local/share/ostool-server/dtbs/orangepi-5-plus-starry.dtb root=PARTUUID=5874edd8-1582-a144-a298-b139acd7b0e6
warning: patch `uboot-shell v0.2.6 (/home/seven_wsl/Workspace/starry/ostool/uboot-shell)` was not used in the crate graph
help: Check that the patched package version and available features are compatible
      with the dependency requirements. If the patch has a different version from
      what is locked in the Cargo.lock file, run `cargo update` to use the new
      version. This may also occur with an optional dependency that is not enabled.
    Finished `dev` profile [unoptimized + debuginfo] target(s) in 5.70s
     Running `target/debug/tg-xtask axvisor board -c competition/ivc/config/axvisor-orangepi-5-plus-vision.toml --board-config competition/ivc/config/board-orangepi-5-plus-vision.toml -b OrangePi-5-Plus`
[2026-08-18T05:02:44Z INFO  axbuild::context] Workspace root: /mnt/c/Users/10469/Workspace/starryos_t/tgoskits-rt-ivc
[2026-08-18T05:02:48Z INFO  axbuild::context] Workspace member dir for axvisor: /mnt/c/Users/10469/Workspace/starryos_t/tgoskits-rt-ivc/os/axvisor
Using build config: competition/ivc/config/axvisor-orangepi-5-plus-vision.toml
[axbuild] board build+run package=axvisor target=scripts/targets/std/pie/aarch64-unknown-linux-musl.json config=competition/ivc/config/axvisor-orangepi-5-plus-vision.toml ...
sh -c /mnt/c/Users/10469/Workspace/starryos_t/tgoskits-rt-ivc/tmp/axbuild/std/prebuild/prebuild-aarch64-unknown-linux-musl-58aa9d8ec294b69b.sh
AR_aarch64_unknown_linux_musl=aarch64-linux-musl-ar
AXVISOR_VM_CONFIGS=/mnt/c/Users/10469/Workspace/starryos_t/tgoskits-rt-ivc/competition/ivc/config/orangepi-5-plus-starry-smp2-vision.toml:/mnt/c/Users/10469/Workspace/starryos_t/tgoskits-rt-ivc/competition/ivc/config/orangepi-5-plus-zephyr-vision.toml
AX_ARCH=aarch64
AX_LOG=info
AX_TARGET=aarch64-unknown-none-softfloat
BINDGEN_EXTRA_CLANG_ARGS_aarch64_unknown_linux_musl=--target=aarch64-linux-musl --sysroot=/ -mgeneral-regs-only
CARGO_UNSTABLE_JSON_TARGET_SPEC=true
CC_aarch64_unknown_linux_musl=aarch64-linux-musl-cc
CFLAGS_aarch64_unknown_linux_musl=-mgeneral-regs-only -fno-stack-protector
CXXFLAGS_aarch64_unknown_linux_musl=-mgeneral-regs-only -fno-stack-protector
SMP=4
cargo build --config /mnt/c/Users/10469/Workspace/starryos_t/tgoskits-rt-ivc/tmp/axbuild/std/config-aarch64-unknown-linux-musl-dynamic.toml -p axvisor --target scripts/targets/std/pie/aarch64-unknown-linux-musl.json -Z unstable-options --target-dir /mnt/c/Users/10469/Workspace/starryos_t/tgoskits-rt-ivc/target --features ax-std/fs,ax-std/smp,fs,rk3588-npu-handoff,rockchip-dwmmc,rockchip-soc,sdmmc,log/release_max_level_info -Z json-target-spec --bin axvisor --release --message-format json-render-diagnostics
warning: associated function `after_external_interrupt` is never used
   --> virtualization/axvm/src/architecture/ops.rs:116:8
    |
 12 | pub(crate) trait ArchOps {
    |                  ------- associated function in this trait
...
116 |     fn after_external_interrupt(
    |        ^^^^^^^^^^^^^^^^^^^^^^^^
    |
    = note: `#[warn(dead_code)]` (part of `#[warn(unused)]`) on by default

warning: function `host_console_irq` is never used
   --> virtualization/axvm/src/host/arceos.rs:102:15
    |
102 | pub(crate) fn host_console_irq() -> Option<modules::ax_hal::irq::IrqId> {
    |               ^^^^^^^^^^^^^^^^

warning: function `dispatch_host_irq` is never used
   --> virtualization/axvm/src/host/arceos.rs:106:15
    |
106 | pub(crate) fn dispatch_host_irq(vector: usize) {
    |               ^^^^^^^^^^^^^^^^^

warning: function `with_vm` is never used
   --> virtualization/axvm/src/manager.rs:165:15
    |
165 | pub(crate) fn with_vm<F, R>(vm_id: VMId, f: F) -> Option<R>
    |               ^^^^^^^

warning: function `active_vcpu_mask` is never used
   --> virtualization/axvm/src/manager.rs:195:15
    |
195 | pub(crate) fn active_vcpu_mask(vm_id: VMId) -> Option<usize> {
    |               ^^^^^^^^^^^^^^^^

warning: function `inject_interrupt` is never used
   --> virtualization/axvm/src/manager.rs:207:15
    |
207 | pub(crate) fn inject_interrupt(vm_id: VMId, vcpu_id: usize, vector: usize) -> AxVmResult {
    |               ^^^^^^^^^^^^^^^^

warning: variant `Generic` is never constructed
  --> virtualization/axvm/src/runtime/hvc.rs:26:5
   |
25 | pub(crate) enum HyperCallAbi {
   |                 ------------ variant in this enum
26 |     Generic,
   |     ^^^^^^^
   |
   = note: `HyperCallAbi` has derived impls for the traits `Debug` and `Clone`, but these are intentionally ignored during dead code analysis

warning: method `handle` is never used
   --> virtualization/axvm/src/timer.rs:174:8
    |
129 | impl TimerWheels {
    | ---------------- method in this implementation
...
174 |     fn handle(&self, token: usize) -> Option<VmTimerHandle> {
    |        ^^^^^^

warning: function `cancel_timer` is never used
   --> virtualization/axvm/src/timer.rs:252:15
    |
252 | pub(crate) fn cancel_timer(token: usize) {
    |               ^^^^^^^^^^^^

warning: associated items `try_handle_port_write`, `handle_nested_page_fault`, and `debug_nested_page_fault` are never used
    --> virtualization/axvm/src/vm/mod.rs:1737:19
     |
1049 | impl AxVM {
     | --------- associated items in this implementation
...
1737 |     pub(crate) fn try_handle_port_write(
     |                   ^^^^^^^^^^^^^^^^^^^^^
...
1750 |     pub(crate) fn handle_nested_page_fault(
     |                   ^^^^^^^^^^^^^^^^^^^^^^^^
...
1765 |     fn debug_nested_page_fault(
     |        ^^^^^^^^^^^^^^^^^^^^^^^

warning: struct `SimpleVmPlan` is never constructed
  --> virtualization/axvm/src/vm/prepare/device_plan/mod.rs:65:19
   |
65 | pub(crate) struct SimpleVmPlan(VmDevicePlan);
   |                   ^^^^^^^^^^^^

warning: associated function `new` is never used
  --> virtualization/axvm/src/vm/prepare/device_plan/mod.rs:68:25
   |
67 | impl SimpleVmPlan {
   | ----------------- associated function in this implementation
68 |     pub(crate) const fn new(devices: VmDevicePlan) -> Self {
   |                         ^^^

warning: `axvm` (lib) generated 12 warnings
    Finished `release` profile [optimized] target(s) in 7.66s
warning: the following packages contain code that will be rejected by a future version of Rust: core v0.0.0 (/home/seven_wsl/.rustup/toolchains/nightly-2026-07-15-x86_64-unknown-linux-gnu/lib/rustlib/src/rust/library/core), memchr v2.8.3
note: to see what the problems were, use the option `--future-incompat-report`, or run `cargo report future-incompatibilities --id 7`
Allocated board session:
  board_type: OrangePi-5-Plus
  board_id: orangepi-5-plus-1
  session_id: 9c9a7204-9215-46bc-93a1-7745917d78c1
  lease_expires_at: 2026-08-18 13:03:17.794263783 +08:00
  boot_mode: uboot
Converting ELF to BIN format...
  elf: /mnt/c/Users/10469/Workspace/starryos_t/tgoskits-rt-ivc/target/aarch64-unknown-linux-musl/release/axvisor
  bin: /mnt/c/Users/10469/Workspace/starryos_t/tgoskits-rt-ivc/target/aarch64-unknown-linux-musl/release/axvisor.bin
/home/seven_wsl/.rustup/toolchains/nightly-2026-07-15-x86_64-unknown-linux-gnu/lib/rustlib/x86_64-unknown-linux-gnu/bin/llvm-objcopy --strip-all -O binary /mnt/c/Users/10469/Workspace/starryos_t/tgoskits-rt-ivc/target/aarch64-unknown-linux-musl/release/axvisor /mnt/c/Users/10469/Workspace/starryos_t/tgoskits-rt-ivc/target/aarch64-unknown-linux-musl/release/axvisor.bin
[2026-08-18T05:03:08Z INFO  ostool::run::uboot] Starting U-Boot runner...
[2026-08-18T05:03:08Z INFO  ostool::run::uboot] kernel from: /mnt/c/Users/10469/Workspace/starryos_t/tgoskits-rt-ivc/target/aarch64-unknown-linux-musl/release/axvisor.bin
[2026-08-18T05:03:08Z INFO  ostool::run::uboot] Using network interface hint: eth0
Waiting for remote board to power on through ostool-server...
BOARD_REBOOT_ARMED
Connection to 192.168.31.33 closed by remote host.
[2026-08-18T05:03:15Z INFO  uboot_shell] cmd: setenv autoload yes
[2026-08-18T05:03:15Z INFO  uboot_shell] cmd: setenv netmask 255.255.255.0
[2026-08-18T05:03:16Z INFO  uboot_shell] cmd: net list
[2026-08-18T05:03:16Z INFO  uboot_shell] cmd: bootdev hunt ethernet
[2026-08-18T05:03:24Z WARN  uboot_shell] cmd `bootdev hunt ethernet` failed: Timeout, retrying...
[2026-08-18T05:03:25Z INFO  ostool::run::uboot] Board network ok
[2026-08-18T05:03:25Z INFO  uboot_shell] cmd: setenv serverip 192.168.31.132
[2026-08-18T05:03:25Z INFO  uboot_shell] cmd: echo $fdt_addr_r
[2026-08-18T05:03:25Z INFO  uboot_shell] cmd: echo $ramdisk_addr_r
[2026-08-18T05:03:26Z INFO  uboot_shell] cmd: echo $kernel_addr_r
[2026-08-18T05:03:26Z INFO  ostool::run::uboot] Using $kernel_addr_r as kernel entry: 0x2000000
[2026-08-18T05:03:26Z INFO  uboot_shell] cmd: echo $kernel_comp_addr_r
[2026-08-18T05:03:27Z INFO  ostool::run::uboot] image load to kernel_comp_addr_r: 0xa000000
[2026-08-18T05:03:27Z INFO  uboot_shell] cmd: setenv loadaddr 0xa000000
[2026-08-18T05:03:27Z INFO  ostool::run::uboot] fitimage loadaddr: 0xa000000
[2026-08-18T05:03:27Z INFO  ostool::run::uboot] kernel entry: 0x2000000
[2026-08-18T05:03:27Z INFO  ostool::run::uboot] Using DTB from: /mnt/c/Users/10469/Workspace/starryos_t/tgoskits-rt-ivc/target/aarch64-unknown-linux-musl/release/ostool-9c9a7204-9215-46bc-93a1-7745917d78c1-orangepi-5-plus-starry.dtb
[2026-08-18T05:03:27Z INFO  ostool::boot::fit] Making FIT image...
[2026-08-18T05:03:27Z INFO  ostool::boot::fit] kernel: /mnt/c/Users/10469/Workspace/starryos_t/tgoskits-rt-ivc/target/aarch64-unknown-linux-musl/release/axvisor.bin (size: 4599872)
[2026-08-18T05:03:27Z INFO  ostool::boot::fit] 已读取 DTB 文件: /mnt/c/Users/10469/Workspace/starryos_t/tgoskits-rt-ivc/target/aarch64-unknown-linux-musl/release/ostool-9c9a7204-9215-46bc-93a1-7745917d78c1-orangepi-5-plus-starry.dtb (大小: 283158)
[2026-08-18T05:03:27Z INFO  ostool::boot::fit] FIT image ok: /mnt/c/Users/10469/Workspace/starryos_t/tgoskits-rt-ivc/target/aarch64-unknown-linux-musl/release/image.fit
[2026-08-18T05:03:27Z INFO  ostool::run::uboot] No TFTP config, using loady to upload FIT image...

send file
loady 0xa000000
## Ready for binary (ymodem) download to 0x0A000000 at 1500000 bps...
[2026-08-18T05:03:27Z INFO  uboot_shell::ymodem] Sending file: image.fit
C## Total Size      = 0x004a8564 = 4883812 Bytes
## Start Addr      = 0x0A000000
=>
send ok
[2026-08-18T05:04:27Z INFO  ostool::run::uboot] Booting kernel with command: bootm
Interacting with U-Boot shell...
bootm
## Loading kernel (any) from FIT Image at 0a000000 ...
   Using 'config-ostool' configuration
   Verifying Hash IntegriOK
   Trying 'kernel' kernel subimage
     Description:  This kernel
     Type:         Kernel Image
     Compression:  uncompressed
     Data Start:   0x0a000168
     Data Size:    4599872 Bytes = 4.4 MiB
     Architecture: AArch64
     OS:           Linux
     Load Address: 0xig-ostool' configuration
   Versh Integrity ... OK
   Trying 'fdt' fdt subimage
     Description:  This fdt
     Type:         Flat Device Tree
     Compression:  uncompressed
     Data ntegrity ... OK
   Loading fdt from 0x0a463228 to 0x12000000
   Booting using the fdt blob at    Loading Device Tree to 00000000ecb71000, end 00000000ecbb9215 ... OK
Working FDT set to ecb71000

Starting kernel ...

root=PARTUUID=5874edd8-1582-a144-a298-b139acd7b0e6 rw console=ttyS2,1500000 console=tty1 splash=verbose consoleblank=0 earlycon=type=ext4 loglevel=8 ubootpart=4cda819a-b7aa-46f4-bfa2-3a8b1825d142 usb-storage.quirks= cma=128M cgroup_enable=cpuset cgroup_memory=1 cgroup_enable=memory swapaccount=1
VM Load @PA:0x2000000
VM Load Offset: 0xffff000082000000
Memory Map:
  Rsv    0x00000000110000 - 0x000000001f0100 (896.25 KiB)
  Free   0x00000000200000 - 0x00000002000000 (30 MiB)
  KImg   0x00000002000000 - 0x00000002600000 (6 MiB)
  Free   0x00000002600000 - 0x0000000c00000B)
  Rsv    0x0000000c000000 - 0x0000000e000000 (32 MiB)
  Fre0x00000010000000 (32 MiB)
  Rsv    0x00000010000000 - 0x00000020000000 (256 MiB)
  Free   0x00000020000000 - 0x00000080000000 (1.5 GiB)
  Rsv    0x00000080000000 - 0x00000090000000 (256 MiB)
  Free   0x00000090000000 - 0x000000f0000000 (1.5 GiB)
  Free   0x00000100000000 - 0x000003fc000000 (11.94 GiB)
  Free   0x000003fc500000 - 0x000003fff00000 (58 MiB)
  Free   0x000004f0000000 - 0x00000500000000 (256 MiB)
Initialize RAM allocator: 0x200000..0x2000000
Reserving CPU-local areas
CPU-local area stride: 0x45000 bytes
Total CPU-local allocation: 0x228000 bytes (8 CPUs)
Flushed RAM used range to memory map:246000, current: 0x246000
Flushed RAM used range to memory map: 0x246000..0x46e000, current: 0xCPU-local areas allocated at 0x246000 - 0x46e000
EL: 2
Mapping early memory regions...
Ram                 : [0x0000000000200000, 0x00000000f0000000) -> [0x0000000000200000, 0x00000000f0000000) (3.75 GiB)
Ram                 : [0x0000000100000000, 0x00000003fc000000) -> [0x0000000100000000, 0x00000003fc000000) (11.94 GiB)
Ram                 : [0x00000003fc500000, 0x00000003fff00000) -> [0x00000003fc500000, 0x00000003fff00000) (58 MiB)
Ram                 : [0x00000004f0000000, 0x0000000500000000) -> [0x00000004f0000000, 0x0000000500000000) (256 MiB)
KImage              : [0x0000ffff80000000, 0x0000ffff80600000) -> [0x0000000002000000, 0x0000000002600000) (6 MiB)
PerCpu              : [0x0000ff0000246000, 0x0000ff000046e000) -> [0x0000000000246000, 0x000000000046e000) (2.16 MiB)
Debug serial        : [0x00000000feb50000, 0x00000000feb51000) -> [0x00000000feb50000, 0x00000000feb51000) (4 KiB)
Boot page table at physical address: PA:0x46e000
Setting up table registers...
MMU Entry point at physical address: 0x220570c
Trap vector at 0xffff801f9000
Memory Map:
  Rsv    0x00000000110000 - 0x000000001f0100 (896.25 KiB)
  Rsv    0x00000000200000 - 0x00000000246000 (280 KiB)
  PerCPU 0x00000000246000 - 0x0000000046e000 (2.16 MiB)
  Rsv    0x0000000046e000 - 0x0000000047d000 (60 KiB)
  Free   0x0000000047d000 - 0x00000002000000 (27.51 MiB)
  KImg   0x00000002000000 - 0x00000002600000 (6 MiB)
  Free   0x00000002600000 - 0x0000000c000000 (154 MiB)
  Rsv    0x0000000c000000 - 0x0000000e000000 (32 MiB)
  Free   0x0000000e000000 - 0x00000010000000 (32 MiB)
  Rsv    0x00000010000000 - 0x00000020000000 (256 MiB)
  Free   0x00000020000000 - 0x00000080000000 (1.5 GiB)
  Rsv    0x00000080000000 - 0x00000090000000 (256 MiB)
  Free   0x00000090000000 - 0x000000f0000000 (1.5 GiB)
  MMIO   0x000000feb50000 - 0x000000feb51000 (4 KiB)
  Free   0x00000100000000 - 0x000003fc000000 (11.94 GiB)
  Free   0x000003fc500000 - 0x000003fff00000 (58 MiB)
  Free   0x000004f0000000 - 0x00000500000000 (256 MiB)
Jumping to main entry point at 0xffff801e316c with SP 0x0000ff000028b000

       d8888                            .d88888b.   .d8888b.
      d88888                           d88P" "Y88b d88P  Y88b
     d88P888                           888     888 Y88b.
    d88P 888 888d888  .d8888b  .d88b.  888     888  "Y888b.
   d88P  888 888P"   d88P"    d8P  Y8b 888     888     "Y88b.
  d88P   888 888     888      88888888 888     888       "888
 d8888888888 888     Y88b.    Y8b.     Y88b. .d88P Y88b  d88P
d88P     888 888      "Y8888P  "Y8888   "Y88888P"   "Y8888P"

arch = aarch64
platform = RK3588 OPi 5 Plus
target = aarch64-unknown-none-softfloat
build_mode = 
log_level = info
backtrace = false
smp = 4

[37m[ 77.784844 ax_runtime:224] [32mLogging is enabled.[m
[m[37m[ 77.785328 ax_runtime:225] [32mPrimary CPU 0 started, arg = 0x200000.[m
[m[37m[ 77.785959 ax_runtime:227] [32mFound physcial memory regions:[m
[m[37m[ 77.786602 ax_runtime:229] [32m  [PA:0x110000, PA:0x1f0100) reserved (READ | WRITE | EXECUTE | RESERVED)[m
[m[37m[ 77.787492 ax_runtime:229] [32m  [PA:0x200000, PA:0x246000) reserved (READ | WRITE | EXECUTE | RESERVED)[m
[m[37m[ 77.788384 ax_runtime:229] [32m  [PA:0x246000, PA:0x46e000) reserved (READ | WRITE | EXECUTE | RESERVED)[m
[m[37m[ e:229] [32m  [PA:0x46e000, PA:0x47d000) reserved (READ | WRITE | EXECUTE | RESERVED)[m
[m[37m[ 77.790169 ax_runtime:229] [32m  [PA:0x47d000, PA:0x2000000) free memory (READ | WRITE | FREE)[m
[m[37m[ 77.790987 ax_runtime:229] [32m  [PA:0x2000000, PA:0x2600000) reserved (READ | WRITE | EXECUTE | RESERVED)[m
[m[37m[ 77.791894 ax_runtime:229] [32m  [PA:0x2600000, PA:0xc000000) free memory (READ | WRITE | FREE)[m
[m[37m[ 77.792720 ax_runtime:229] [32m  [PA:0xc000000, PA:0xe000000) reserved (READ | WRITE | EXECUTE | RESERVED)[m
[m[37m[ 77.793627 ax_runtime:229] [32m  [PA:0xe000000, PA:0x10000000) free memory (READ | WRITE | FREE)[m
[m[37m[ 77.794460 ax_runtime:229] [32m  [PA:0x10000000, PA:0x20000000) reserved (READ | WRITE | EXECUTE | RESERVED)[m
[m[37m[ 77.795382 ax_runtime:229] [32m  [PA:0x20000000, PA:0x80000000) free memory (READ | WRITE | FREE)[m
[m[37m[ 77.796222 ax_runtime:229] [32m  [PA:0x80000000, PA:0x90000000) reserved (READ | WRITE | EXECUTE | RESERVED)[m
[m[37m[ 77.797145 ax_runtime:229] [32m  [PA:0x90000000, PA:0xf0000000) free memory (READ | WRITE | FREE)[m
[m[37m[ 77.797984 ax_runtime:229] [32m  [PA:0xfeb50000, PA:0xfeb51000) mmio (READ | WRITE | DEVICE | RESERVED)[m
[m[37m[ 77.798869 ax_runtime:229] [32m  [PA:0x100000000, PA:0x3fc000000) free memory (READ | WRITE | FREE)[m
[m[37m[ 77.799724 ax_runtime:229] [32m  [PA:0x3fc500000, PA:0x3fff00000) free memory (READ | WRITE | FREE)[m
[m[37m[ 77.800580 ax_runtime:229] [32m  [PA:0x4f0000000, PA:0x500000000) free memory (READ | WRITE | FREE)[m
[m[37m[ 77.801435 ax_runtime:377] [32mInitialize global memory allocator...[m
[m[37m[ 77.802057 ax_runtime:378] [32m  use buddy-slab-allocator allocator.[m
[m[37m[ 77.802682 ax_alloc::buddy_slab:158] [32mInitialize global memory allocator, start_vaddr: 0x100000000, size: 0x2fc000000[m
[m[37m[ 77.815206 ax_alloc::buddy_slab:424] [32mglobal allocator initialized[m
[m[37m[ 77.815829 ax_alloc::buddy_slab:168] [32mAdd memory region, start_vaddr: 0x47d000, size: 0x1b83000[m
[m[37m[ 77.816703 ax_alloc::buddy_slab:168] [32mAdd memory region, start_vaddr: 0x2600000, size: 0x9a00000[m
[m[37m[ 77.817696 ax_alloc::buddy_slab:168] [32mAdd memory region, start_vaddr: 0xe000000, size: 0x2000000[m
[m[37m[ 77.818575 ax_alloc::buddy_slab:168] [32mAdd memory region, start_vaddr: 0x20000000, size: 0x60000000[m
[m[37m[ 77.820885 ax_alloc::buddy_slab:168] [32mAdd memory region, start_vaddr: 0x90000000, size: 0x60000000[m
[m[37m[ 77.823195 ax_alloc::buddy_slab:168] [32mAdd memory region, start_vaddr: 0x3fc500000, size: 0x3a00000[m
[m[37m[ 77.824116 ax_alloc::buddy_slab:168] [32mAdd memory region, start_vaddr: 0x4f0000000, size: 0x10000000[m
[m[37m[ 77.825230 ax_runtime:264] [32mkernel aspace: [VA:0x0, VA:0xffffffffffffffff)[m
[m[37m[ 77.825914 ax_mm:107] [32mInitialize virtual memory management...[m
[m[37m[ 80.421218 ax_runtime:276] [32mInitialize platform devices...[m
[m[37m[ 80.499735 someboot::arch::power:23] [32mPower management method : SMC[m
[m[37m[ 80.500378 somehal::driver:5] [32mInitializing rdrive with FDT at 0x200000[m
[m[37m[ 80.707513 ax_driver::soc::rockchip::pinctrl:301] [32mRockchip RK3588 pinctrl registered successfully[m
[m[37m[ 80.828927 somehal::arch::gic::v3:274] [32mGICv3 CPU 0 EOI mode: two_step=true[m
[m[37m[ 80.978919 ax_task::api:150] [32mInitialize scheduling...[m
[m[37m[ 80.979510 ax_task::api:158] [32m  use FIFO sched[37m[ 81.124840 ax_driver::soc::scmi:54] [33m[scmi] SCMI shmem phandle 72 cannot be resolved by rdrive; using RK3588 shmem fallback 0x10f000+0x100[m
[m[37m[ 81.126149 ax_driver::soc::scmi:84] [32mSCMI clock protocol registered: path=/firmware/scmi/protocol@14, phandle=Some(Phandle(15)), protocol=0x14[m
[m[37ax_driver::soc::scmi:93] [32mSCMI SMC registered: smc_id=0x82000010, shmem_phandle=72, shmem=0x10f000+0x100[m
[m[37m[ 81.129383 ax_driver::soc::rockchip::cru::rk3588:60] [32mRK3588 CRU reg: addr=0xfd7c0000, size=0x5c000, rockchip,grf=<0x77>[m
[m[37m[ 81.130498 rockchip_soc::variants::rk3588::cru:123] [32mCRU@fd7c0000: Initializing and verifying clock configuration...[m
[m[37m[ 81.131512 rockchip_soc::variants::rk3588::cru:174] [33m⚠ CRU@fd7c0000: ACLK_BUS_ROOT div mismatch! u-boot: 3, current: 4[m
[m[37m[ 81.132550 rockchip_soc::variants::rk3588::cver::soc::rockchip::cru::rk3588:[37m[ 81.136100 ax_driver::soc::rockchip::pm:78] [32mRockchip power-domain provider registered[37m[ 81.865317 ax_driver::soc::fixed_regulator:70] [32mFixed regulator vcc5v0_host enabled via pinctrl[m
[m[37m[ 81.991772 ax_driver::soc::fixed_regulator:70] [32mFixed regulator vcc3v3_pcie_eth enabled via pinctrl[m
[m[37m[ 82.070402 ax_driver::soc::fixed_regulator:70] [32mFixed regulator wifi_disable enabled via pinctrl[m
[m[37m[ 82.109284 ax_driver::soc::rockchip::npu_handoff:130] [32mAXVISOR_RK3588_NPU_HANDOFF_READY cores=3 power_domains=3 clocks=8 resets=6 scmi_clock_id=6 scmi_rate_hz=200000000 host_submit=false[m
[m[37m[ 82.112060 ax_driver::block::rockchip::clock:12] [32m[mmc@fe2c0000] enabled SDMMC clock Some("biu") (0x17)[m
[m[37m[ 82.112987 ax_driver::block::rockchip::clock:12] [32m[mmc@fe2c0000] enabled SDMMC clock Some("ciu") (0x9)[m
[m[37m[ 82.113893 ax_driver::block::rockchip::clock:12] [32m[mmc@fe2c0000] enabled SDMMC clock Some("ciu-drive") (0x2c2)[m
[m[37m[ 82.114856 ax_driver::block::rockchip::clock:12] [32m[mmc@fe2c0000] enabled SDMMC clock Some("ciu-sample") (0x2c3)[m
[m[37m[ 82.189260 ax_driver::block::rockchip::sd:192] [32m[mmc@fe2c0000] vqmmc-supply phandle Phandle(283) is not a fixed GPIO regulator; skip pinctrl enable[m
[m[37m[ 82.190531 ax_driver::block::rockchip::sd:121] [32mrockchip-dwmmc probe: node=mmc@fe2c0000, addr=0xfe2c0000, size=0x4000[m
[m[37m[ 82.191663 ax_driver::block::rockchip::sd:133] [32mrockchip-dwmmc: using ciu reference clock 49500000 Hz[m
[m[37m[ 82.192740 ax_driver::block::rockchip::sd::phase:41] [32mrockchip-dwmmc: RK3588 SDMMC phase configured: drive=90deg sample=0deg parent=49500000Hz[m
[m[37m[ 82.193988 ax_driver::block::rockchip::sd:160] [32mrockchip-dwmmc: defer protocol initialization controller=rockchip-dwmmc:/mmc@fe2c0000 media=SD preference=SdOnly[m
[m[37m[ 82.195547 ax_driver::block::rockchip::sd:171] [32mrockchip-dwmmc block device registered irq=None[m
[m[37m[ 82.197659 ax_driver::block::rockchip::clock:12] [32m[mmc@fe2e0000] enabled SDHCI clock Some("core") (0x13a)[m
[m[37m[ 82.198593 ax_driver::block::rockchip::clock:12] [32m[mmc@fe2e0000] enabled SDHCI clock Some("bus") (0x138)[m
[m[37m[ 82.199513 ax_driver::block::rockchip::clock:12] [32m[mmc@fe2e0000] enabled SDHCI clock Some("axi") (0x139)[m
[m[37m[ 82.200432 ax_driver::block::rockchip0000] enabled SDHCI clock Some("ck") (0x13b)[m
[m[37m[ 82.201379 ax_driver::block::rockchip::clock:12] [32m[mmc@fe2e0000] enabled SDHCI clock Some("timer") (0x13c)[m
[m[37m[ 82.202330 ax_driver::block::rockchip::sdhci_rk3588:176] [32mrockchip-sdhci probe: node=mmc@fe2e0000, addr=0xfe2e0000, size=0x10000[m
[m[37m[ 82.203569 ax_driver::block::rockchip::sdhci_rk3588:191] [32mrockchip-sdhci: using external CRU clock[m
[m[37m[ 82.204465 ax_driver::block::rockchip::sdhci_rk3588:208] [32mrockchip-sdhci: defer protocol initialization controller=rockchip-sdhci:/mmc@fe2e0000 media=MMC preference=MmcFirst[m
[m[37m[ 82.206109 ax_driver::block::rockchip::sdhci_rk3588:218] [32mrockchip-sdhci block device registered irq=None[m
[m[37m[ 82.207287 sdmmc_protocol::sdio::init::state_machine:102] [32msdio: submit bus op ResetAll[m
[m[37m[ 82.208179 ax_fs_ng::block::runtime::hctx:177] [32mblock hctx 0 bound to CPU 0 with hardware depth 1[m
[m[37m[ 82.209085 ax_fs_ng::block::runtime::lifecycle::device:300] [32mblock device rockchip-dwmmc:/mmc@fe2c0000 IRQ source 0 (IrqId { domain: IrqDomainId(7), hwirq: HwIrq(235) }) fixed to CPU 0 for queue mask 0x1[m
[m[37m[ 82.211265 sdmmc_protocol::sdio::init::state_machine:102] [32msdio: submit bus op PowerOn[m
[m[37m[ 82.222301 sdmmc_protocol::sdio::init::state_machine:102] [32msdio: submit bus op SwitchVoltage(V330)[m
[m[37m[ 82.22mmc_protocol::sdio::init::state_machine:63] [32msdio: submit bus op SetClock(Identification)[m
[m[37m[ 82.225118 ax_driver::block::rockchip::sd:72] [32mrockchip-dwmmc: ciu clock set target=400000 Hz cclkin=800000 Hz bus=400000 Hz[m
[m[37m[ 82.248670 sdmmc_protocol::sdio::init::state_machine::identify:175] [32msdio: detected Sd ocr=0xc0ff8000[m
[m[37m[ 82.250960 sdmmc_protocol::sdio::init::state_machine::identify:340] [32msdio: CSD capacity_blocks=Some(62333952)[m
[m[37m[ 82.252240 sdmmc_protocol::sdio::init::state_machine::identify:354] [32msdio: switch SD bus width to 4-bit[m
[m[37m[ 82.253779 sdmmc_protocol::sdio::init::state_machine:63] [32msdio: submit bus op SetBusWidth(Bit4)[m
[m[37m[ 82.254870 sdmmc_protocol::sdio::init::state_machine:63] [32msdio: submit bus op SetClock(Default)[m
[m[37m[ 82.255865 ax_driver::block::rockchip::sd:72] [32mrockchip-dwmmc: ciu clock set target=25000000 Hz cclkin=49500000 Hz bus=24750000 Hz[m
[m[37m[ 82.260661 ax_driver::block::rockchip::sd:72] [32mrockchip-dwmmc: ciu clock set target=50000000 Hz cclkin=99000000 Hz bus=49500000 Hz[m
[m[37m[ 82.262280 sdmmc_protocol::sdio::init::state_machine::sd:185] [32msdio: SD speed selected HighSpeed[m
[m[37m[ 82.263267 sdmmc_protocol::sdio::init::state_machine:237] [32msdio: init done kind=Sd sd_v2=true high_capacity=true rca=0xaaaa ocr=0xc0ff8000 host_bus_width=Bit4 ext_csd_bus_widthtiming=None[m
[m[37m[ 82.264912 sdmmc_protocol::rdif::queue:172] [32msdmmc block init complete: kind=Sd high_capacity=true rca=43690 capacity_blocks=62333952 cache_enabled=false[m
[m[37m[ 82.266293 sdmmc_protocol::sdio::init::state_machine:102] [32msdio: submit bus op ResetAll[m
[m[37m[ 82.267165 ax_fs_ng::block::runtime::hctx:177] [32mblock hctx 0 bound to CPU 0 with hardware depth 1[m
[m[37m[ 82.268057 ax_fs_ng::block::runtime::lifecycle::device:300] [32mblock device rockchip-sdhci:/mmc@fe2e0000 IRQ source 0 (IrqId { domain: IrqDomainId(7), hwirq: HwIrq(237) }) fixed to CPU 0 for queue mask 0x1[m
[m[37m[ 82.269895 ax_driver::block::rockchip::sdhci_rk3588:262] [32mrockchip-sdhci: RK3588 DWCMSHC vendor reset area1=0x500[m
[m[37m[ 82.270910 sdmmc_protocol::sdio::init::state_machine:102] [32msdio: submit bus op PowerOn[m
[m[37m[ 82.281722 sdmmc_protocol::sdio::init::state_machine:102] [32msdio: submit bus op SwitchVoltage(V330)[m
[m[37m[ 82.287250 sdmmc_protocol::sdio::init::state_machine:63] [32msdio: submit bus op SetBusWidth(Bit1)[m
[m[37m[ 82.288122 sdmmc_protocol::sdio::init::state_machine:63] [32msdio: submit bus op SetClock(Identification)[m
[m[37m[ 82.289166 ax_driver::block::rockchip::sdhci_rk3588:121] [32mrockchip-sdhci: core clock set to 375000 Hz[m
[m[37m[ 82.332294 sdmmc_protocol::sdio::init::state_machine::identify:264] [32msdio: detected Mmc ocr=0xc0ff8080[m
[m[37m[ 82.334672 sdmmc_protocol::sdio::init::state_machine::identify:340] [32msdio: CSD capacity_blocks=None[m
[m[37m[ 82.347406 sdmmc_protocol::sdio::init::state_machine::mmc:38] [32msdio: EXT_CSD sector_count=122224640[m
[m[37m[ 82.350133 ax_driver::block::rockchip::sdhci_rk3588:121] [32mrockchip-sdhci: core clock set to 50000000 Hz[m
[m[37m[ 82.351293 sdmmc_protocol::sdio::init::state_machine::mmc:314] [32msdio: MMC speed selected HighSpeed bus_width=Bit8[m
[m[37m[ 82.352358 sdmmc_protocol::sdio::init::state_machine::mmc:340] [32msdio: enabled 65536 KiB volatile write cache[m
[m[37m[ 82.353435 sdmmc_protocol::sdio::init::state_machine:237] [32msdio: init done kind=Mmc sd_v2=false high_capacity=true rca=0x1 ocr=0xc0ff8080 host_bus_width=Bit8 ext_csd_bus_width=Some(Sdr1) ext_csd_timing=Some(Compat)[m
[m[37m[ 82.355178 sdmmc_protocol::rdif::queue:172] [32msdmmc block init complete: kind=Mmc high_capacity=true rca=1 capacity_blocks=122224640 cache_enabled=true[m
[m[37m[ 82.397032 ax_fs_ng::root:348] [32m    partition 1 name=Some("bootfs") fs=Some(Fat) lba 61440..2158592[m
[m[37m[ 82.398213 ax_fs_ng::root:348] [32m    partition 2 name=None fs=Some(Ext4) lba 2158592..61702144[m
[m[37m[ 82.399044 ax_fs_ng::root:364] [32m  block device 0 (rockchip-dwmmc:/mmc@fe2c0000) has Gpt partition table with 2 partitions[m
[m[37m[ 82.432260 ax_fs_ng::root:348] [32m    partition 1 name=Some("uboot") fs=None lba 8192..16384[m
[m[37m[ 82.433407 ax_fs_ng::root:348] [32m    partition 2 name=Some("misc") fs=None lba 16384..24576[m
[m[37m[ 82.434510 ax_fs_ng::root:348] [32m    partition 3 name=Some("bootctrl") fs=None lba 24576..28672[m
[m[37m[ 82.435659 ax_fs_ng::root:348] [32m    partition 4 name=Some("resource") fs=None lba 28672..40960[m
[m[37m[ 82.436698 ax_fs_ng::root:348] [32m    partition 5 name=Some("boot_linux") fs=Some(Ext4) lba 40960..237568[m
[m[37m[ 82.437942 ax_fs_ng::root:348] [32m    partition 6 name=Some("ramdisk") fs=None lba 237568..245760[m
[m[37m[ 82.438989 ax_fs_ng::root:348] [32m    partition 7 name=Some("system") fs=Some(Ext4) lba 245760..4440064[m
[m[37m[ 82.440081 ax_fs_ng::root:348] [32m    partition 8 name=Some("vendor") fs=Some(Ext4) lba 4440064..6537216[m
[m[37m[ 82.441189 ax_fs_ng::root:348] [32m    partition 9 name=Some("sys-prod") fs=Some(Ext4) lba 6537216..6639616[m
[m[37m[ 82.442284 ax_fs_ng::root:348] [32m    partition 10 name=Some("chip-prod") fs=Some(Ext4) lba 6639616..6742016[m
[m[37m[ 82.443504 ax_fs_ng::root:348] [32m    partition 11 name=Some("updater") fs=None lba 6742016..6807552[m
[m[37m[ 82.444623 ax_fs_ng::root:348] [32m    partition 12 name=Some("eng_system") fs=None lba 6807552..6840320[m
[m[37m[ 82.445764 ax_fs_ng::root:348] [32m    partition 13 name=Some("eng_chipset") fs=None lba 6840320..6873088[m
[m[37m[ 82.446911 ax_fs_ng::root:348] [32m    partition 14 name=Some("chip_ckm") fs=None lba 6938624..7069696[m
[m[37m[ 82.448163 ax_fs_ng::root:348] [32m    partition 15 name=Some("userdata") fs=None lba 19955712..122224576[m
[m[37m[ 82.449063 ax_fs_ng::root:364] [32m  block device 1 (rockchip-sdhci:/mmc@fe2e0000) has Gpt partition table with 15 partitions[m
[m[37m[ 82.450167 ax_fs_ng::root:455] [32m  matched root by PARTUUID on disk0 partition 2 (<unnamed>, fs=ext4, lba 2158592..61702144)[m
[m[37m[ 82.451239 ax_fs_ng:93] [32mInitialize filesystem subsystem...[m
[m[37m[ 82.451809 ax_fs_ng:94] [32m  selected root device: disk0 partition 2 (<unnamed>, fs=ext4, lba 2158592..61702144)[m
[m[37m[ 82.481564 rsext4::ext4::mount:331] [32m/lost+found exists (superblock hint inode=11)[m
[m[37m[ 82.483373 rsext4::ext4::mount:466] [32mExt4 filesystem mounted[m
[m[37m[ 82.483953 rsext4::ext4::mount:467] [32m  - block size: 4096 bytes[m
[m[37m[ 82.484560 rsext4::ext4::mount:468] [32m  - total blocks: 7442944[m
[m[37m[ 82.485160 rsext4::ext4::mount:469] [32m  - free blocks: 5818880[m
[m[37m[ 82.485753 rsext4::ext4::mount:470] [32m  - total inodes: 1845888[m
[m[37m[ 82.486353 rsext4::ext4::mount:471] [32m  - free inodes: 1796787[m
[m[37m[ 82.486945 rsext4::ext4::sync:13] [32mSyncing filesystem...[m
[m[37m[ 82.500593 rsext4::ext4::mount:550] [32mExt4 filesystem mounted[m
[m[37m[ 82.501214 ax_fs_ng:106] [32m  filesystem type: "ext4"[m
[m[37m[ 82.513548 ax_fs_ng::root:610] [32m  mounting partition disk0 partition 1 (bootfs, fs=fat, lba 61440..2158592) at /boot[m
[m[37m[ 82.517896 rsext4::hashtree::lookup:241] [31mFS DOES NOT SUPPORT NORMAL MULTIPLE POINTERS, PLEASE TURN ON EXTENT FEATURE![m
[m[37m[ 82.518915 rsext4::ext4::mount:354] [32m/lost+found not found by path scan;will create![m
[m[37m[ 82.519683 rsext4::hashtree::lookup:241] [31mFS DOES NOT SUPPORT NORMAL MULTIPLE POINTERS, PLEASE TURN ON EXTENT FEATURE![m
[m[37m[ 82.521991 rsext4::file::blocks:66] [31mnot support traditional block pointer[m
[m[37m[ 82.522676 rsext4::ext4::mount:356] [33m/lost+found missing and create failed[m
[m[37m[ 82.523416 rsext4::ext4::mount:466] [32mExt4 filesystem mounted[m
[m[37m[ 82.523994 rsext4::ext4::mount:467] [32m  - block size: 4096 bytes[m
[m[37m[ 82.524601 rsext4::ext4::mount:468] [32m  - total blocks: 16384[m
[m[37m[ 82.525186 rsext4::ext4::mount:469] [32m  - free blocks: 5074[m
[m[37m[ 82.525756 rsext4::ext4::mount:470] [32m  - total inodes: 8192[m
[m[37m[ 82.526334 rsext4::ext4::mount:471] [32m  - free inodes: 8060[m
[m[37m[ 82.526904 rsext4::ext4::s] [32mSyncing filesystem...[m
[m[37m[ 82.531264 rsext4::ext4::mount:550] [32mExt4 filesystem mounted[m
[m[37m[ 82.531872 ax_fs_ng::root:610] [32m  mounting partition disk1 partition 5 (boot_linux, fs=ext4, lba 40960..237568) at /boot[m
[m[37m[ 82.533335 rsext4::crc32c::arm64:54] [33mID_AA64ISAR0_EL1[19:16]: 0x1[m
[m[37m[ 82.533961 rsext4::crc32c::arm64:57] [33mHardware CRC32C support detected.[m
[m[37m[ 82.535755 rsext4::ext4::mount:331] [32m/lost+found exists (superblock hint inode=11)[m
[m[37m[ 82.537347 rsext4::ext4::mount:466] [32mExt4 filesystem mounted[m
[m[37m[ 82.537927 rsext4::ext4::mount:467] [32m  - block size: 4096 bytes[m
[m[37m[ 82.538534 rsext4::ext4::mount:468] [32m  - total blocks: 393215[m
[m[37m[ 82.539126 rsext4::ext4::mount:469] [32m  - free blocks: 61635[m
[m[37m[ 82.539704 rsext4::ext4::mount:470] [32m  - total inodes: 98304[m
[m[37m[ 82.540289 rsext4::ext4::mount:471] [32m  - free inodes: 94293[m
[m[37m[ 82.540875 rsext4::ext4::sync:13] [32mSyncing filesystem...[m
[m[37m[ 82.542152 rsext4::ext4::mount:550] [32mExt4 filesystem mounted[m
[m[37m[ 82.542832 ax_fs_ng::root:610] [32m  mounting partition disk1 partition 7 (system, fs=ext4, lba 245760..4440064) at /system[m
[m[37m[ 82.546171 rsext4::ext4::mount:331] [32m/lost+found exists (superblock hint inode=11)[m
[m[37m[ 82.547918 rsext4::ext4::mount:466] [32mExt4 filesystem mounted[m
[m[37m[ 82.548497 rsext4::ext4::mount:467] [32m  - block size: 4096 bytes[m
[m[37m[ 82.549105 rsext4::ext4::mount:468] [32m  - total blocks: 65535[m
[m[37m[ 82.549689 rsext4::ext4::mount:469] [32m  - free blocks: 24032[m
[m[37m[ 82.550267 rsext4::ext4::mount:470] [32m  - total inodes: 65536[m
[m[37m[ 82.550861 rsext4::ext4::mount:471] [32m  - free inodes: 65194[m
[m[37m[ 82.551431 rsext4::ext4::sync:13] [32mSyncing filesystem...[m
[m[37m[ 82.552706 rsext4::ext4::mount:550] [32mExt4 filesystem mounted[m
[m[37m[ 82.553313 ax_fs_ng::root:610] [32m  mounting partition disk1 partition 8 (vendor, fs=ext4, lba 4440064..6537216) at /vendor[m
[m[37m[ 82.556647 rsext4::ext4::mount:331] [32m/lost+found exists (superblock hint inode=11)[m
[m[37m[ 82.558219 rsext4::ext4::mount:466] [32mExt4 filesystem mounted[m
[m[37m[ 82.558798 rsext4::ext4::mount:467] [32m  - block size: 4096 bytes[m
[m[37m[ 82.559406 rsext4::ext4::mount:468] [32m  - total blocks: 12800[m
[m[37m[ 82.559990 rsext4::ext4::mount:469] [32m  - free blocks: 11981[m
[m[37m[ 82.560568 rsext4::ext4::mount:470] [32m  - total inodes: 12800[m
[m[37m[ 82.561161 rsext4::ext4::mount:471] [32m  - free inodes: 12786[m
[m[37m[ 82.561731 rsext4::ext4::sync:13] [32mSyncing filesystem...[m
[m[37m[ 82.563005 rsext4::ext4::mount:550] [32mExt4 filesystem mounted[m
[m[37m[ 82.563612 ax_fs_ng::root:610] [32m  mounting partition disk1 partition 9 (sys-prod, fs=ext4, lba 6537216..6639616) at /sys-prod[m
[m[37m[ 82.566984 rsext4::ext4::mount:331] [32m/lost+found exists (superblock hint inode=11)[m
[m[37m[ 82.568556 rsext4::ext4::mount:466] [32mExt4 filesystem mounted[m
[m[37m[ 82.569136 rsext4::ext4::mount:467] [32m  - block size: 4096 bytes[m
[m[37m[ 82.569744 rsext4::ext4::mount:468] [32m  - total blocks: 12800[m
[m[37m[ 82.570328 rsext4::ext4::mount:469] [32m  - free blocks: 11981[m
[m[37m[ 82.570915 rsext4::ext4::mount:470] [32m  - total inodes: 12800[m
[m[37m[ 82.571492 rsext4::ext4::mount:471] [32m  - free inodes: 12786[m
[m[37m[ 82.572070 rsext4::ext4::sync:13] [32mSyncing filesystem...[m
[m[37m[ 82.573342 rsext4::ext4::mount:550] [32mExt4 filesystem mounted[m
[m[37m[ 82.573949 ax_fs_ng::root:610] [32m  mounting partition disk1 partition 10 (chip-prod, fs=ext4, lba 6639616..6742016) at /chip-prod[m
[m[37m[ 82.576430 somehal::arch::gic::v3:274] [32mGICv3 CPU 1 EOI mode: two_step=true[m
[m[37m[ 82.577139 ax_runtime::mp:79] [32mSecondary CPU 1 started.[m
[m[37m[ 82.577715 somehal::arch::gic::v3:274] [32mGICv3 CPU 2 EOI mode: two_step=true[m
[m[37m[ 82.577744 ax_runtime::mp:110] [32mSecondary CPU 1 init OK.[m
[m[37m[ 82.578419 ax_runtime::mp:79] [32mSecondary CPU 2 started.[m
[m[37m[ 82.578993 somehal::arch::gic::v3:274] [32mGICv3 CPU 3 EOI mode: two_step=true[m
[m[37m[ 82.579569 ax_runtime::mp:110] [32mSecondary CPU 2 init OK.[m
[m[37m[ 82.580218 ax_runtime::mp:79] [32mSecondary CPU 3 started.[m
[m[37m[ 82.580219 ax_runtime:350] [32mPrimary CPU 0 init OK.[m
[m[37m[ 82.581368 ax_runtime::mp:110] [32mSecondary CPU 3 init OK.[m
[m[37m[ 82.582407 0:2 ax_fs_ng::block::runtime::lifecycle::device:369] [32mblock device rockchip-dwmmc:/mmc@fe2c0000 online with 1 hctxs across 4 CPUs[m
[m[37m[ 82.583604 0:2 ax_fs_ng::block::runtime::lifecycle::device:369] [32mblock device rockchip-sdhci:/mmc@fe2e0000 online with 1 hctxs across 4 CPUs[m
[m

       d8888            888     888  d8b
      d88888            888     888  Y8P
     d88P888            888     888
    d88P 888  888  888  Y88b   d88P  888  .d8888b    .d88b.   888d888
   d88P  888  `Y8bd8P'   Y88b d88P   888  88K       d88""88b  888P"
  d88P   888    X88K      Y88o88P    888  "Y8888b.  888  888  888
 d8888888888  .d8""8b.     Y888P     888       X88  Y88..88P  888
d88P     888  888  888      Y8P      888   88888P'   "Y88P"   888


by AxVisor Team

[37m[ 82.588478 0:2 axvisor:82] [32mStarting virtualization...[m
[m[37m[ 82.589018 0:2 ax_driver::soc::rockchip::npu_handoff:63] [32mAXVISOR_RK3588_NPU_HANDOFF_REQUIRED ready=true[m
[m[37m[ 82.589933 0:2 ax_driver::soc::rockchip::npu_handoff:72] [32mAXVISOR_RK3588_NPU_HANDOFF_READY[m
[m[37m[ 82.590751 0:2 ax_driver::soc::rockchip::npu_handoff:73] [32mAXVISOR_RK3588_NPU_RESOURCES cores=3 power_domains=3 clocks=8 resets=6[m
[m[37m[ 82.591840 0:2 ax_driver::soc::rockchip::npu_handoff:80] [32mAXVISOR_RK3588_NPU_SCMI clock_id=6 rate_hz=200000000[m
[m[37m[ 82.592800 0:2 ax_driver::soc::rockchip::npu_handoff:84] [32mAXVISOR_RK3588_NPU_OWNERSHIP host_submit=false[m
[m[37m[ 82.693726 0:2 ax_driver::soc::rockchip::npu_handoff:72] [32mAXVISOR_RK3588_NPU_HANDOFF_READY[m
[m[37m[ 82.694530 0:2 ax_driver::soc::rockchip::npu_handoff:73] [32mAXVISOR_RK3588_NPU_RESOURCES cores=3 power_domains=3 clocks=8 resets=6[m
[m[37m[ 82.695625 0:2 ax_driver::soc::rockchip::npu_handoff:80] [32mAXVISOR_RK3588_NPU_SCMI clock_id=6 rate_hz=200000000[m
[m[37m[ 82.696586 0:2 ax_driver::soc::rockchip::npu_handoff:84] [32mAXVISOR_RK3588_NPU_OWNERSHIP host_submit=false[m
[m[37m[ 82.797510 0:2 ax_driver::soc::rockchip::npu_handoff:72] [32mAXVISOR_RK3588_NPU_HANDOFF_READY[m
[m[37m[ 82.798313 0:2 ax_driver::soc::rockchip::npu_handoff:73] [32mAXVISOR_RK3588_NPU_RESOURCES cores=3 power_domains=3 clocks=8 resets=6[m
[m[37m[ 82.799408 0:2 ax_driver::soc::rockchip::npu_handoff:80] [32mAXVISOR_RK3588_NPU_SCMI clock_id=6 rate_hz=200000000[m
[m[37m[ 82.800368 0:2 ax_driver::soc::rockchip::npu_handoff:84] [32mAXVISOR_RK3588_NPU_OWNERSHIP host_submit=false[m
[m[37m[ 82.901299 0:2 ax_driver::soc::rockchip::npu_handoff:72] [32mAXVISOR_RK3588_NPU_HANDOFF_READY[m
[m[37m[ 82.902102 0:2 ax_driver::soc::rockchip::npu_handoff:73] [32mAXVISOR_RK3588_NPU_RESOURCES cores=3 power_domains=3 clocks=8 resets=6[m
[m[37m[ 82.903197 0:2 ax_driver::so588_NPU_SCMI clock_id=6 rate_hz=[m[37m[ 82.904157 0:2 ax_driver::soc::rockchip::npu_handoff:84] [32mAXVISOR_RK3588_NPU_OWNERSHIP host_submit=false[m
[m[37m[ 83.005082 0:2 ax_driver::soc::rockchip::npu_handoff:72] [32mAXVISOR_RK3588_NPU_HANDOFF_READY[m
[m[37m[ 83.005885 0:2ndoff:73] [32mAXVISOR_RK3588_NPU_RESOURCES cores=3 power_domains=3 clocks=8 resets=6[m
[m[37m[ 83.006980 0:2 ax_driver::soc::rockchip::npu_handoff:80] [32mAXVISOR_RK3588_NPU_SCMI clock_id=6 rate_hz=200000000[m
[m[37m[ 83.007948 0:2 ax_driver::soc::rockchip::npu_handoff:84] [32mAXVISOR_RK3588_NPU_OWNERSHIP host_submit=false[m
[m[37m[ 83.008856 0:2 axvm::host::arceos:390] [32mEnabling hardware virtualization support on all cores...[m
[m[37m[ 83.009711 0:2 axvm::host::arceos:396] [32mCore 0 is initializing hardware virtualization support...[m
[m[37m[ 83.010573 0:2 axvm::timer:334] [32mInitializing AxVM timer wheel...[m
[m[37m[ 83.132089 0:2 axvm::host::arceos:398] [32mHardware virtualization support enabled on core 0[m
[m[37m[ 83.132931 1:15xvm::host::arceos:408] [32mCore 1 is initializing hardware virtualization support...[m
[m[37m[ 83.132964 0:2 axvm::host::arceos:424] [32mWaiting for all cores to enable hardware virtualization...[m
[m[37m[ 83.132972 3:17 axvm::host::arceos:408] [32mCore 3 is initializing hardware virtualization support...[m
[m[37m[ 83.132952 2:16 axvm::host::arceos:408] [32mCore 2 is initializing hardware virtualization support...[m
[m[37m[ 83.135540 3:17 axvm::timer:334] [32mInitializing AxVM timer wheel...[m
[m[37m[ 83.133797 1:15 axvm::timer:334] [32mInitializing AxVM timer wheel...[m
[m[37m[ 83.137086 3:17 axvm::host::arceos:411] [32mHardware virtualization support enabled on core 3[m
[m[37m[ 83.136411 2:16 axvm::timer:334] [32mInitializing AxVM timer wheel...[m
[m[37m[ 83.137710 1:15 axvm::host::arceos:411] [32mHardware virtualization support enabled on core 1[m
[m[37m[ 83.139149 2:16 axvm::host::arceos:411] [32mHardware virtualization support enabled on core 2[m
[m[37m[ 83.140739 0:2 axvm::host::arceoson support.[m
[m[37m[ 83.143453 0:2 axvisor::manager:151] [32mNOT find dir: /guest/vm_default in filesystem[m
[m[37m[ 83.144210 0:2 axvisor::config:90] [32mUsing static VM configs.[m
[m[37m[ 83.245202 0:2 axvm::arch::aarch64::fdt::core::parser:462] [32mCPU node: /cpus/cpu@0, node_id: 0x0, hardware_cpu_id: 0x0[m
[m[37m[ 83.246241 0:2 axvm::arch::aarch64::fdt::core::parser:462] [32mCPU node: /cpus/cpu@100, node_id: 0x100, hardware_cpu_id: 0x100[m
[m[37m[ 83.247317 0:2 axvm::arch::aarch64::fdt::core::parser:462] [32mCPU node: /cpus/cpu@200, node_id: 0x200, hardware_cpu_id: 0x200[m
[m[37m[ 83.248391 0:2 axvm::arch::aarch64::fdt::core::parser:462] [32mCPU node: /cpus/cpu@300, node_id: 0x300, hardware_cpu_id: 0x300[m
[m[37m[ 83.249466 0:2 axvm::arch::aarch64::fdt::core::parser:462] [32mCPU node: /c_id: 0x400, hardware_cpu_id: 0x400[m
[m[37m[ 83.250544 0:2 aCPU node: /cpus/cpu@500, node_id: 0x500, hardware_cpu_id: 0x500[m
[m[37m[ 83.251630 0:2 axvm::arch::aarch64::fdt::core::parser:462] [32mCPU node: /cpus/cpu@600, node_id: 0x600, hardware_cpu_id: 0x600[m
[m[37m[ 83.252706 0:2 axvm::arch::aarch64::fdt::core::parser:462] [32mCPU node: /cpus/cpu@700, node_id: 0x700, hardware_cpu_id: 0x700[m
[m[37m[ 83.267376 0:2 axvm::arch::aarch64::fdt::core::parser:469] [32mFound 8 host CPU nodes[m
[m[37m[ 83.268134 0:2 axvm::arch::aarch64::fdt::core:142] [32mVM[1] found DTB, parsing...[m
[m[37m[ 83.442921 0:2 axvm::arch::aarch64::fdt::core::device:96] [32mFound excluded devices: ["/interrupt-controller@8000000", "/serial@9000000", "/timer"][m
[m[37m[ 83.447131 0:2 axvm::arch::aarch64::fdt::core::device:96] [32mFound excluded devices: ["/interrupt-controller@8000000", "/serial@9000000", "/timer"][m
[m[37m[ 83.449521 0:2 axvisor::config:137] [32mCreating VM[1] "starry-vision-ivc-orangepi"[m
[m[37m[102.920178 0:2 axvm::vm:1073] [32mVM created: id=1[m
[m[37m[102.920748 0:2 axvisor::config:149] [32mVM[1] created success, loading images...[m
[m[37m[104.026252 0:2 axdevice::device:1229] [32mDeviceRuntime: registered device id=0[m
[m[37m[104.026960 0:2 axdevice::devred device id=1[m
[m[37m[104.027744 0:2 axdevice::device:1229] [32mDeviceRuntime: registered device id=2[m
[m[37m[104.028533 0:2 axdevice::device:1229] [32mDeviceRuntime: registered device id=3[m
[m[37m[104.029317 0:2 axdevice::device:1229] [32mDeviceRuntime: registered device id=4[m
[m[37m[104.030197 0:2 axvm::vm::prepare:86] [32mVM setup: id=1[m
[m[37m[104.123005 0:2 axvm::arch::aarch64::fdt::core::parser:462] [32mCPU node: /cpus/cpu@0, node_id: 0x0, hardware_cpu_id: 0x0[m
[m[37m[104.124045 0:2 axvm::arch::aarch64::fdt::core::parser:462] [32mCPU node: /cpus/cpu@100, node_id: 0x100, hardware_cpu_id: 0x100[m
[m[37m[104.125122 0:2 axvm::arch::aarch64::fdt::core::parser:462] [32mCPU node: /cpus/cpu@200, node_id: 0x200, hardware_cpu_id: 0x200[m
[m[37m[104.126199 0:2 axvm::arch::aarch64::fdt::core::parser:462] [32mCPU node: /cpus/cpu@300, node_id: 0x300, hardware_cpu_id: 0x300[m
[m[37m[104.127275 0:2 axvm::arch::aarch64::fdt::core::parser:462] [32mCPU node: /cpus/cpu@400, node_id: 0x400, hardware_cpu_id: 0x400[m
[m[37m[104.128353 0:2 axvm::arch::aarch64::fdt::core::parser:462] [32mCPU node: /cpus/cpu@500, node_id: 0x500, hardware_cpu_id: 0x500[m
[m[37m[104.129429 0:2 axvm::arch::aarch64::fdt::core::parser:462] [32mCPU node: /cpus/cpu@600, node_id: 0x600, hardware_cpu_id: 0x600[m
[m[37m[104.130504 0:2 axvm::arch::aarch64::f0[m
[m[37m[104.145302 0:2 axvm::arch::aarch64::fdt::core::parser:469] [32mFound 8 host CPU nodes[m
[m[37m[104.146060 0:2 axvm::arch::aarch64::fdt::core:151] [32mVM[2] DTB not found, generating from the VM configuration[m
[m[37m[104.479585 0:2 axvm::arch::aarch64::fdt::core::device:96] [32mFound excluded devices: ["/interrupt-controller@fe600000", "/serial@fd890000", "/serial@feb40000", "/serial@feb50000", "/serial@feb60000", "/serial@feb70000", "/serial@feb80000", "/serial90000", "/serial@feba0000", "/serial@febb0000", "/serial@febc0000", "/timer", "/timer@feae0000", "/interrupt-controller@fe600000/msi-controller@fe640000", "/interrupt-controller@fe600000/msi-c[37m[104.568445 0:2 axvm::arch::aarch64::fdt::core::device:96] [32mFound excluded devices: ["/interrupt-controller@fe600000", "/serial@fd890000", "/serial@feb40000", "/serial@feb50000", "/serial@feb60000", "/serial@feb70000", "/serial@feb80000", "/serial@feb90000", "/serial@feba0000", "/serial@febb0000", "/serial@febc0000", "/timer", "/timer@feae0000", "/interrupt-controller@fe600000/msi-controller@fe640000", "/interrupt-controller@fe600000/msi-controller@fe660000"][m
[m[37m[104.572743 0:2 axvisor::config:137] [32mCreating VM[2] "zephyr-vision-ivc-orangepi"[m
[37m[104.574381 0:2 axvm::vm:1073] [32mVM created: id=2[m
[m[37m[104.740926 0:2 axvisor::config:149] [32mVM[2] created success, loading images...[m
[m[37m[104.748837 0:2 axdevice::device:1229] [32mDeviceRuntime: registered device id=0[m
[m[37m[104.749542 0:2 axdevice::devid=1[m
[m[37m[104.750325 0:2 axdevice::device:1229] [32mDeviceRuntime: registered device id=2[m
[m[37m[104.751100 0:2 axdevice::device:1229] [32mDeviceRuntime: registered device id=3[m
[m[37m[104.751918 0:2 axvm::vm::prepare:86] [32mVM setup: id=2[m
[m[37m[104.752529 0:2 axvm::runtime:42] [32mInitializing VMM...[m
[m[37m[104.753129 0:2 rsext4::ext4::sync:13] [32mSyncing filesystem...[m
[m[37m[104.756671 0:2 rsext4::ext4::sync:43] [32mFilesystem unmounted cleanly[m
[m[37m[104.757306 0:2 rsext4::ext4::sync:13] [32mSyncing filesystem...[m
[m[37m[104.758599 0:2 rsext4::ext4::sync:43] [32mFilesystem unmounted cleanly[m
[m[37m[104.759233 0:2 rsext4::ext4::sync:13] [32mSyncing filesystem...[m
[m[37m[104.760521 0:2 rsext4::ext4::sync:43] [32mFilesystem unmounted cleanly[m
[m[37m[104.761163 0:2 rsext4::ext4::sy[37m[104.762450 0:2 rsext4::ext4::sync:43] [32mFilesystem unmounted cleanly[m
[m[37m[104.7[37m[104.764364 0:2 rsext4::ext4::sync:43] [32mFilesystem unmounted cleanly[m
[m[37m[104.7[37m[104.783579 0:2 rsext4::ext4::sync:43] [32mFilesystem unmounted cleanly[m
[m[37m[104.784605 0:2 axvm::host::arceos:254] [32mReleased 2 host filesystem block IRQ registration(s) during shutdown[m
[m[37m[104.785546 0:2 axvisor::manager:125] [32mHost filesystem cleanly unmounted before guest passthrough devices start[m
[m[37m[104.786553 3:2 axvm::runtime:53] [32mVMM starting, booting VMs...[m
[m[37m[104.787153 3:2 axvm::vm:1294] [32mStarting VM[1][m
[m[37m[104.787625 3:2 axvm::runtime::vcpus:362] [32mSpawning task for VM[1] VCpu[0][m
[m[37m[104.788325 3:2 axvm::runtime::vcpus:400] [32mVCpu task Task(22, "VM[1]-VCpu[0]") created cpumask: [1, ], initial CPU 1[m
[m[37m[104.789506 3:2 axvm::runtime:63] [32mVM[1] boot success[m
[m[37m[104.789510 1:22 axvm::runtime::vcpus:461] [32mVM[1] VCpu[0] waiting for running[m
[m[37m[104.790026 3:2 axvm::vm:1294] [32mStarting VM[2][m
[m[37m[104.790735 1:22 axvm::runtime::vcpus:501] [32mVM[1] VCpu[0] running...[m
[m[37m[104.791206 3:2 axvm::runtime::vcpus:362] [32mSpawning task for VM[2] VCpu[0][m
[m[37m[104.792549 3:2 axvm::runtime::vcpus:400] [32mVCpu task Task(24, "VM[2]-VCpu[0]") created cpumask: [0, ], initial CPU 0[m
[m[37m[104.793591 3:2 axvm::runtime:63] [32mVM[2] boot success[m
[m[37m[104.793597 0:24 axvm::runtime::vcpus:461] [32mVM[2] VCpu[0] waiting for running[m
[m[37m[104.794160 3:2 axvisor:123] [32m[OK] Default guest initialized[m
[m[37m[104.794817 0:24 axvm::runtime::vcpus:501] [32mVM[2] VCpu[0] running...[m
[m[VM 1] console=ttyAMA0,115200 earlycon=pl011,0x09000000 root=/dev/vda rw fsck.repair=yes
[VM 2] *** Booting Zephyr OS build v4.3.0 ***
[VM 1] VM Load @PA:0x80000000
[VM 2] IVC-RTOS-SELFTEST PASS vector=rust-wire-v1
[VM 1] VM Load Offset: 0x100000000
[VM 1] Memory Map:
[VM 1]   KImg   0x00000080000000 - 0x00000080e00000 (14 MiB)
[VM 1]   Free   0x00000080e00000 - 0x00000090000000 (242 MiB)
[VM 1] Initialize RAM allocator: 0x80e00000..0x90000000
[VM 1] Reserving CPU-local areas
[VM 1] CPU-local area stride: 0x41000 bytes
[VM 1] Total CPU-local allocation: 0x82000 bytes (2 CPUs)
[VM 1] Flushed RAM used range to memory map: 0x80e00000..0x80e02000, current: 0x80e02000
[VM 1] Flushed RAM used range to memory map: 0x80e02000..0x80e84000, current: 0x80e84000
[VM 1] CPU-local areas allocated at 0x80e02000 - 0x80e84000
[VM 1] EL: 1
[VM 1] Mapping early memory regions...
[VM 1] Ram                 : [0xffff000080000000, 0xffff000090000000) -> [0x0000000080000000, 0x0000000090000000) (256 MiB)
[VM 1] KImage              : [0xffffffff80000000, 0xffffffff80e00000) -> [0x0000000080000000, 0x0000000080e00000) (14 MiB)
[VM 1] PerCpu              : [0xffffff0080e02000, 0xffffff0080e84000) -> [0x0000000080e02000, 0x0000000080e84000) (520 KiB)
[VM 1] Debug serial        : [0xffff000009000000, 0xffff000009001000) -> [0x0000000009000000, 0x0000000009001000) (4 KiB)
[VM 1] Boot page table at physical address: PA:0x80e84000
[VM 1] Setting up table registers...
[VM 1] MMU Entry point at physical address: 0x8033a13c
[VM 1] Trap vector at 0xffffffff80342000
[VM 1] Memory Map:
[VM 1]   MMIO   0x00000009000000 - 0x00000009001000 (4 KiB)
[VM 1]   KImg   0x00000080000000 - 0x00000080e00000 (14 MiB)
[VM 1]   Rsv    0x00000080e00000 - 0x00000080e02000 (8 KiB)
[VM 1]   PerCPU 0x00000080e02000 - 0x00000080e84000 (520 KiB)
[VM 1]   Rsv    0x00000080e84000 - 0x00000080e8e000 (40 KiB)
[VM 1]   Free   0x00000080e8e000 - 0x00000090000000 (241.45 MiB)
[VM 1] Jumping to main entry point at 0xffffffff80326258 with SP 0xffffff0080e43000
[VM 1] 
[VM 1]        d8888                            .d88888b.   .d8888b.
[VM 2] IVC-RTOS-NET mac=52:54:00:00:00:02 expected=52:54:00:00:00:02
[VM 1]       d88888                           d88P" "Y88b d88P  Y88b
[VM 1]      d88P888                           888     888 Y88b.
[VM 1]     d88P 888 888d888  .d8888b  .d88b.  888     888  "Y888b.
[VM 2] IVC-RTOS-READY bind=10.0.0.2:5500 mac=52:54:00:00:00:02 window_bits=64 ack_loss_drop_every=0 expected_commands=0 expected_protocol_errors=0 expected_vision_decisions=3 exit_after_expected=1
[VM 1]    d88P  888 888P"   d88P"    d8P  Y8b 888     888     "Y88b.
[VM 1]   d88P   888 888     888      88888888 888     888       "888
[VM 1]  d8888888888 888     Y88b.    Y8b.     Y88b. .d88P Y88b  d88P
[VM 1] d88P     888 888      "Y8888P  "Y8888   "Y88888P"   "Y8888P"
[VM 1] 
[VM 1] arch = aarch64
[VM 1] platform = AxVisor Orange Pi 5 Plus StarryOS RKNPU guest
[VM 1] target = aarch64-unknown-none-softfloat
[VM 1] build_mode = 
[VM 1] log_level = info
[VM 1] backtrace = false
[VM 1] smp = 2
[VM 1] 
[VM 1] [37m[  1.137985 ax_runtime:224] [32mLogging is enabled.[m
[VM 1] [m[37m[  1.145800 ax_runtime:225] [32mPrimary CPU 0 started, arg = 0x80e00000.[m
[VM 1] [m[37m[  1.156171 ax_runtime:227] [32mFound physcial memory regions:[m
[VM 1] [m[37m[  1.165333 ax_runtime:229] [32m  [PA:0x9000000, PA:0x9001000) mmio (READ | WRITE | DEVICE | RESERVED)[m
[VM 1] [m[37m[  1.179280 ax_runtime:229] [32m  [PA:0x80000000, PA:0x80e00000) reserved (READ | WRITE | EXECUTE | RESERVED)[m[VM 1] [m[37m[  1.194056 ax_runtime:229] [32m  [PA:0x80e00000, PA:0x80e02000) reserved (READ | WRITE | EXECUTE | RESERVED)[m
[VM 1] [m[37m[  1.208825 ax_runtime:229] [32m  [PA:0x80e02000, PA:0x80e84000) reserved (READ | WRITE | EXECUTE | RESERVED)[m
[VM 1] [m[37m[  1.223661 ax_runtime:229] [32m  [PA:0x80e84000, PA:0x80e8e000) reserved (READ | WRITE | EXECUTE | RESERVED)[m
[VM 1] [m[37m[  1.238418 ax_runtime:229] [32m  [PA:0x80e8e000, PA:0x90000000) free memory (READ | WRITE | FREE)[m
[VM 1] [m[37m[  1.251870 ax_runtime:377] [32mInitialize global memory allocator...[m
[VM 1] [m[37m[  1.261846 ax_runtime:378] [32m  use buddy-slab-allocator allocator.[m
[VM 1] [m[37m[  1.271871 ax_alloc::buddy_slab:158] [32mInitialize global memory allocator, start_vaddr: 0xffff000080e8e000, size: 0xf172000[m
[VM 1] [m[37m[  1.288901 ax_alloc::buddy_slab:424] [32mglobal allocator initialized[m
[VM 1] [m[37m[  1.298928 ax_runtime:264] [32mkernel aspace: [VA:0xffff000000000000, VA:0xffffffffffffffff)[m
[VM 1] [m[37m[  1.311716 ax_mm:107] [32mInitialize virtual memory management...[m
[VM 1] [m[37m[  1.363145 ax_runtime:276] [32mInitialize platform devices...[m
[VM 1] [m[37m[  1.373402 someboot::arch::power:23] [32mPower management method : HVC[m
[VM 1] [m[37m[  1.383673 somehal::driver:5] [32mInitializing rdrive with FDT at 0xffff000080e00000[m
[VM 1] [m[37m[  1.442319 ax_task::api:150] [32mInitialize scheduling...[m
[VM 1] [m[37m[  1.451003 ax_task::api:158] [32m  use Round-robin scheduler.[m
[VM 1] [m[37m[  1.460101 ax_runtime:302] [32mInitialize interrupt handlers...[m
[VM 1] [m[37m[  1.469773 ax_runtime::devices:2] [32mProbe platform devices...[m
[VM 1] [m[37m[  1.480152 ax_driver::serial::pl011:22] [32mProbing PL011 serial device: pl011@9000000[m
[VM 1] [m[37m[  1.492806 ax_driver::serial::pl011:38] [32mPL011 serial@0xffff000009000000 registered successfully[m
[VM 1] [m[37m[  1.507853 ax_driver::rknpu:85] [32mRK3588 NPU clock programming skipped: resources were prepared by the host[m
[VM 1] [m[37m[  1.524376 ax_driver::rknpu:77] [32mNPU registered successfully[m
[VM 1] [m[37m[  1.534373 ax_driver::virtio:193] [32mprobing virtio-mmio node virtio_mmio@b000000 at PA 0xb000000, size 0x1000[VM 1] [m[37m[  1.550682 ax_driver::virtio:200] [32mmapped virtio-mmio at VA 0xffff00000b000000[m
[VM 1] [m[37m[  1.562767 ax_driver::virtio:193] [32mprobing virtio-mmio node virtio_mmio@b000000 at PA 0xb000000, size 0x1000[VM 1] [m[37m[  1.578862 ax_driver::virtio:200] [32mmapped virtio-mmio at VA 0xffff00000b000000[m
[VM 1] [m[37m[  1.591976 ax_driver::virtio:193] [32mprobing virtio-mmio node virtio_mmio@b000000 at PA 0xb000000, size 0x1000[m
[VM 1] [m[37m[  1.607977 ax_driver::virtio:200] [32mmapped virtio-mmio at VA 0xffff00000b000000[m
[VM 1] [m[37m[  1.620811 ax_driver::virtio:193] [32mprobing virtio-mmio node virtio_mmio@b000000 at PA 0xb000000, size 0x1000[m
[VM 1] [m[37m[  1.636747 ax_driver::virtio:200] [32mmapped virtio-mmio at VA 0xffff00000b000000[m
[VM 1] [m[37m[  1.650100 ax_driver::virtio::block:658] [32mfound a block device of size 262144KB[m
[VM 1] [m[37m[  1.662681 ax_driver::virtio::block:106] [32mregistered IRQ-driven VirtIO MMIO block device[m
[VM 1] [m[37m[  1.676143 ax_driver::virtio:193] [32mprobing virtio-mmio node virtio_mmio@b001000 at PA 0xb001000, size 0x1000[m
[VM 1] [m[37m[  1.692640 ax_driver::virtio:200] [32mmapped virtio-mmio at VA 0xffff00000b001000[m
[VM 1] [m[37m[  1.705232 virtio_drivers::device::net::dev_raw:33] [32mnegotiated_features Features(MAC | VERSION_1)[m
[VM 1] [m[37m[  1.721540 ax_driver::virtio::net:407] [32mregistered virtio network device irq=None[m
[VM 1] [m[37m[  1.734344 ax_runtime::serial:493] [32mserial runtime PL011 UART ready: cpu=0, irq=Some(Source(FdtInterrupt(FdtIrqSpec { controller: 4, cells: [0, 1, 4] }))), polling=false[m
[VM 1] [mBoot at 1970-01-01 00:00:01.758769833 UTC
[VM 1] 
[VM 1] [37m[  1.765197 ax_fs_ng::block::runtime::hctx:177] [32mblock hctx 0 bound to CPU 0 with hardware depth 1[m
[VM 1] [m[37m[  1.780293 ax_fs_ng::block::runtime::lifecycle::device:300] [32mblock device virtio-blk IRQ source 0 (IrqId { domain: IrqDomainId(7), hwirq: HwIrq(32) }) fixed to CPU 0 for queue mask 0x1[m
[VM 1] [m[37m[  1.807786 ax_fs_ng::root:341] [32m    raw device fs=Some(Ext4)[m
[VM 1] [m[37m[  1.818182 ax_fs_ng::root:372] [32m  block device 0 (virtio-blk) has no usable partition table; treating the whole disk as a candidate[m
[VM 1] [m[37m[  1.838124 ax_fs_ng::root:553] [32m  only one raw block device is available; using it as root[m
[VM 1] [m[37m[  1.852502 ax_fs_ng:93] [32mInitialize filesystem subsystem...[m
[VM 1] [m[37m[  1.862100 ax_fs_ng:94] [32m  selected root device: disk0 raw device[m
[VM 1] [m[37m[  1.873556 rsext4::crc32c::arm64:54] [33mID_AA64ISAR0_EL1[19:16]: 0x1[m
[VM 1] [m[37m[  1.884158 rsext4::crc32c::arm64:57] [33mHardware CRC32C support detected.[m
[VM 1] [m[37m[  1.899540 rsext4::ext4::mount:344] [32m/lost+found exists (path resolution, repaired hint inode=11)[m
[VM 1] [m[37m[  1.916236 rsext4::ext4::mount:466] [32mExt4 filesystem mounted[m
[VM 1] [m[37m[  1.926436 rsext4::ext4::mount:467] [32m  - block size: 4096 bytes[m
[VM 1] [m[37m[  1.937038 rsext4::ext4::mount:468] [32m  - total blocks: 65536[m
[VM 1] [m[37m[  1.947279 rsext4::ext4::mount:469] [32m  - free blocks: 52271[m
[VM 1] [m[37m[  1.957405 rsext4::ext4::mount:470] [32m  - total inodes: 16384[m
[VM 1] [m[37m[  1.967751 rsext4::ext4::mount:471] [32m  - free inodes: 16310[m
[VM 1] [m[37m[  1.977938 rsext4::ext4::sync:13] [32mSyncing filesystem...[m
[VM 1] [m[37m[  1.994234 rsext4::ext4::mount:550] [32mExt4 filesystem mounted[m
[VM 1] [m[37m[  2.004213 ax_fs_ng:106] [32m  filesystem type: "ext4"[m
[VM 1] [m[37m[  2.016416 ax_net:193] [32mInitialize network subsystem...[m
[VM 1] [m[37m[  2.026194 ax_net:213] [32m  use NIC 0: "virtio-net"[m
[VM 1] [m[37m[  2.035396 ax_runtime::irq:120] [32mregistered eth0 irq IrqId { domain: IrqDomainId(7), hwirq: HwIrq(34) }[m
[VM 1] [m[37m[  2.051173 ax_net:239] [32meth0:[m
[VM 1] [m[37m[  2.056838 ax_net:240] [32m  id:   2[m
[VM 1] [m[37m[  2.063466 ax_net:241] [32m  mac:  52-54-00-00-00-01[m
[VM 1] [m[37m[  2.071813 ax_net:258] [32m  mode: dhcp[m
[VM 1] [m[37m[  2.078306 ax_net:296] [32mDevice: lo[m
[VM 1] [m[37m[  2.085249 ax_net:296] [32mDevice: eth0[m
[VM 1] [m[37m[  2.092342 ax_net::service:595] [32meth0: DHCP enabled[m
[VM 1] [m[37m[  4.140379 ax_net:982] [33mDHCP bootstrap timed out[m
[37m[108.176981 1:22 axvm::runtime::hvc:272] [32mVM[1] PSCI_CPU_ON target=0x200 entry=0x803398 axvm::runtime::vcpus:400] [32mVCpu task Task(27, "VM[1]-VCpu[1: [2, ], initial CPU 2[m
[m[37m[108.179688 2:27 axvm::runtim] [32mVM[1] VCpu[1] waiting for running[m
[m[37m[108.1803952mVM[1] VCpu[1] running...[m
[m[VM 1] [m[37m[  4.156799 ax_runtime::mp:79] [32mSecondary CPU 1 started.[m
[VM 1] [m[37m[  4.156800 ax_runtime:350] [32mPrimary CPU 0 init OK.[m
[VM 1] [m[37m[  4.166911 ax_runtime::mp:110] [32mSecondary CPU 1 init OK.[m
[VM 1] [m[37m[  4.186031 0:2 ax_fs_ng::block::runtime::lifecycle::device:369] [32mblock device virtio-blk online with 1 hctxs across 2 CPUs[m
[VM 1] [m[37m[  4.204704 0:2 ktracepoint:282] [32mtracepoint_data_start: 0xffffffff80543b88, tracepoint_data_end: 0xffffffff80543be8[m
[VM 1] [m[37m[  4.222728 0:2 ktracepoint:297] [32mtracepoint_data_len: 6[m
[VM 1] [m[37m[  4.231893 0:2 ktracepoint:314] [32mtracepoint registered: sched:sched_process_exit[m
[VM 1] [m[37m[  4.245169 0:2 ktracepoint:314] [32mtracepoint registered: sched:sched_process_fork[m
[VM 1] [m[37m[  4.257914 0:2 ktracepoint:314] [32mtracepoint registered: sched:sched_switch[m
[VM 1] [m[37m[  4.270208 0:2 ktracepoint:314] [32mtracepoint registered: syscalls:sys_clone[m
[VM 1] [m[37m[  4.281741 0:2 ktracepoint:314] [32mtracepoint registered: syscalls:sys_enter_openat[m
[VM 1] [m[37m[  4.294264 0:2 ktracepoint:314] [32mtracepoint registered: syscalls:sys_mkdirat[m
[VM 1] [mInitialized 6 tracepoints
[VM 1] kmod subsystem initialized
[VM 1] [37m[  4.313368 0:2 starry_kernel::pseudofs:86] [32mInitialize pseudofs...[m
[VM 1] [m[37m[  4.324154 0:2 starry_kernel::pseudofs::dev::tty::serial:258] [32mttyS0 registered: path=/pl011@9000000, alias= controller: 4, cells: [0, 1, 4] })))[m
[VM 1] [m[37m[  4.354713 0:2 starry_kernel::pseudofs::dev::tty::serial:201] [32m/dev/console bound to ttyS0[m
[VM 1] [m[37m[  4.369856 0:2 starry_kernel::pseudofs:80] [32mMounted devfs at /dev[m
[VM 1] [m[37m[  4.380147 0:2 starry_kernel::pseudofs::usbfs:55] [32musbfs: initializing manager[m
[VM 1] [m[37m[  4.393064 0:2 starry_kernel::pseudofs::usbfs::manager:1486] [32musbfs: discovered 0 USB host(s)[m
[VM 1] [m[37m[  4.407318 0:2 starry_kernel::pseudofs::usbfs:58] [32musbfs: no USB host found, skip mounting usbfs[m
[VM 1] [m[37m[  4.422582 0:2 starry_kernel::pseudofs:80] [32mMounted tmpfs at /dev/shm[m
[VM 1] [m[37m[  4.449340 0:2 starry_kernel::pseudofs:80] [32mMounted tmpfs at /tmp[m
[VM 1] [m[37m[  4.460678 0:2 starry_kernel::pseudofs:80] [32mMounted mqueue at /dev/mqueue[m
[VM 1] [m[37m[  4.472308 0:2 starry_kernel::dyn_debug:65] [32mdebug_init: initializing dynamic debug sites[m
[VM 1] [m[37m[  4.486759 0:2 starry_kernel::dyn_debug:68] [32mdebug_init: found 191 dynamic debug sites[m
[VM 1] [m[37m[  4.500587 0:2 starry_kernel::pseudofs::proc:74] [32mRead kallsyms, size: 1441KB[m
[VM 1] [m[37m[  4.536586 0:2 starry_kernel::pseudofs:80] [32mMounted proc at /proc[m
[VM 1] [m[37m[  4.548272 0:2 starry_kernel::pseudofs:80] [32mMounted sysfs at /sys[m
[VM 1] [m[37m[  4.559909 0:2 starry_kernel::pseudofs:80] [32mMounted debug at /sys/kernel/debug[m
[VM 1] [m[37m[  4.571799 0:2 starry_kernel::task::timer:394] [32mInitialize alarm...[m
[VM 1] [m[37m[  4.587680 0:16 starry_kernel::task::user:71] [32mEnter user space: ip=0x400640, sp=0x3fffffff630[m
[VM 1] [mWelcome to [96m[1mStarry OS[0m!
[VM 1] /bin/sh: env: not found
[VM 1] 
[VM 1] Use [1m[3mapk[0m to install packages.
[VM 1] 
[VM 1] STARRY_GROUPED_AUTORUN_INIT
[VM 1] [37m[  4.693001 0:16 starry_kernel::syscall::task::wait:360] [32msys_waitpid <= pid: -1, options: WaitPidOptions(0x0)[m
[VM 1] [m[37m[  4.693148 0:17 starry_kernel::task::user:71] [32mEnter user space: ip=0x48653c, sp=0x3ffffffe920[m
[VM 1] [m[37m[  4.736543 0:18 starry_kernel::task::user:71] [32mEnter user space: ip=0x48653c, sp=0x3ffffffe750[m
[VM 1] [m[37m[  4.828842 0:18 starry_kernel::task::ops:348] [32mTask(18, "busybox") exit with code: 0[m
[VM 1] [m[37m[  4.840298 0:18 starry_kernel::task::signal:647] [32mSend signal SIGCHLD to process 2[m
[VM 1] [m[37m[  4.840524 0:17 starry_kernel::syscall::task::wait:360] [32msys_waitpid <= pid: -1, options: WaitPidOptions(0x0)[m
[VM 1] [m[37m[  4.840627 0:17 starry_kernel::syscall::task::wait:360] [32msys_waitpid <= pid: -1, options: WaitPidOptions(WNOHANG)[m
[VM 1] [m[37m[  4.876470 0:19 starry_kernel::task::user:71] [32mEnter user space: ip=0x48653c, sp=0x3ffffffe750[m
[VM 1] [m[37m[  5.188549 0:19 starry_kernel::task::ops:348] [32mTask(19, "busybox") exit with code: 0[m
[VM 1] [m[37m[  5.200154 0:19 starry_kernel::task::signal:647] [32mSend signal SIGCHLD to process 2[m
[VM 1] [m[37m[  5.200364 0:17 starry_kernel::syscall::task::wait:360] [32msys_waitpid <= pid: -1, options: WaitPidOptions(0x0)[m
[VM 1] [m[37m[  5.200468 0:17 starry_kernel::syscall::task::wait:360] [32msys_waitpid <= pid: -1, options: WaitPidOptions(WNOHANG)[m
[VM 1] [m[37m[  5.235395 0:20 starry_kernel::task::user:71] [32mEnter user space: ip=0x48653c, sp=0x3ffffffe750[m
[VM 1] [m[37m[  5.290736 0:20 starry_kernel::task::ops:348] [32mTask(20, "busybox") exit with code: 0[m
[VM 1] [m[37m[  5.301848 0:20 starry_kernel::task::signal:647] [32mSend signal SIGCHLD to process 2[m
[VM 1] [m[37m[  5.302044 0:17 starry_kernel::syscall::task::wait:360] [32msys_waitpid <= pid: -1, options: WaitPidOptions(0x0)[m
[VM 1] [m[37m[  5.302146 0:17 starry_kernel::syscall::task::wait:360] [32msys_waitpid <= pid: -1, options: WaitPidOptions(WNOHANG)[m
[VM 1] [m[37m[  5.304643 0:17 starry_kernel::syscall::task::wait:360] [32msys_waitpid <= pid: -1, options: WaitPidOptions(0x0)[m
[VM 1] [m[37m[  5.349073 0:21 starry_kernel::task::user:71] [32mEnter user space: ip=0x48653c, sp=0x3ffffffedb0[m
[VM 1] [m[37m[  5.377964 0:21 starry_kernel::task::ops:348] [32mTask(21, "busybox") exit with code: 0[m
[VM 1] [m[37m[  5.389660 0:21 starry_kernel::task::signal:647] [32mSend signal SIGCHLD to process 2[m
[VM 1] [m[37m[  5.398713 0:17 starry_kernel::syscall::task::wait:360] [32msys_waitpid <= pid: -1, options: WaitPidOptions(0x0)[m
[VM 1] [m[37m[  5.398815 0:17 starry_kernel::syscall::task::wait:360] [32msys_waitpid <= pid: -1, options: WaitPidOptions(WNO[VM 1] [m[37m[  5.401634 0:17 starry_kernel::syscall::task::wait:360] [32msys_waitpid <= pid: -1, options: WaitPidOptions(0x0)[m
[VM 1] [m[37m[  5.436384 0:22 starry_kernel::task::user:71] [32mEnter user space: ip=0x48653c, sp=0x3fffffff2c0[m
[VM 1] [m[37m[  5.443239 0:22 starry_kernel::task::ops:348] [32mTask(22, "busybox") exit with code: 0[m
[VM 1] [m[37m[  5.464718 0:22 starry_kernel::task::signal:647] [32mSend signal SIGCHLD to process 2[m
[VM 1] [m[37m[  5.474191 0:17 starry_kernel::syscall::task::wait:360] [32msys_waitpid <= pid: -1, options: WaitPidOptions(0x0)[m
[VM 1] [m[37m[  5.474289 0:17 starry_kernel::syscall::task::wait:360] [32msys_waitpid <= pid: -1, options: WaitPidOptions(WNOHANG)[m
[VM 1] [m[37m[  5.476780 0:17 starry_kernel::syscall::task::wait:360] [32msys_waitpid <= pid: -1, options: WaitPidOptions(0x0)[m
[VM 1] [m[37m[  5.512388 0:23 starry_kernel::task::user:71] [32mEnter user space: ip=0x48653c, sp=0x3fffffff2c0[m
[VM 1] [m[37m[  5.519122 0:23 starry_kernel::task::ops:348] [32mTask(23, "busybox") exit with code: 0[m
[VM 1] [m[37m[  5.540466 0:23 starry_kernel::task::signal:647] [32mSend signal SIGCHLD to process 2[m
[VM 1] [m[37m[  5.549840 0:17 starry_kernel::syscall::task::wait:360] [32msys_waitpid <= pid: -1, options: WaitPidOptions(0x0)[m
[VM 1] [m[37m[  5.549936 0:17 starry_kernel::syscall::task::wait:360] [32msys_waitpid <= pid: -1, options: WaitPidOptions(WNOON-NET ip=10.0.0.1/24 peer=10.0.0.2:5500 segment=1
[VM 1] [37m[  5.552477 0:17 starry_kernel::syscall::task::wait:360] [32msys_waitpid <= pid: -1[VM 1] [m[37m[  5.603047 0:24 starry_kernel::task::user:71] [32mEnter user space: ip=0x48653c, sp=0x3fffffff460[m
[VM 1] [m[37m[  7.621269 0:24 starry_kernel::task::ops:348] [32mTask(24, "busybox") exit with code: 0[m
[VM 1] [m[37m[  7.632277 0:24 starry_kernel::task::signal:647] [32mSend signal SIGCHLD to process 2[m
[VM 1] [m[37m[  7.641468 0:17 starry_kernel::syscall::task::wait:360] [32msys_waitpid <= pid: -1, options: WaitPidOptions(0x0)[m
[VM 1] [m[37m[  7.641559 0:17 starry_kernel::syscall::task::wait:360] [32msys_waitpid <= pid: -1, options: WaitPidOptions(WNOHANG)[m
[VM 1] [m[37m[  7.643897 0:17 starry_kernel::syscall::task::wait:360] [32msys_waitpid <= pid: -1, options: WaitPidOptions(0x0)[m
[VM 1] [m[37m[  7.679476 0:25 starry_kernel::task::user:71] [32mEnter user space: ip=0x48653c, sp=0x3fffffff460[m
[VM 1] [m[37m[  7.699273 0:25 starry_kernel::task::ops:348] [32mTask(25, "busybox") exit with code: 0[m
[VM 1] [m[37m[  7.711082 0:25 starry_kernel::task::signal:647] [32mSend signal SIGCHLD to process 2[m
[VM 1] [m[37m[  7.720258 0:17 starry_kernel::syscall::task::wait:360] [32msys_waitpid <= pid: -1, options: WaitPidOptions(0x0)[m
[VM 1] [m[37m[  7.720349 0:17 starry_kernel::syscall::task::wait:360] [32msys_waitpid <= pid: -1, options: WaitPidOptions(WNOHANG)[m
[VM 1] [m[37m[  7.722637 0:17 starry_kernel::syscall::task::wait:360] [32msys_waitpid <= pid: -1, options: WaitPidOptions(0x0)[m
[VM 1] [m[37m[  7.757448 0:26 starry_kernel::task::user:71] [32mEnter user space: ip=0x48653c, sp=0x3fffffff200[m
[VM 1] [m[37m[  8.224215 0:26 starry_kernel::pseudofs::dev::card1:166] [32mcard1: cmd 0xc0406400, nr 0x0, arg 0x4003f3d0[m
[VM 1] [m[37m[  8.224246 0:26 starry_kernel::pseudofs::dev::card1:169] [32mcard1: is_driver_ioctl = false[m
[VM 1] [m[37m[  8.224259 0:26 starry_kernel::pseudofs::dev::card1:188] [32mdrm get version[m
[VM 1] [m[37m[  8.224269 0:26 starry_kernel::pseudofs::dev::card1:811] [32mdrm_version called: DrmVersion { version_major: 0, version_minor: 0, version_patchlevel: 0, name_len: 0, name: 0, date_len: 0, date: 0, desc_len: 0, desc: 0 }[m
[VM 1] [m[37m[  8.224291 0:26 starry_kernel::pseudofs::dev::card1:854] [32m[drm_version] Set driver info: name_len=5, date_len=8, desc_len=12[m
[VM 1] [m[37m[  8.224311 0:26 starry_kernel::pseudofs::dev::card1:166] [32mcard1: cmd 0xc0406400, nr 0x0, arg 0x4003f3d0[m
[VM 1] [m[37m[  8.224323 0:26 starry_kernel::pseudofs::dev::card1:169] [32mcard1: is_driver_ioctl = false[m
[VM 1] [m[37m[  8.224333 0:26 starry_kernel::pseudofs::dev::card1:188] [32mdrm get version[m
[VM 1] [m[37m[  8.224343 0:26 starry_kernel::pseudofs::dev::card1:811] [32mdrm_version called: DrmVersion { version_major: 0, version_minor: 9, version_patchlevel: 8, name_len: 5, name: 1074000928, date_len: 8, date: 1074000960, desc_len: 12, desc: 1074000992 }[m
[VM 1] [m[37m[  8.224363 0:26 starry_kernel::pseudofs::dev::card1:854] [32m[drm_version] Set driver info: name_len=5, date_len=8, desc_len=12[m
[VM 1] [m[37m[  8.224382 0:26 starry_kernel::pseudofs::dev::card1:166] [32mcard1: cmd 0xc0106401, nr 0x1, arg 0x3ffffffd730[m
[VM 1] [m[37m[  8.224394 0:26 starry_kernel::pseudofs::dev::card1:169] [32mcard1: is_driver_ioctl = false[m
[VM 1] [m[37m[  8.224406 0:26 starry_kernel::pseudofs::dev::card1:192] [32mdrm get unique[m
[VM 1] [m[37m[  8.224416 0:26 starry_kernel::pseudofs::dev::card1:868] [32mdrm_get_unique called: DrmUnique { unique_len: 0, unique: 0 }[m
[VM 1] [m[37m[  8.224434 0:26 starry_kernel::pseudofs::dev::card1:166] [32mcard1: cmd 0xc0106401, nr 0x1, arg 0x3ffffffd730[m
[VM 1] [m[37m[  8.323908 0:26 starry_kernel::pseudofs::dev::card1:166] [32mcard1: cmd 0xc0086440, nr 0x40, arg 0x3ffffffd6c0[m
[VM 1] [m[37m[  8.323928 0:26 starry_kernel::pseudofs::dev::card1:169] [32mcard1: is_driver_ioctl = true[m
[VM 1] [m[37m[  8.323940 0:26 starry_kernel::pseudofs::dev::card1:364] [32mrknpu_driver_ioctl: op = Action[m
[VM 1] [m[37m[  8.323952 0:26 starry_kernel::pseudofs::dev::card1:587] [32mrknpu action ioctl[m
[VM 1] [m[37m[  8.323963 0:26 starry_kernel::pseudofs::dev::card1:597] [32mrknpu action ioctl: flags = GetHwVersion, value = 4294967295[m
[VM 1] [m[37m[  8.323989 0:26 starry_kernel::pseudofs::dev::card1:606] [33mrknpu action ioctl[0]: flags=GetHwVersion value_in=4294967295 result=Ok(1179210309) value_out=1179210309[m
[VM 1] [m[37m[  8.324010 0:26 starry_kernel::pseudofs::dev::card1:166] [32mcard1: cmd 0xc0086440, nr 0x40, arg 0x3ffffffd6c0[m
[VM 1] [m[37m[  8.324022 0:26 starry_kernel::pseudofs::dev::card1:169] [32mcard1: is_driver_ioctl = true[m
[VM 1] [m[37m[  8.324032 0:26 starry_kernel::pseudofs::dev::card1:364] [32mrknpu_driver_ioctl: op = Action[m
[VM 1] [m[37m[  8.507394 0:26 starry_kernel::pseudofs::dev::card1:166] [32mcard1: cmd 0xc0086440, nr 0x40, arg 0x3ffffffdc70[m
[VM 1] [m[37m[  8.507417 0:26 starry_kernel::pseudofs::dev::card1:169] [32mcard1: is_driver_ioctl = true[m
[VM 1] [m[37m[  8.507428 0:26 starry_kernel::pseudofs::dev::card1:364] [32mrknpu_driver_ioctl: op = Action[m
[VM 1] [m[37m[  8.507440 0:26 starry_kernel::pseudofs::dev::card1:587] [32mrknpu action ioctl[m
[VM 1] [m[37m[  8.507450 0:26 starry_kernel::pseudofs::dev::card1:597] [32mrknpu action ioctl: flags = PowerOn, value = 0[m
[VM 1] [m[37m[  8.507470 0:26 rockchip_npu:281] [33mPowerOn operation not yet implemented[m
[VM 1] [m[37m[  8.507481 0:26 starry_kernel::pseudofs::dev::card1:606] [33mrknpu action ioctl[2]: flags=PowerOn value_in=0 result=Ok(0) value_out=0[m
[VM 1] [m[37m[  8.586862 0:26 starry_kernel::pseudofs::dev::card1:166] [32mcard1: cmd 0xc0086440, nr 0x40, arg 0x3ffffffdc80[m
[VM 1] [m[37m[  8.586883 0:26 starry_kernel::pseudofs::dev::card1:169] [32mcard1: is_driver_ioctl = true[m
[VM 1] [m[37m[  8.586895 0:26 starry_kernel::pseudofs::dev::card1:364] [32mrknpu_driver_ioctl: op = Action[m
[VM 1] [m[37m[  8.586906 0:26 starry_kernel::pseudofs::dev::card1:587] [32mrknpu action ioctl[m
[VM 1] [m[37m[  8.586916 0:26 starry_kernel::pseudofs::dev::card1:597] [32mrknpu action ioctl: flags = SetProcNice, value = 4294967277[m
[VM 1] [m[37m[  8.586936 0:26 rockchip_npu:276] [33mSetProcNice operation not applicable in bare metal context[m
[VM 1] [m[37m[  8.586948 0:26 starry_kernel::pseudofs::dev::card1:606] [33mrknpu action ioctl[3]: flags=SetProcNice value_in=4294967277 result=Ok(0) value_out=0[m
[VM 1] [m[37m[  8.666004 0:26 starry_kernel::pseudofs::dev::card1:166] [32mcard1: cmd 0xc0086440, nr 0x40, arg 0x3ffffffd860[m
[VM 1] [m[37m[  8.666025 0:26 starry_kernel::pseudofs::dev::card1:169] [32mcard1: is_driver_ioctl = true[m
[VM 1] [m[37m[  8.666037 0:26 starry_kernel::pseudofs::dev::card1:364] [32mrknpu_driver_ioctl: op = Action[m
[VM 1] [m[37m[  8.666048 0:26 starry_kernel::pseudofs::dev::card1:587] [32mrknpu action ioctl[m
[VM 1] [m[37m[  8.666058 0:26 starry_kernel::pseudofs::dev::card1:597] [32mrknpu action ioctl: flags = GetDrvVersion, value = 0[m
[VM 1] [m[37m[  8.666077 0:26 starry_kernel::pseudofs::dev::card1:606] [33mrknpu action ioctl[4]: flags=GetDrvVersion value_iesult=Ok(908) value_out=908[m
[VM 1] [m[37m[  8.758422 0:26 starry_kernel::pseudofs::dev::card1:166] [32mcard1: cmd 0xc0086440, nr 0x40, arg 0x3ffffffc960[m
[VM 1] [m[37m[  8.758443 0:26 starry_kernel::pseudofs::dev::card1:169] [32mcard1: is_driver_ioctl = true[m
[VM 1] [m[37m[  8.758455 0:26 starry_kernel::pseudofs::dev::card1:364] [32mrknpu_driver_ioctl: op = Action[m
[VM 1] [m[37m[  8.758466 0:26 starry_kernel::pseudofs::dev::card1:587] [32mrknpu action ioctl[m
[VM 1] [m[37m[  8.758476 0:26 starry_kernel::pseudofs::dev::card1:597] [32mrknpu action ioctl: flags = GetIommuEn, value = 0[m
[VM 1] [m[37m[  8.758495 0:26 starry_kernel::pseudofs::dev::card1:606] [33mrknpu action ioctl[5]: flags=GetIommuEn value_in=0 result=Ok(0) value_out=0[m
[VM 1] [m[37m[  8.758516 0:26 starry_kernel::pseudofs::dev::card1:166] [32mcard1: cmd 0xc0306442, nr 0x42, arg 0x3ffffffa6e0[m
[VM 1] [m[37m[  8.758528 0:26 starry_kernel::pseudofs::dev::card1:169] [32mcard1: is_driver_ioctl = true[m
[VM 1] [m[37m[  8.758538 0:26 starry_kernel::pseudofs::dev::card1:364] [32mrknpu_driver_ioctl: op = MemCreate[m
[VM 1] [m[37m[  8.758549 0:26 starry_kernel::pseudofs::dev::card1:431] [32mrknpu mem_create ioctl[m
[VM 1] [m[37m[  8.758559 0:26 starry_kernel::pseudofs::dev::card1:442] [33mrknpu mem_create ioctl[0]: flags=0x40a size=42840 core_mask=0x1[m
[VM 1] [m[37m[  8.758641 0:26 starry_kernel::pseudofs::dev::card1:453] [33mrknpu mem_create ioctl[0] done: handle=1 flags=0x40a size=42840 sram_size=42840 obj_addr=0xffff00008dae0000 dma_addr=0x8dae0000 iommu_domain_id=0 core_mask=0x1 elapsed_us=68[m
[VM 1] [m[37m[  8.758687 0:26 starry_kernel::pseudofs::dev::card1:166] [32mcard1: cmd 0xc008640a, nr 0xa, arg 0x3ffffffb9d0[m
[VM 1] [m[37m[  8.758699 0:26 starry_kernel::pseudofs::dev::card1:169] [32mcard1: is_driver_ioctl = false[m
[VM 1] [m[37m[  8.758710 0:26 starry_kernel::pseudofs::dev::card1:648] [32mdrm_gem_flink_ioctl called: DrmGemFlink {
[VM 1]     handle: 1,
[VM 1]     name: 0,
[VM 1] }[m
[VM 1] [m[37m[  8.758737 0:26 starry_kernel::pseudofs::dev::card1:166] [32mcard1: cmd 0xc00c642d, nr 0x2d, arg 0x3ffffffc010[m
[VM 1] [m[37m[  8.851762 0:26 starry_kernel::pseudofs::dev::card1:166] [32mcard1: cmd 0xc0106443, nr 0x43, arg 0x3ffffffc330[m
[VM 1] [m[37m[  8.851779 0:26 starry_kernel::pseudofs::dev::card1:169] [32mcard1: is_driver_ioctl = true[m
[VM 1] [m[37m[  8.851790 0:26 starry_kernel::pseudofs::dev::card1:364] [32mrknpu_driver_ioctl: op = MemMap[m
[VM 1] [m[37m[  8.851801 0:26 starry_kernel::pseudofs::dev::card1:492] [32mrknpu mem_map ioctl[m
[VM 1] [m[37m[  8.851820 0:26 starry_kernel::pseudofs::dev::card1:503] [32mmem_map: handle=1 -> offset=0x1000[m
[VM 1] [m[37m[  8.852006 0:26 starry_kernel::pseudofs::dev::card1:166] [32mcard1: cmd 0xc0206445, nr 0x45, arg 0x3ffffffa2a0[m
[VM 1] [m[37m[  8.852020 0:26 starry_kernel::pseudofs::dev::card1:169] [32mcard1: is_driver_ioctl = true[m
[VM 1] [m[37m[  8.852031 0:26 starry_kernel::pseudofs::dev::card1:364] [32mrknpu_driver_ioctl: op = MemSync[m
[VM 1] [m[37m[  8.852043 0:26 starry_kernel::pseudofs::dev::card1:540] [33mrknpu mem_sync ioctl[0]: flags=0x3 obj_addr=0xffff00008dae0000 offset=0 size=42840[m
[VM 1] [m[37m[  9.040491 0:26 starry_kernel::pseudofs::dev::card1:166] [32mcard1: cmd 0xc0086440, nr 0x40, arg 0x3ffffffc9e0[m
[VM 1] [m[37m[  9.040511 0:26 starry_kernel::pseudofs::dev::card1:169] [32mcard1: is_driver_ioctl = true[m
[VM 1] [m[37m[  9.040523 0:26 starry_kernel::pseudofs::dev::card1:364] [32mrknpu_driver_ioctl: op = Action[m
[VM 1] [m[37m[  9.040534 0:26 starry_kernel::pseudofs::dev::card1:587] [32mrknpu action ioctl[m
[VM 1] [m[37m[  9.040545 0:26 starry_kernel::pseudofs::dev::card1:597] [32mrknpu action ioctl: flags = GetIommuEn, value = 0[m
[VM 1] [m[37m[  9.040563 0:26 starry_kernel::pseudofs::dev::card1:606] [33mrknpu action ioctl[6]: flags=GetIommuEn value_in=0 result=Ok(0) value_out=0[m
[VM 1] [m[37m[  9.040584 0:26 starry_kernel::pseudofs::dev::card1:166] [32mcard1: cmd 0xc0306442, nr 0x42, arg 0x3ffffffa760[m
[VM 1] [m[37m[  9.040596 0:26 starry_kernel::pseudofs::dev::card1:169] [32mcard1: is_driver_ioctl = true[m
[VM 1] [m[37m[  9.040606 0:26 starry_kernel::pseudofs::dev::card1:364] [32mrknpu_driver_ioctl: op = MemCreate[m
[VM 1] [m[37m[  9.040616 0:26 starry_kernel::pseudofs::dev::card1:431] [32mrknpu mem_create ioctl[m
[VM 1] [m[37m[  9.040627 0:26 starry_kernel::pseudofs::dev::card1:442] [33mrknpu mem_create ioctl[1]: flags=0x402 size=4160640 core_mask=0x1[m
[VM 1] [m[37m[  9.045872 0:26 starry_kernel::pseudofs::dev::card1:453] [33mrknpu mem_create ioctl[1] done: handle=2 flags=0x402 size=4160640 sram_size=4160640 obj_addr=0xffff00008dc00000 dma_addr=0x8dc00000 iommu_domain_id=0 core_mask=0x1 elapsed_us=5231[m
[VM 1] [m[37m[  9.045902 0:26 starry_kernel::pseudofs::dev::card1:166] [32mcard1: cmd 0xc008640a, nr 0xa, arg 0x3ffffffba50[m
[VM 1] [m[37m[  9.045914 0:26 starry_kernel::pseudofs::dev::card1:169] [32mcard1: is_driver_ioctl = false[m
[VM 1] [m[37m[  9.045926 0:26 starry_kernel::pseudofs::dev::card1:648] [32mdrm_gem_flink_ioctl called: DrmGemFlink {
[VM 1]     handle: 2,
[VM 1]     name: 0,
[VM 1] }[m
[VM 1] [m[37m[  9.045948 0:26 starry_kernel::pseudofs::dev::card1:166] [32mcard1: cmd 0xc00c642d, nr 0x2d, arg 0x3ffffffc090[m
[VM 1] [m[37m[  9.235797 0:26 starry_kernel::pseudofs::dev::card1:166] [32mcard1: cmd 0xc0206445, nr 0x45, arg 0x3ffffffcd80[m
[VM 1] [m[37m[  9.235820 0:26 starry_kernel::pseudofs::dev::card1:169] [32mcard1: is_driver_ioctl = true[m
[VM 1] [m[37m[  9.235832 0:26 starry_kernel::pseudofs::dev::card1:364] [32mrknpu_driver_ioctl: op = MemSync[m
[VM 1] [m[37m[  9.235843 0:26 starry_kernel::pseudofs::dev::card1:540] [33mrknpu mem_sync ioctl[2]: flags=0x1 obj_addr=0xffff00008dc00000 offset=0 size=4160640[m
[VM 1] [m[37m[  9.235856 0:26 starry_kernel::pseudofs::dev::card1:546] [32mrknpu mem_sync ioctl RknpuMemSync {
[VM 1]     flags: 0x1,
[VM 1]     reserved: 0x0,
[VM 1]     obj_addr: 0xffff00008dc00000,
[VM 1]     offset: 0x0,
[VM 1]     size: 0x3f7c80,
[VM 1] }[m
[VM 1] [m[37m[  9.236244 0:26 starry_kernel::pseudofs::dev::card1:553] [33mrknpu mem_sync ioctl[2] done: flags=0x1 offset=0 size=4160640 elapsed_us=366[m
[VM 1] [m[37m[  9.335680 0:26 starry_kernel::pseudofs::dev::card1:166] [32mcard1: cmd 0xc0086440, nr 0x40, arg 0x3ffffffd3e0[m
[VM 1] [m[37m[  9.335701 0:26 starry_kernel::pseudofs::dev::card1:169] [32mcard1: is_driver_ioctl = true[m
[VM 1] [m[37m[  9.335712 0:26 starry_kernel::pseudofs::dev::card1:364] [32mrknpu_driver_ioctl: op = Action[m
[VM 1] [m[37m[  9.335723 0:26 starry_kernel::pseudofs::dev::card1:587] [32mrknpu action ioctl[m
[VM 1] [m[37m[  9.335734 0:26 starry_kernel::pseudofs::dev::card1:597] [32mrknpu action ioctl: flags = GetDrvVersion, value =[VM 1] [m[37m[  9.335753 0:26 starry_kernel::pseudofs::dev::card1:606] [33mrknpu action ioctl[7]: flags=GetDrvVersion value_i[VM 1] [m[37m[  9.407636 0:26 starry_kernel::pseudofs::dev::card1:166] [32mcard1: cmd 0xc0206445, nr 0x45, arg 0x3ffffffd540[m
[VM 1] [m[37m[  9.407656 0:26 starry_kernel::pseudofs::dev::card1:169] [32mcard1: is_driver_ioctl = true[m
[VM 1] [m[37m[  9.407668 0:26 starry_kernel::pseudofs::dev::card1:364] [32mrknpu_driver_ioctl: op = MemSync[m
[VM 1] [m[37m[  9.407679 0:26 starry_kernel::pseudofs::dev::card1:540] [33mrknpu mem_sync ioctl[3]: flags=0x1 obj_addr=0xffff00008dae0000 offset=0 size=42840[m
[VM 1] [m[37m[  9.407692 0:26 starry_kernel::pseudofs::dev::card1:546] [32mrknpu mem_sync ioctl RknpuMemSync {
[VM 1]     flags: 0x1,
[VM 1]     reserved: 0x0,
[VM 1]     obj_addr: 0xffff00008dae0000,
[VM 1]     offset: 0x0,
[VM 1]     size: 0xa758,
[VM 1] }[m
[VM 1] [m[37m[  9.407727 0:26 starry_kernel::pseudofs::dev::card1:553] [33mrknpu mem_sync ioctl[3] done: flags=0x1 offset=0 size=42840 elapsed_us=13[m
[VM 1] [m[37m[  9.491622 0:26 starry_kernel::pseudofs::dev::card1:166] [32mcard1: cmd 0xc0086440, nr 0x40, arg 0x3ffffffd440[m
[VM 1] [m[37m[  9.491644 0:26 starry_kernel::pseudofs::dev::card1:169] [32mcard1: is_driver_ioctl = true[m
[VM 1] [m[37m[  9.491731 0:26 starry_kernel::pseudofs::dev::card1:364] [32mrknpu_driver_ioctl: op = Action[m
[VM 1] [m[37m[  9.491743 0:26 starry_kernel::pseudofs::dev::card1:587] [32mrknpu action ioctl[m
[VM 1] [m[37m[  9.491754 0:26 starry_kernel::pseudofs::dev::card1:597] [32mrknpu action ioctl: flags = GetIommuEn, value = 0[VM 1] [m[37m[  9.491774 0:26 starry_kernel::pseudofs::dev::card1:606] [33mrknpu action ioctl[8]: flags=GetIommuEn value_in=0 result=Ok(0) value_out=0[m
[VM 1] [m[37m[  9.491799 0:26 starry_kernel::pseudofs::dev::card1:166] [32mcard1: cmd 0xc0306442, nr 0x42, arg 0x3ffffffb1c0[m
[VM 1] [m[37m[  9.491811 0:26 starry_kernel::pseudofs::dev::card1:169] [32mcard1: is_driver_ioctl = true[m
[VM 1] [m[37m[  9.491821 0:26 starry_kernel::pseudofs::dev::card1:364] [32mrknpu_driver_ioctl: op = MemCreate[m
[VM 1] [m[37m[  9.491832 0:26 starry_kernel::pseudofs::dev::card1:431] [32mrknpu mem_create ioctl[m
[VM 1] [m[37m[  9.491842 0:26 starry_kernel::pseudofs::dev::card1:442] [33mrknpu mem_create ioctl[2]: flags=0x402 size=4505600 core_mask=0x1[m
[VM 1] [m[37m[  9.497445 0:26 starry_kernel::pseudofs::dev::card1:453] [33mrknpu mem_create ioctl[2] done: handle=3 flags=0x402 size=4505600 sram_size=4505600 obj_addr=0xffff00008e000000 dma_addr=0x8e000000 iommu_domain_id=0 core_mask=0x1 elapsed_us=5590[m
[VM 1] [m[37m[  9.497469 0:26 starry_kernel::pseudofs::dev::card1:166] [32mcard1: cmd 0xc008640a, nr 0xa, arg 0x3ffffffc4b0[m
[VM 1] [m[37m[  9.497481 0:26 starry_kernel::pseudofs::dev::card1:169] [32mcard1: is_driver_ioctl = false[m
[VM 1] [m[37m[  9.497493 0:26 starry_kernel::pseudofs::dev::card1:648] [32mdrm_gem_flink_ioctl called: DrmGemFlink {
[VM 1]     handle: 3,
[VM 1]     name: 0,
[VM 1] }[m
[VM 1] [m[37m[  9.497681 0:26 starry_kernel::pseudofs::dev::card1:166] [32mcard1: cmd 0xc00c642d, nr 0x2d, arg 0x3ffffffcaf0[m
[VM 1] [m[37m[  9.946882 0:26 starry_kernel::pseudofs::dev::card1:166] [32mcard1: cmd 0xc0086440, nr 0x40, arg 0x3ffffffbad0[VM 1] [m[37m[  9.946945 0:26 starry_kernel::pseudofs::dev::card1:597] [32mrknpu action ioctl: flags = GetIommuEn, value = 0[VM 1] [m[37m[  9.946968 0:26 starry_kernel::pseudofs::dev::card1:606] [33mrknpu action ioctl[9]: flags=GetIommuEn value_in=0 result=Ok(0) value_out=0[m
[VM 1] [m[37m[  9.946990 0:26 starry_kernel::pseudofs::dev::card1:166] [32mcard1: cmd 0xc0306442, nr 0x42, arg 0x3ffffff9850[VM 1] [m[37m[  9.947002 0:26 starry_kernel::pseudofs::dev::card1:169] [32mcard1: is_driver_ioctl = true[m
[VM 1] [m[37m[  9.947012 0:26 starry_kernel::pseudofs::dev::card1:364] [32mrknpu_driver_ioctlask=0x1[m
[VM 1] [m[37m[  9.948582 0:26 [VM 1] [m[37m[  9.948605 0:26 starry_kernel::pseudofs::dev::card1:166] [32mcard1: cmd 0xc008640a, nr 0xa, arg 0x3ffffffab40[[VM 1] [m[37m[  9.948617 0:26 starry_kernel::pseudofs::dev::card1:169] [32mcard1: is_driver_ioctl = false[m
[VM 1] [m[37m[  9.948628 0:26 starry_kernel::pseudofs::dev::card1:648] [32mdrm_gem_flink_ioctl called: DrmGemFlink {
[VM 1]     handle: 4,
[VM 1]     name: 0,
[VM 1] }[m
[VM 1] [m[37m[  9.948654 0:26 starry_kernel::pseudofs::dev::card1:166] [32mcard1: cmd 0xc00c642d, nr 0x2d, arg 0x3ffffffb180[VM 1] [m[37m[ 10.151799 0:26 starry_kernel::pseudofs::dev::card1:166] [32mcard1: cmd 0xc0206445, nr 0x45, arg 0x3ffffffbfb0[VM 1] [m[37m[ 10.151822 0:26 starry_kernel::pseudofs::dev::card1:169] [32mcard1: is_driver_ioctl = true[m
[VM 1] [m[37m[ 10.151833 0:26 starry_kernel::pseudofs::dev::card1:364] [32mrknpu_driver_ioctl: op = MemSync[m
[VM 1] [m[37m[ 10.151845 0:26 starry_kernel::pseudofs::dev::card1:540] [33mrknpu mem_sync ioctl[15]: flags=0x1 obj_addr=0xffff00008dc00000 offset=3216704 size=901056[m
[VM 1] [m[37m[ 10.151999 0:26 starry_kernel::pseudofs::dev::card1:546] [32mrknpu mem_sync ioctl RknpuMemSync {
[VM 1]     flags: 0x1,
[VM 1]     reserved: 0x0,
[VM 1]     obj_addr: 0xffff00008dc00000,
[VM 1]     offset: 0x311540,
[VM 1]     size: 0xdbfc0,
[VM 1] }[m
[VM 1] [m[37m[ 10.152111 0:26 starry_kernel::pseudofs::dev::card1:553] [33mrknpu mem_sync ioctl[15] done: flags=0x1 offset=32[VM 1] [m[37m[ 10.152148 0:26 starry_kernel::pseudofs::dev::card1:166] [32mcard1: cmd 0xc0206445, nr 0x45, arg 0x3ffffff9540[VM 1] [m[37m[ 10.152160 0:26 starry_kernel::pseudofs::dev::card1:169] [32mcard1: is_driver_ioctl = true[m
[VM 1] [m[37m[ 10.152170 0:26 starry_kernel::pseudofs::dev::card1:364] [32mrknpu_driver_ioctl: op = MemSync[m
[VM 1] [m[37m[ 10.152181 0:26 starry_kernel::pseudofs::dev::card1:540] [33mrknpu mem_sync ioctl[16]: flags=0x1 obj_addr=0xffff00008ee00000 offset=0 size=1228800[m
[VM 1] [m[37m[ 10.152194 0:26 starry_kernel::pseudofs::dev::card1:546] [32mrknpu mem_sync ioctl RknpuMemSync {
[VM 1]     flags: 0x1,
[VM 1]     reserved: 0x0,
[VM 1]     obj_addr: 0xffff00008ee00000,
[VM 1]     offset: 0x0,
[VM 1]     size: 0x12c000,
[VM 1] }[m
[VM 1] [m[37m[ 10.152323 0:26 starry_kernel::pseudofs::dev::card1:553] [33mrknpu mem_sync ioctl[16] done: flags=0x1 offset=0 size=1228800 elapsed_us=111[m
[VM 1] [m[37m[ 10.316439 0:26 starry_kernel::pseudofs::dev::card1:166] [32mcard1: cmd 0xc0206445, nr 0x45, arg 0x3ffffff8fe0[m
[VM 1] [m[37m[ 10.316459 0:26 starry_kernel::pseudofs::dev::card1:169] [32mcard1: is_driver_ioctl = true[m
[VM 1] [m[37m[ 10.316471 0:26 starry_kernel::pseudofs::dev::card1:364] [32mrknpu_driver_ioctl: op = MemSync[m
[VM 1] [m[37m[ 10.316482 0:26 starry_kernel::pseudofs::dev::card1:540] [33mrknpu mem_sync ioctl[17]: flags=0x1 obj_addr=0xffff00008dc00000 offset=3216704 size=901056[m
[VM 1] [m[37m[ 10.316495 0:26 starry_kernel::pseudofs::dev::card1:546] [32mrknpu mem_sync ioctl RknpuMemSync {
[VM 1]     flags: 0x1,
[VM 1]     reserved: 0x0,
[VM 1]     obj_addr: 0xffff00008dc00000,
[VM 1]     offset: 0x311540,
[VM 1]     size: 0xdbfc0,
[VM 1] }[m
[VM 1] [m[37m[ 10.316600 0:26 starry_kernel::pseudofs::dev::card1:553] [33mrknpu mem_sync ioctl[17] done: flags=0x1 offset=3216704 size=901056 elapsed_us=85[m
[VM 1] [m[37m[ 10.316622 0:26 starry_kernel::pseudofs::dev::card1:166] [32mcard1: cmd 0xc0686441, nr 0x41, arg 0x3ffffff93c0[m
[VM 1] [m[37m[ 10.316634 0:26 starry_kernel::pseudofs::dev::card1:169] [32mcard1: is_driver_ioctl = true[m
[VM 1] [m[37m[ 10.316644 0:26 starry_kernel::pseudofs::dev::card1:364] [32mrknpu_driver_ioctl: op = Submit[m
[VM 1] [m[37m[ 10.316656 0:26 starry_kernel::pseudofs::dev::card1:375] [33mrknpu submit ioctl[0]: flags=0x1 timeout=6000 task_start=632 task_number=30 task_counter=0 core_mask=0x1 task_obj_addr=0xffff00008dae0000 task_base_addr=0x0 subcore_task=[RknpuSubcoreTask { task_start: 632, task_number: 30 }, RknpuSubcoreTask { task_start: 921, task_number: 0 }, RknpuSubcoreTask { task_start: 996, task_number: 0 }, RknpuSubcoreTask { task_start: 0, task_number: 0 }, RknpuSubcoreTask { task_start: 0, task_number: 0 }][m
[VM 1] [m[37m[ 10.316687 0:26 starry_kernel::pseudofs::dev::card1:390] [32mrknpu submit ioctl RknpuSubmit {
[VM 1]     flags: 0x1,
[VM 1]     timeout: 0x1770,
[VM 1]     task_start: 0x278,
[VM 1]     task_number: 0x1e,
[VM 1]     task_counter: 0x0,
[VM 1]     priority: 0x0,
[VM 1]     task_obj_addr: 0xffff00008dae0000,
[VM 1]     iommu_domain_id: 0x0,
[VM 1]     reserved: 0x0,
[VM 1]     task_base_addr: 0x0,
[VM 1]     hw_elapse_time: 0x0,
[VM 1]     core_mask: 0x1,
[VM 1]     fence_fd: 0xffffffff,
[VM 1]     subcore_task: [
[VM 1]         RknpuSubcoreTask {
[VM 1]             task_start: 0x278,
[VM 1]             task_number: 0x1e,
[VM 1]         },
[VM 1]         RknpuSubcoreTask {
[VM 1]             task_start: 0x399,
[VM 1]             task_number: 0x0,
[VM 1]         },
[VM 1]         RknpuSubcoreTask {
[VM 1]             task_start: 0x3e4,
[VM 1]             task_number: 0x0,
[VM 1]         },
[VM 1]         RknpuSubcoreTask {
[VM 1]             task_start: 0x0,
[VM 1]             task_number: 0x0,
[VM 1]         },
[VM 1]         RknpuSubcoreTask {
[VM 1]             task_start: 0x0,
[VM 1]             task_number: 0x0,
[VM 1]         },
[VM 1]     ],
[VM 1] }[m
[VM 1] [m[37m[ 10.452457 0:26 starry_kernel::pseudofs::dev::card1:166] [32mcard1: cmd 0xc0686441, nr 0x41, arg 0x3ffffff93c0[m
[VM 1] [m[37m[ 10.452473 0:26 starry_kernel::pseudofs::dev::card1:169] [32mcard1: is_driver_ioctl = true[m
[VM 1] [m[37m[ 10.452484 0:26 starry_kernel::pseudofs::dev::card1:364] [32mrknpu_driver_ioctl: op = Submit[m
[VM 1] [m[37m[ 10.452495 0:26 starry_kernel::pseudofs::dev::card1:390] [32mrknpu submit ioctl RknpuSubmit {
[VM 1]     flags: 0x5,
[VM 1]     timeout: 0x1770,
[VM 1]     task_start: 0x35a,
[VM 1]     task_number: 0x9,
[VM 1]     task_counter: 0x0,
[VM 1]     priority: 0x0,
[VM 1]     task_obj_addr: 0xffff00008dae0000,
[VM 1]     iommu_domain_id: 0x0,
[VM 1]     reserved: 0x0,
[VM 1]     task_base_addr: 0x0,
[VM 1]     hw_elapse_time: 0x0,
[VM 1]     core_mask: 0x7,
[VM 1]     fence_fd: 0xffffffff,
[VM 1]     subcore_task: [
[VM 1]         RknpuSubcoreTask {
[VM 1]             task_start: 0x314,
[VM 1]             task_number: 0x3,
[VM 1]         },
[VM 1]         RknpuSubcoreTask {
[VM 1]             task_start: 0x3bc,
[VM 1]             task_number: 0x3,
[VM 1]         },
[VM 1]         RknpuSubcoreTask {
[VM 1]             task_start: 0x314,
[VM 1]             task_number: 0x3,
[VM 1]         },
[VM 1]         RknpuSubcoreTask {
[VM 1]             task_start: 0x3bc,
[VM 1]             task_number: 0x3,
[VM 1]         },
[VM 1]         RknpuSubcoreTask {
[VM 1]             task_start: 0x407,
[VM 1]             task_number: 0x3,
[VM 1]         },
[VM 1]     ],
[VM 1] }[m
[VM 1] [m[37m[ 10.452753 0:26 starry_kernel::pseudofs::dev::card1:166] [32mcard1: cmd 0xc0686441, nr 0x41, arg 0x3ffffff93c0[m
[VM 1] [m[37m[ 10.957233 0:26 starry_kernel::pseudofs::dev::card1:166] [32mcard1: cmd 0xc0206445, nr 0x45, arg 0x3ffffff9540[m
[VM 1] [m[37m[ 10.957265 0:26 starry_kernel::pseudofs::dev::card1:169] [32mcard1: is_driver_ioctl = true[m
[VM 1] [m[37m[ 10.957277 0:26 starry_kernel::pseudofs::dev::card1:364] [32mrknpu_driver_ioctl: op = MemSync[m
[VM 1] [m[37m[ 10.957290 0:26 starry_kernel::pseudofs::dev::card1:546] [32mrknpu mem_sync ioctl RknpuMemSync {
[VM 1]     flags: 0x1,
[VM 1]     reserved: 0x0,
[VM 1]     obj_addr: 0xffff00008ee00000,
[VM 1]     offset: 0x0,
[VM 1]     size: 0x12c000,
[VM 1] }[m
[VM 1] [m[37m[ 10.957513 0:26 starry_kernel::pseudofs::dev::card1:166] [32mcard1: cmd 0xc0206445, nr 0x45, arg 0x3ffffff8fe0[m
[VM 1] [m[37m[ 10.957527 0:26 starry_kernel::pseudofs::dev::card1:169] [32mcard1: is_driver_ioctl = true[m
[VM 1] [m[37m[ 10.957537 0:26 starry_kernel::pseudofs::dev::card1:364] [32mrknpu_driver_ioctl: op = MemSync[m
[VM 1] [m[37m[ 10.957548 0:26 starry_kernel::pseudofs::dev::card1:546] [32mrknpu mem_sync ioctl RknpuMemSync {
[VM 1]     flags: 0x1,
[VM 1]     reserved: 0x0,
[VM 1]     obj_addr: 0xffff00008dc00000,
[VM 1]     offset: 0x311540,
[VM 1]     size: 0xdbfc0,
[VM 1] }[m
[VM 1] [m[37m[ 10.957662 0:26 starry_kernel::pseudofs::dev::card1:166] [32mcard1: cmd 0xc0686441, nr 0x41, arg 0x3ffffff93c0[m
[VM 1] [m[37m[ 10.957674 0:26 starry_kernel::pseudofs::dev::card1:169] [32mcard1: is_driver_ioctl = true[m
[VM 1] [m[37m[ 10.957685 0:26 starry_kernel::pseudofs::dev::card1:364] [32mrknpu_driver_ioctl: op = Submit[m
[VM 1] [m[37m[ 10.957696 0:26 starry_kernel::pseudofs::dev::card1:390] [32mrknpu submit ioctl RknpuSubmit {
[VM 1]     flags: 0x1,
[VM 1]     timeout: 0x1770,
[VM 1]     task_start: 0x278,
[VM 1]     task_number: 0x1e,
[VM 1]     task_counter: 0x0,
[VM 1]     priority: 0x0,
[VM 1]     task_obj_addr: 0xffff00008dae0000,
[VM 1]     iommu_domain_id: 0x0,
[VM 1]     reserved: 0x0,
[VM 1]     task_base_addr: 0x0,
[VM 1]     hw_elapse_time: 0x0,
[VM 1]     core_mask: 0x1,
[VM 1]     fence_fd: 0xffffffff,
[VM 1]     subcore_task: [
[VM 1]         RknpuSubcoreTask {
[VM 1]             task_start: 0x278,
[VM 1]             task_number: 0x1e,
[VM 1]         },
[VM 1]         RknpuSubcoreTask {
[VM 1]             task_start: 0x399,
[VM 1]             task_number: 0x0,
[VM 1]         },
[VM 1]         RknpuSubcoreTask {
[VM 1]             task_start: 0x3e4,
[VM 1]             task_number: 0x0,
[VM 1]         },
[VM 1]         RknpuSubcoreTask {
[VM 1]             task_start: 0x0,
[VM 1]             task_number: 0x0,
[VM 1]         },
[VM 1]         RknpuSubcoreTask {
[VM 1]             task_start: 0x0,
[VM 1]             task_number: 0x0,
[VM 1]         },
[VM 1]     ],
[VM 1] }[m
[VM 1] [m[37m[ 10.971128 0:26 starry_kernel::pseudofs::dev::card1:166] [32mcard1: cmd 0xc0686441, nr 0x41, arg 0x3ffffff93c0[m
[VM 1] [m[37m[ 11.041508 0:26 starry_kernel::pseudofs::dev::card1:166] [32mcard1: cmd 0xc0686441, nr 0x41, arg 0x3ffffff93c0[m
[VM 1] [m[37m[ 11.041525 0:26 starry_kernel::pseudofs::dev::card1:169] [32mcard1: is_driver_ioctl = true[m
[VM 1] [m[37m[ 11.041536 0:26 starry_kernel::pseudofs::dev::card1:364] [32mrknpu_driver_ioctl: op = Submit[m
[VM 1] [m[37m[ 11.041627 0:26 starry_kernel::pseudofs::dev::card1:390] [32mrknpu submit ioctl RknpuSubmit {
[VM 1]     flags: 0x5,
[VM 1]     timeout: 0x1770,
[VM 1]     task_start: 0x317,
[VM 1]     task_number: 0x2,
[VM 1]     task_counter: 0x0,
[VM 1]     priority: 0x0,
[VM 1]     task_obj_addr: 0xffff00008dae0000,
[VM 1]     iommu_domain_id: 0x0,
[VM 1]     reserved: 0x0,
[VM 1]     task_base_addr: 0x0,
[VM 1]     hw_elapse_time: 0x0,
[VM 1]     core_mask: 0x1,
[VM 1]     fence_fd: 0xffffffff,
[VM 1]     subcore_task: [
[VM 1]         RknpuSubcoreTask {
[VM 1]             task_start: 0x2e7,
[VM 1]             [37m[ 11.471226 0:26 starry_kernel::pseudofs::dev::card1:166] [32mcard1: cmd 0xc0206445, nr 0x45, arg 0x3ffffff9540[m
[VM 1] [m[37m[ 11.471256 0:26 starry_kernel::pseudofs::dev::card1:169] [32mcard1: is_driver_ioctl = true[m
[VM 1] [m[37m[ 11.471268 0:26 starry_kernel::pseudofs::dev::card1:364] [32mrknpu_driver_ioctl: op = MemSync[m
[VM 1] [m[37m[ 11.471282 0:26 starry_kernel::pseudofs::dev::card1:546] [32mrknpu mem_sync ioctl RknpuMemSync {
[VM 1]     flags: 0x1,
[VM 1]     reserved: 0x0,
[VM 1]     obj_addr: 0xffff00008ee00000,
[VM 1]     offset: 0x0,
[VM 1]     size: 0x12c000,
[VM 1] }[m
[VM 1] [m[37m[ 11.471502 0:26 starry_kernel::pseudofs::dev::card1:166] [32mcard1: cmd 0xc0206445, nr 0x45, arg 0x3ffffff8fe0[m
[VM 1] [m[37m[ 11.471517 0:26 starry_kernel::pseudofs::dev::card1:169] [32mcard1: is_driver_ioctl = true[m
[VM 1] [m[37m[ 11.471527 0:26 starry_kernel::pseudofs::dev::card1:364] [32mrknpu_driver_ioctl: op = MemSync[m
[VM 1] [m[37m[ 11.471538 0:26 starry_kernel::pseudofs::dev::card1:546] [32mrknpu mem_sync ioctl RknpuMemSync {
[VM 1]     flags: 0x1,
[VM 1]     reserved: 0x0,
[VM 1]     obj_addr: 0xffff00008dc00000,
[VM 1]     offset: 0x311540,
[VM 1]     size: 0xdbfc0,
[VM 1] }[m
[VM 1] [m[37m[ 11.471728 0:26 starry_kernel::pseudofs::dev::card1:166] [32mcard1: cmd 0xc0686441, nr 0x41, arg 0x3ffffff93c0[m
[VM 1] [m[37m[ 11.471742 0:26 starry_kernel::pseudofs::dev::card1:169] [32mcard1: is_driver_ioctl = true[m
[VM 1] [m[37m[ 11.471753 0:26 starry_kernel::pseudofs::dev::card1:364] [32mrknpu_driver_ioctl: op = Submit[m
[VM 1] [m[37m[ 11.471765 0:26 starry_kernel::pseudofs::dev::card1:390] [32mrknpu submit ioctl RknpuSubmit {
[VM 1]     flags: 0x1,
[VM 1]     timeout: 0x1770,
[VM 1]     task_start: 0x278,
[VM 1]     task_number: 0x1e,
[VM 1]     task_counter: 0x0,
[VM 1]     priority: 0x0,
[VM 1]     task_obj_addr: 0xffff00008dae0000,
[VM 1]     iommu_domain_id: 0x0,
[VM 1]     reserved: 0x0,
[VM 1]     task_base_addr: 0x0,
[VM 1]     hw_elapse_time: 0x0,
[VM 1]     core_mask: 0x1,
[VM 1]     fence_fd: 0xffffffff,
[VM 1]     subcore_task: [
[VM 1]         RknpuSubcoreTask {
[VM 1]             task_start: 0x278,
[VM 1]             task_number: 0x1e,
[VM 1]         },
[VM 1]         RknpuSubcoreTask {
[VM 1]             task_start: 0x399,
[VM 1]             task_number: 0x0,
[VM 1]         },
[VM 1]         RknpuSubcoreTask {
[VM 1]             task_start: 0x3e4,
[VM 1]             task_number: 0x0,
[VM 1]         },
[VM 1]         RknpuSubcoreTask {
[VM 1]             task_start: 0x0,
[VM 1]             task_number: 0x0,
[VM 1]         },
[VM 1]         RknpuSubcoreTask {
[VM 1]             task_start: 0x0,
[VM 1]             task_number: 0x0,
[VM 1]         },
[VM 1]     ],
[VM 1] }[m
[VM 1] [m[37m[ 11.485200 0:26 starry_kernel::pseudofs::dev::card1:166] [32mcard1: cmd 0xc0686441, nr 0x41, arg 0x3ffffff93c0[m
[VM 1] [m[37m[ 11.541582 0:26 starry_kernel::pseudofs::dev::card1:166] [32mcard1: cmd 0xc0686441, nr 0x41, arg 0x3ffffff93c0[m
[VM 1] [m[37m[ 11.541599 0:26 starry_kernel::pseudofs::dev::card1:169] [32mcard1: is_driver_ioctl = true[m
[VM 1] [m[37m[ 11.541610 0:26 starry_kernel::pseudofs::dev::card1:364] [32mrknpu_driver_ioctl: op = Submit[m
[VM 1] [m[37m[ 11.541621 0:26 starry_kernel::pseudofs::dev::card1:390] [32mrknpu submit ioctl RknpuSubmit {
[VM 1]     flags: 0x5,
[VM 1]     timeout: 0x1770,
[VM 1]     task_start: 0x29e,
[VM 1]     task_number: 0x6,
[VM 1]     task_counter: 0x0,
[VM 1]     priority: 0x0,
[VM 1]     task_obj_addr: 0xffff00008dae0000,
[VM 1]     iommu_domain_id: 0x0,
[VM 1]     reserved: 0x0,
[VM 1]     task_base_addr: 0x0,
[VM 1]     hw_elapse_time: 0x0,
[VM 1]     core_mask: 0x7,
[VM 1]     fence_fd: 0xffffffff,
[VM 1]     subcore_task: [
[VM 1]         RknpuSubcoreTask {
[VM 1]             task_start: 0x29e,
[VM 1]             [37m[ 11.841509 0:26 starry_kernel::pseudofs::dev::card1:166] [32mcard1: cmd 0xc0086440, nr 0x40, arg 0x3ffffffe4b0[m
[VM 1] [m[37m[ 11.841526 0:26 starry_kernel::pseudofs::dev::card1:169] [32mcard1: is_driver_ioctl = true[m
[VM 1] [m[37m[ 11.841538 0:26 starry_kernel::pseudofs::dev::card1:364] [32mrknpu_driver_ioctl: op = Action[m
[VM 1] [m[37m[ 11.841550 0:26 starry_kernel::pseudofs::dev::card1:587] [32mrknpu action ioctl[m
[VM 1] [m[37m[ 11.841561 0:26 starry_kernel::pseudofs::dev::card1:597] [32mrknpu action ioctl: flags = PowerOff, value = 0[m
[VM 1] [m[37m[ 11.841580 0:26 rockchip_npu:286] [33mPowerOff operation not yet implemented[m
[VM 1] [m[37m[ 11.918729 0:26 starry_kernel::pseudofs::dev::card1:166] [32mcard1: cmd 0xc0106444, nr 0x44, arg 0x3ffffffe470[m
[VM 1] [m[37m[ 11.918751 0:26 starry_kernel::pseudofs::dev::card1:169] [32mcard1: is_driver_ioctl = true[m
[VM 1] [m[37m[ 11.918763 0:26 starry_kernel::pseudofs::dev::card1:364] [32mrknpu_driver_ioctl: op = MemDestroy[m
[VM 1] [m[37m[ 11.918774 0:26 starry_kernel::pseudofs::dev::card1:528] [32mrknpu mem_destroy ioctl: handle=3[m
[VM 1] [m[37m[ 11.922000 0:26 starry_kernel::pseudofs::dev::card1:166] [32mcard1: cmd 0xc0106444, nr 0x44, arg 0x3ffffffe410[m
[VM 1] [m[37m[ 11.922016 0:26 starry_kernel::pseudofs::dev::card1:169] [32mcard1: is_driver_ioctl = true[m
[VM 1] [m[37m[ 11.922027 0:26 starry_kernel::pseudofs::dev::card1:364] [32mrknpu_driver_ioctl: op = MemDestroy[m
[VM 1] [m[37m[ 11.922038 0:26 starry_kernel::pseudofs::dev::card1:528] [32mrknpu mem_destroy ioctl: handle=2[m
[VM 1] [m[37m[ 11.922157 0:26 starry_kernel::pseudofs::dev::card1:166] [32mcard1: cmd 0xc0106444, nr 0x44, arg 0x3ffffffe3d0[m
[VM 1] [m[37m[ 11.922171 0:26 starry_kernel::pseudofs::dev::card1:169] [32mcard1: is_driver_ioctl = true[m
[VM 1] [m[37m[ 11.922182 0:26 starry_kernel::pseudofs::dev::card1:364] [32mrknpu_driver_ioctl: op = MemDestroy[m
[VM 1] [m[37m[ 11.922192 0:26 starry_kernel::pseudofs::dev::card1:528] [32mrknpu mem_destroy ioctl: handle=1[m
[VM 1] [m[37m[ 12.022923 0:26 starry_kernel::pseudofs::dev::card1:166] [32mcard1: cmd 0xc0106444, nr 0x44, arg 0x3ffffffe400[m
[VM 1] [m[37m[ 12.022941 0:26 starry_kernel::pseudofs::dev::card1:169] [32mcard1: is_driver_ioctl = true[m
[VM 1] [m[37m[ 12.022952 0:26 starry_kernel::pseudofs::dev::card1:364] [32mrknpu_driver_ioctl: op = MemDestroy[m
[VM 1] [m[37m[ 12.022963 0:26 starry_kernel::pseudofs::dev::card1:528] [32mrknpu mem_destroy ioctl: handle=4[m
[VM 1] [m[37m[ 12.023525 0:26 starry_kernel::pseudofs::dev::card1:166] [32mcard1: cmd 0xc0106444, nr 0x44, arg 0x3ffffffe400[m
[VM 1] [m[37m[ 12.023540 0:26 starry_kernel::pseudofs::dev::card1:169] [32mcard1: is_driver_ioctl = true[m
[VM 1] [m[37m[ 12.023551 0:26 starry_kernel::pseudofs::dev::card1:364] [32mrknpu_driver_ioctl: op = MemDestroy[m
[VM 1] [m[37m[ 12.023561 0:26 starry_kernel::pseudofs::dev::card1:528] [32mrknpu mem_destroy ioctl: handle=5[m
[VM 1] [m[37m[ 12.024131 0:26 starry_kernel::pseudofs::dev::card1:166] [32mcard1: cmd 0xc0106444, nr 0x44, arg 0x3ffffffe400[m
[VM 1] [m[37m[ 12.024145 0:26 starry_kernel::pseudofs::dev::card1:169] [32mcard1: is_driver_ioctl = true[m
[VM 1] [m[37m[ 12.024155 0:26 starry_kernel::pseudofs::dev::card1:364] [32mrknpu_driver_ioctl: op = MemDestroy[m
[VM 1] [m[37m[ 12.024166 0:26 starry_kernel::pseudofs::dev::card1:528] [32mrknpu mem_destroy ioctl: handle=6[m
[VM 1] [m[37m[ 12.024446 0:26 starry_kernel::pseudofs::dev::card1:166] [32mcard1: cmd 0xc0106444, nr 0x44, arg 0x3ffffffe400[m
[VM 1] [m[37m[ 12.024460 0:26 starry_kernel::pseudofs::dev::card1:169] [32mcard1: is_driver_ioctl = true[m
[VM 1] [m[37m[ 12.302398 0:26 starry_kernel::task::ops:348] [32mTask(26, "rknn_yolov8_bench") exit with code: 0[m
[VM 1] [m[37m[ 12.341310 0:26 starry_kernel::task::signal:647] [32mSend signal SIGCHLD to process 2[m
[VM 1] [m[37m[ 12.350641 0:17 starry_kernel::syscall::task::wait:360] [32msys_waitpid <= pid: -1, options: WaitPidOptions(0x0)[m
[VM 1] [m[37m[ 12.350753 0:17 starry_kernel::syscall::task::wait:360] [32msys_waitpid <= pid: -1, options: WaitPidOptions(WNO[VM 1] [m[37m[ 12.377689 0:27 starry_kernel::task::user:71] [32mEnter user space: ip=0x48653c, sp=0x3fffffff090[m
[VM 1] [m[37m[ 12.404189 0:27 starry_kernel::task::ops:348] [32mTask(27, "busybox") exit with code: 0[m
[VM 1] [m[37m[ 12.415786 0:27 starry_kernel::task::signal:647] [32mSend signal SIGCHLD to process 2[m
[VM 1] [m[37m[ 12.415979 0:17 starry_kernel::syscall::task::wait:360] [32msys_waitpid <= pid: -1, options: WaitPidOptions(0x0[VM 1] [m[37m[ 12.416077 0:17 starry_kernel::syscall::task::wait:360] [32msys_waitpid <= pid: -1, options: WaitPidOptions(WNOHANG)[m
[VM 1] [m[37m[ 12.418239 0:17 starry_kernel::syscall::task::wait:360] [32msys_waitpid <= pid: -1, options: WaitPidOptions(0x0[VM 1] [m[37m[ 12.462855 0:28 starry_kernel::task::user:71] [32mEnter user space: ip=0x48653c, sp=0x3fffffff2c0[m
[VM 1] [m[37m[ 12.470604 0:28 starry_kernel::task::ops:348] [32mTask(28, "busybox") exit with code: 0[m
[VM 1] [m[37m[ 12.492247 0:28 starry_kernel::task::signal:647] [32mSend signal SIGCHLD to process 2[m
[VM 1] [m[37m[ 12.501793 0:17 starry_kernel::syscall::task::wait:360] [32msys_waitpid <= pid: -1, options: WaitPidOptions(0x0)[m
[VM 1] [m[37m[ 12.501892 0:17 starry_kernel::syscall::task::wait:360] [32msys_waitpid <= pid: -1, options: WaitPidOptions(WNOHANG)[m
[VM 1] [m[37m[ 12.545639 0:17 starry_kernel::syscall::task::wait:360] [32msys_waitpid <= pid: -1, options: WaitPidOptions(0x0)[m
[VM 1] [m[37m[ 12.545748 0:29 starry_kernel::task::user:71] [32mEnter user space: ip=0x48653c, sp=0x3fffffff120[m
[VM 1] [m[37m[ 12.590897 0:29 ax_net::udp:287] [32mUDP socket #0: bound on *:49152[m
[VM 1] [m[37m[ 12.599999 0:8 ax_net::device::ethernet:410] [32meth0: requesting ARP for 10.0.0.2[m
[VM 1] [m[37m[ 12.610183 0:7 ax_net::device::ethernet:490] [32meth0: ARP 10.0.0.2 -> 52-54-00-00-00-02[m
[VM 2] IVC-RTOS-READY bind=10.0.0.2:5500 mac=52:54:00:00:00:02 window_bits=64 ack_loss_drop_every=0 expected_commands=0 expected_protocol_errors=0 expected_vision_decisions=3 exit_after_expected=1
[VM 1] [m[37m[ 12.610220 0:7 ax_net::device::ethernet:565] [32meth0: sending pending IPv4 packet to 10.0.0.2 via 52-54-00-00-00-02[m
[VM 2] IVC-RTOS-READY bind=10.0.0.2:5500 mac=52:54:00:00:00:02 window_bits=64 ack_loss_drop_every=0 expected_commands=0 expected_protocol_errors=0 expected_vision_decisions=3 exit_after_expected=1
[VM 2] IVC-RTOS-VISION frame=1 seq=1 requested=right actual=right state=applied age_at_send_us=2729846 local_apply_us=0
[VM 2] IVC-RTOS-VISION frame=2 seq=2 requested=left actual=left state=applied age_at_send_us=1860167 local_apply_us=0
[VM 2] IVC-RTOS-VISION frame=3 seq=3 requested=hold actual=hold state=applied age_at_send_us=1358669 local_apply_us=0
[VM 2] IVC-RTOS-VISION-RESULT accepted=3 applied=3 duplicates=0 actuator_status_sent=3 acks_sent=3 errors_sent=0 protocol_errors=0
[VM 1] [m[37m[ 12.763391 0:29 starry_kernel::task::ops:348] [32mTask(29, "ivc-vision-controller") exit with code: 0[m
[VM 1] [m[37m[ 12.779097 0:29 starry_kernel::task::signal:647] [32mSend signal SIGCHLD to process 2[m
[VM 1] [m[37m[ 12.788873 0:17 starry_kernel::syscall::task::wait:360] [32msys_waitpid <= pid: -1, options: WaitPidOptions(0x0)[m
[VM 1] [m[37m[ 12.788973 0:17 starry_kernel::syscall::task::wait:360] [32msys_waitpid <= pid: -1, options: WaitPidOptions(WNOHANG)[m
[VM 1] [m[37m[ 12.791557 0:17 starry_kernel::syscall::task::wait:360] [32msys_waitpid <= pid: -1, options: WaitPidOptions(0x0)[m
[VM 1] [m[37m[ 12.827674 0:30 starry_kernel::task::user:71] [32mEnter user space: ip=0x48653c, sp=0x3fffffff2c0[m
[VM 1] [m[37m[ 12.835523 0:30 starry_kernel::task::ops:348] [32mTask(30, "busybox") exit with code: 0[m
[VM 1] [m[37m[ 12.856995 0:30 starry_kernel::task::signal:647] [32mSend signal SIGCHLD to process 2[m
[VM 1] [m[37m[ 12.866556 0:17 starry_kernel::syscall::task::wait:360] [32msys_waitpid <= pid: -1, options: WaitPidOptions(0x0)[m
[VM 1] [m[37m[ 12.866651 0:17 starry_kernel::syscall::task::wait:360] [32msys_waitpid <= pid: -1, options: WaitPidOptions(WNOHANG)[m
[VM 1] [m[37m[ 12.892497 0:31 starry_kernel::task::user:71] [32mEnter user space: ip=0x48653c, sp=0x3fffffff090[m
[VM 1] [m[37m[ 12.899377 0:31 starry_kernel::task::ops:348] [32mTask(31, "busybox") exit with code: 0[m
[VM 1] [m[37m[ 12.920963 0:31 starry_kernel::task::signal:647] [32mSend signal SIGCHLD to process 2[m
[VM 1] [m[37m[ 12.921148 0:17 starry_kernel::syscall::task::wait:360] [32msys_waitpid <= pid: -1, options: WaitPidOptions(0x0)[m
[VM 1] [m[37m[ 12.921234 0:17 starry_kernel::syscall::task::wait:360] [32msys_waitpid <= pid: -1, options: WaitPidOptions(WNOHANG)[m
[VM 1] [m[37m[ 12.955947 0:32 starry_kernel::task::user:71] [32mEnter user space: ip=0x48653c, sp=0x3fffffff090[m
[VM 1] [m[37m[ 12.962890 0:32 starry_kernel::task::ops:348] [32mTask(32, "busybox") exit with code: 0[m
[VM 1] [m[37m[ 12.984243 0:32 starry_kernel::task::signal:647] [32mSend signal SIGCHLD to process 2[m
[VM 1] [m[37m[ 12.984442 0:17 starry_kernel::syscall::task::wait:360] [32msys_waitpid <= pid: -1, options: WaitPidOptions(0x0)[m
[VM 1] [m[37m[ 12.984527 0:17 starry_kernel::syscall::task::wait:360] [32msys_waitpid <= pid: -1, options: WaitPidOptions(WNOHANG)[m
[VM 1] [m[37m[ 12.986603 0:17 starry_kernel::syscall::task::wait:360] [32msys_waitpid <= pid: -1, options: WaitPidOptions(0x0)[m
[VM 1] [m[37m[ 13.030829 0:33 starry_kernel::task::user:71] [32mEnter user space: ip=0x48653c, sp=0x3fffffff2c0[m
[VM 1] [m[37m[ 13.062118 0:33 starry_kernel::task::ops:348] [32mTask(33, "busybox") exit with code: 0[m
[VM 1] [m[37m[ 13.073159 0:33 starry_kernel::task::signal:647] [32mSend signal SIGCHLD to process 2[m
[VM 1] [m[37m[ 13.082357 0:17 starry_kernel::syscall::task::wait:360] [32msys_waitpid <= pid: -1, options: WaitPidOptions(0x0)[m
[VM 1] [m[37m[ 13.082448 0:17 starry_kernel::syscall::task::wait:360] [32msys_waitpid <= pid: -1, options: WaitPidOptions(WNOHANG)[m
[VM 1] [m[37m[ 13.084848 0:17 starry_kernel::syscall::task::wait:360] [32msys_waitpid <= pid: -1, options: WaitPidOptions(0x0)[m
[VM 1] [m[37m[ 13.119482 0:34 starry_kernel::task::user:71] [32mEnter user space: ip=0x48653c, sp=0x3fffffff460[m
[VM 2] IVC-RTOS-VISION-RESULT accepted=3 applied=3 duplicates=0 actuator_status_sent=3 acks_sent=3 errors_sent=0 protocol_errors=0
[VM 2] IVC-RTOS-VISION-POWEROFF accepted=3
[VM 2] IVC-RTOS-VISION-RESULT accepted=3 applied=3 duplicates=0 actuator_status_sent=3 acks_sent=3 errors_sent=0 protocol_errors=0
[VM 2] IVC-RTOS-VISION-POWEROFF accepted=3
[VM 2] IVC-RTOS-VISION-RESULT accepted=3 applied=3 duplicates=0 actuator_status_sent=3 acks_sent=3 errors_sent=0 protocol_errors=0
[VM 2] IVC-RTOS-VISION-POWEROFF accepted=3
[VM 2] IVC-RTOS-VISION-RESULT accepted=3 applied=3 duplicates=0 actuator_status_sent=3 acks_sent=3 errors_sent=0 protocol_errors=0
[VM 2] IVC-RTOS-VISION-POWEROFF accepted=3
[VM 1] [m[37m[ 15.125721 0:34 starry_kernel::task::ops:348] [32mTask(34, "busybox") exit with code: 0[m
[VM 1] [m[37m[ 15.137045 0:34 starry_kernel::task::signal:647] [32mSend signal SIGCHLD to process 2[m
[VM 1] [m[37m[ 15.146401 0:17 starry_kernel::syscall::task::wait:360] [32msys_waitpid <= pid: -1, options: WaitPidOptions(0x0[VM 1] [m[37m[ 15.146493 0:17 starry_kernel::syscall::task::wait:360] [32msys_waitpid <= pid: -1, options: WaitPidOptions(WNOHANG)[m
[VM 1] [m[37m[ 15.151003 0:17 starry_kernel::syscall::task::wait:360] [32msys_waitpid <= pid: -1, options: WaitPidOptions(0x0)[m
[VM 1] [m[37m[ 15.186700 0:35 starry_kernel::task::user:71] [32mEnter user space: ip=0x48653c, sp=0x3ffffffe480[m
[VM 1] [m[37m[ 15.194403 0:36 starry_kernel::task::user:71] [32mEnter user space: ip=0x48653c, sp=0x3ffffffe480[m
[VM 1] [m[37m[ 15.216086 0:35 starry_kernel::task::ops:348] [32mTask(35, "busybox") exit with code: 0[m
[VM 1] [m[37m[ 15.228106 0:35 starry_kernel::task::signal:647] [32mSend signal SIGCHLD to process 2[m
[VM 2] IVC-RTOS-VISION-RESULT accepted=3 applied=3 duplicates=0 actuator_status_sent=3 acks_sent=3 errors_sent=0 protocol_errors=0
[VM 2] IVC-RTOS-VISION-POWEROFF accepted=3
[VM 1] [m[37m[ 15.239459 0:17 starry_kernel::syscall::task::wait:360] [32msys_waitpid <= pid: -1, options: WaitPidOptions(0x0)[m
[VM 1] [m[37m[ 15.239560 0:17 starry_kernel::syscall::task::wait:360] [32msys_waitpid <= pid: -1, options: WaitPidOptions(0x0)[m
[VM 1] [mVISION_DECISION_RECORD version=1 frame_id=1 captured_at_us=9776048 inference_finished_at_us=9861882 ttl_us=5000000 requested_action=right safe_action=hold detection_present=1 class_id=32 confidence_q10000=7081 region_id=2 left=479 top=706 right=773 bottom=1010
[VM 1] [37m[ 15.253569 0:36 starry_kernel::syscall::task::wait:360] [32msys_waitpid <= pid: -1, options: WaitPidOptions(0x0)[m
[VM 1] [m[37m[ 15.305550 0:37 starry_kernel::task::user:71] [32mEnter user space: ip=0x48653c, sp=0x3ffffffde60[m
[37m[119.540553 0:24 axvm::runtime::hvc:352] [33mVM[2] PSCI_SYSTEM_OFF[m
[m[37m[119.541165 0:24 axvm::vm:1416] [32mStopping VM[2]: SystemDown[m
[m[37m[119.541742 0:24 axvm::runtime::vcpus:625] [33mVM[2] VCpu[0] stopping because of VM stopping[m
[m[37m[119.542533 0:24 axvm::runtime::vcpus:337] [32mVM[2] last vCPU task exiting, decreasing running VM count[m
[m[37m[119.543457 0:24 axvm::runtime::vcpus:347] [32mVM[2] state changed to Stopped[m
[m[37m[119.544136 0:24 axvm::runtime::vcpus:645] [32mVM[2] VCpu[0] exiting...[m
[m[m[37m[ 15.580558 0:37 starry_kernel::task::ops:348] [32mTask(37, "busybox") exit with code: 0[m
[m[37m[ 15.591281 0:37 starry_kernel::task::signal:647] [32mSend signal SIGCHLD to process 4[m
[m[37m[ 15.600403 0:36 starry_kernel::syscall::task::wait:360] [32msys_waitpid <= pid: -1, options: WaitPidOptions(0x0)[m
[m[37m[ 15.600495 0:36 starry_kernel::syscall::task::wait:360] [32msys_waitpid <= pid: -1, options: WaitPidOptions(WNOHANG)[m
[mVISION_DECISION_RECORD version=1 frame_id=2 captured_at_us=10790999 inference_finished_at_us=10879019 ttl_us=5000000 requested_action=left safe_action=hold detection_present=1 class_id=32 confidence_q10000=8591 region_id=1 left=517 top=932 right=730 bottom=1151
[37m[ 15.614420 0:36 starry_kernel::syscall::task::wait:360] [32msys_waitpid <= pid: -1, options: WaitPidOptions(0x0)[m
[m[37m[ 15.663705 0:38 starry_kernel::task::user:71] [32mEnter user space: ip=0x48653c, sp=0x3ffffffde60[m
[m[37m[ 15.920139 0:38 starry_kernel::task::ops:348] [32mTask(38, "busybox") exit with code: 0[m
[m[37m[ 15.930489 0:38 starry_kernel::task::signal:647] [32mSend signal SIGCHLD to process 4[m
[m[37m[ 15.938808 0:36 starry_kernel::syscall::task::wait:360] [32msys_waitpid <= pid: -1, options: WaitPidOptions(0x0)[m
[m[37m[ 15.938899 0:36 starry_kernel::syscall::task::wait:360] [32msys_waitpid <= pid: -1, options: WaitPidOptions(WNOHANG)[m
[mVISION_DECISION_RECORD version=1 frame_id=3 captured_at_us=11079172 inference_finished_at_us=11392458 ttl_us=5000000 requested_action=hold safe_action=hold detection_present=0 class_id=65535 confidence_q10000=0 region_id=0 left=0 top=0 right=0 bottom=0
[37m[ 15.952455 0:36 starry_kernel::syscall::task::wait:360] [32msys_waitpid <= pid: -1, options: WaitPidOptions(0x0)[m
[m[37m[ 16.001232 0:39 starry_kernel::task::user:71] [32mEnter user space: ip=0x48653c, sp=0x3ffffffde60[m
[m[37m[ 16.257488 0:39 starry_kernel::task::ops:348] [32mTask(39, "busybox") exit with code: 0[m
[m[37m[ 16.268228 0:39 starry_kernel::task::signal:647] [32mSend signal SIGCHLD to process 4[m
[m[37m[ 16.277346 0:36 starry_kernel::syscall::task::wait:360] [32msys_waitpid <= pid: -1, options: WaitPidOptions(0x0)[m
[m[37m[ 16.277436 0:36 starry_kernel::syscall::task::wait:360] [32msys_waitpid <= pid: -1, options: WaitPidOptions(WNOHANG)[m
[m[37m[ 16.301856 0:36 starry_kernel::task::ops:348] [32mTask(36, "busybox") exit with code: 0[m
[m[37m[ 16.312397 0:36 starry_kernel::task::signal:647] [32mSend signal SIGCHLD to process 2[m
[m[37m[ 16.321101 0:17 starry_kernel::syscall::task::wait:360] [32msys_waitpid <= pid: -1, options: WaitPidOptions(0x0)[m
[m[37m[ 16.321188 0:17 starry_kernel::syscall::task::wait:360] [32msys_waitpid <= pid: -1, options: WaitPidOptions(WNOHANG)[m
[m[37m[ 16.323404 0:17 starry_kernel::syscall::task::wait:360] [32msys_waitpid <= pid: -1, options: WaitPidOptions(0x0)[m
[m[37m[ 16.356927 0:40 starry_kernel::task::user:71] [32mEnter user space: ip=0x48653c, sp=0x3ffffffe3f0[m
[mUVC_RKNN_VALIDATE_PASS images=3
[37m[ 16.364893 0:40 starry_kernel::task::ops:348] [32mTask(40, "busybox") exit with code: 0[m
[m[37m[ 16.387525 0:40 starry_kernel::task::signal:647] [32mSend signal SIGCHLD to process 2[m
[m[37m[ 16.396186 0:17 starry_kernel::syscall::task::wait:360] [32msys_waitpid <= pid: -1, options: WaitPidOptions(0x0)[m
[m[37m[ 16.396275 0:17 starry_kernel::syscall::task::wait:360] [32msys_waitpid <= pid: -1, options: WaitPidOptions(WNOHANG)[m
[m[37m[ 16.398405 0:17 starry_kernel::syscall::task::wait:360] [32msys_waitpid <= pid: -1, options: WaitPidOptions(0x0)[m
[m[37m[ 16.431638 0:41 starry_kernel::task::user:71] [32mEnter user space: ip=0x48653c, sp=0x3ffffffe590[m
[m[37m[ 16.687895 0:41 starry_kernel::task::ops:348] [32mTask(41, "busybox") exit with code: 0[m
[m[37m[ 16.698339 0:41 starry_kernel::task::signal:647] [32mSend signal SIGCHLD to process 2[m
[m[37m[ 16.707250 0:17 starry_kernel::syscall::task::wait:360] [32msys_waitpid <= pid: -1, options: WaitPidOptions(0x0)[m
[m[37m[ 16.707337 0:17 starry_kernel::syscall::task::wait:360] [32msys_waitpid <= pid: -1, options: WaitPidOptions(WNOHANG)[m
[mVISION_CLOSED_LOOP_BEGIN peer=10.0.0.2:5500 frames=3 session_id=1447646030
[37m[ 16.713584 0:17 starry_kernel::syscall::task::wait:360] [32msys_waitpid <= pid: -1, options: WaitPidOptions(0x0)[m
[m[37m[ 16.753179 0:42 starry_kernel::task::user:71] [32mEnter user space: ip=0x48653c, sp=0x3ffffffe220[m
[m[37m[ 17.009399 0:42 starry_kernel::task::ops:348] [32mTask(42, "busybox") exit with code: 0[m
[m[37m[ 17.020241 0:42 starry_kernel::task::signal:647] [32mSend signal SIGCHLD to process 2[m
[m[37m[ 17.029089 0:17 starry_kernel::syscall::task::wait:360] [32msys_waitpid <= pid: -1, options: WaitPidOptions(0x0)[m
[m[37m[ 17.029184 0:17 starry_kernel::syscall::task::wait:360] [32msys_waitpid <= pid: -1, options: WaitPidOptions(WNOHANG)[m
[mVISION_CLOSED_LOOP_EVENT frame=1 detection=1 class_id=32 confidence_q10000=7081 bbox=479,706,773,1010 requested=right actual=right state=applied inference_to_send_us=2729846 transport_us=147333 end_to_end_us=2963013 retries=0
[37m[ 17.042232 0:17 starry_kernel::syscall::task::wait:360] [32msys_waitpid <= pid: -1, options: WaitPidOptions(0x0)[m
[m[37m[ 17.090810 0:43 starry_kernel::task::user:71] [32mEnter user space: ip=0x48653c, sp=0x3ffffffe220[m
[m[37m[ 17.347304 0:43 starry_kernel::task::ops:348] [32mTask(43, "busybox") exit with code: 0[m
[m[37m[ 17.358001 0:43 starry_kernel::task::signal:647] [32mSend signal SIGCHLD to process 2[m
[m[37m[ 17.366654 0:17 starry_kernel::syscall::task::wait:360] [32msys_waitpid <= pid: -1, options: WaitPidOptions(0x0)[m
[m[37m[ 17.366741 0:17 starry_kernel::syscall::task::wait:360] [32msys_waitpid <= pid: -1, options: WaitPidOptions(WNOHANG)[m
[mVISION_CLOSED_LOOP_EVENT frame=2 detection=1 class_id=32 confidence_q10000=8591 bbox=517,932,730,1151 requested=left actual=left state=applied inference_to_send_us=1860167 transport_us=11822 end_to_end_us=1960009 retries=0
[37m[ 17.379306 0:17 starry_kernel::syscall::task::wait:360] [32msys_waitpid <= pid: -1, options: WaitPidOptions(0x0)[m
[m[37m[ 17.423849 0:44 starry_kernel::task::user:71] [32mEnter user space: ip=0x48653c, sp=0x3ffffffe220[m
[m[37m[ 17.680560 0:44 starry_kernel::task::ops:348] [32mTask(44, "busybox") exit with code: 0[m
[m[37m[ 17.691342 0:44 starry_kernel::task::signal:647] [32mSend signal SIGCHLD to process 2[m
[m[37m[ 17.699464 0:17 starry_kernel::syscall::task::wait:360] [32msys_waitpid <= pid: -1, options: WaitPidOptions(0x0)[m
[m[37m[ 17.699551 0:17 starry_kernel::syscall::task::wait:360] [32msys_waitpid <= pid: -1, options: WaitPidOptions(WNOHANG)[m
[mVISION_CLOSED_LOOP_EVENT frame=3 detection=0 class_id=65535 confidence_q10000=0 bbox=0,0,0,0 requested=hold actual=hold state=applied inference_to_send_us=1358669 transport_us=11674 end_to_end_us=1683629 retries=0
[37m[ 17.712099 0:17 starry_kernel::syscall::task::wait:360] [32msys_waitpid <= pid: -1, options: WaitPidOptions(0x0)[m
[m[37m[ 17.760453 0:45 starry_kernel::task::user:71] [32mEnter user space: ip=0x48653c, sp=0x3ffffffe220[m
[m[37m[ 18.016877 0:45 starry_kernel::task::ops:348] [32mTask(45, "busybox") exit with code: 0[m
[m[37m[ 18.027537 0:45 starry_kernel::task::signal:647] [32mSend signal SIGCHLD to process 2[m
[m[37m[ 18.036149 0:17 starry_kernel::syscall::task::wait:360] [32msys_waitpid <= pid: -1, options: WaitPidOptions(0x0)[m
[m[37m[ 18.036236 0:17 starry_kernel::syscall::task::wait:360] [32msys_waitpid <= pid: -1, options: WaitPidOptions(WNOHANG)[m
[mVISION_CLOSED_LOOP_DONE frames=3 applied=3 errors=0
[37m[ 18.041003 0:17 starry_kernel::syscall::task::wait:360] [32msys_waitpid <= pid: -1, options: WaitPidOptions(0x0)[m
[m[37m[ 18.078106 0:46 starry_kernel::task::user:71] [32mEnter user space: ip=0x48653c, sp=0x3ffffffe220[m
[m[37m[ 18.334750 0:46 starry_kernel::task::ops:348] [32mTask(46, "busybox") exit with code: 0[m
[m[37m[ 18.345624 0:46 starry_kernel::task::signal:647] [32mSend signal SIGCHLD to process 2[m
[m[37m[ 18.354509 0:17 starry_kernel::syscall::task::wait:360] [32msys_waitpid <= pid: -1, options: WaitPidOptions(0x0)[m
[m[37m[ 18.354603 0:17 starry_kernel::syscall::task::wait:360] [32msys_waitpid <= pid: -1, options: WaitPidOptions(WNOHANG)[m
[mIVC-STARRY-VISION-RUNNER-SHA256 sha256=3d4cbf3280b438b09d786a4c995410be1ac8e6e34c9cdca21d85918e51c98659
[37m[ 18.357001 0:17 starry_kernel::syscall::task::wait:360] [32msys_waitpid <= pid: -1, options: WaitPidOptions(0x0)[m
[m[37m[ 18.399213 0:47 starry_kernel::task::user:71] [32mEnter user space: ip=0x48653c, sp=0x3ffffffea70[m
[m[37m[ 18.655615 0:47 starry_kernel::task::ops:348] [32mTask(47, "busybox") exit with code: 0[m
[m[37m[ 18.666060 0:47 starry_kernel::task::signal:647] [32mSend signal SIGCHLD to process 2[m
[m[37m[ 18.674772 0:17 starry_kernel::syscall::task::wait:360] [32msys_waitpid <= pid: -1, options: WaitPidOptions(0x0)[m
[m[37m[ 18.674858 0:17 starry_kernel::syscall::task::wait:360] [32msys_waitpid <= pid: -1, options: WaitPidOptions(WNOHANG)[m
[mIVC-STARRY-VISION-CONTROLLER-SHA256 sha256=b7be4f4181a60b6d0b5c3cf8a891c1f89422b0ec49aa400eb9918a85fda20610
[37m[ 18.677125 0:17 starry_kernel::syscall::task::wait:360] [32msys_waitpid <= pid: -1, options: WaitPidOptions(0x0)[m
[m[37m[ 18.719390 0:48 starry_kernel::task::user:71] [32mEnter user space: ip=0x48653c, sp=0x3ffffffedb0[m
[m[37m[ 18.975790 0:48 starry_kernel::task::ops:348] [32mTask(48, "busybox") exit with code: 0[m
[m[37m[ 18.986235 0:48 starry_kernel::task::signal:647] [32mSend signal SIGCHLD to process 2[m
[m[37m[ 18.995058 0:17 starry_kernel::syscall::task::wait:360] [32msys_waitpid <= pid: -1, options: WaitPidOptions(0x0)[m
[m[37m[ 18.995152 0:17 starry_kernel::syscall::task::wait:360] [32msys_waitpid <= pid: -1, options: WaitPidOptions(WNOHANG)[m
[m[37m[ 18.997546 0:17 starry_kernel::syscall::task::wait:360] [32msys_waitpid <= pid: -1, options: WaitPidOptions(0x0)[m
[m[37m[ 19.030481 0:49 starry_kernel::task::user:71] [32mEnter user space: ip=0x48653c, sp=0x3fffffff0f0[m
[m[37m[ 20.036545 0:49 starry_kernel::task::ops:348] [32mTask(49, "busybox") exit with code: 0[m
[m[37m[ 20.047223 0:49 starry_kernel::task::signal:647] [32mSend signal SIGCHLD to process 2[m
[m[37m[ 20.056098 0:17 starry_kernel::syscall::task::wait:360] [32msys_waitpid <= pid: -1, options: WaitPidOptions(0x0)[m
[m[37m[ 20.056184 0:17 starry_kernel::syscall::task::wait:360] [32msys_waitpid <= pid: -1, options: WaitPidOptions(WNOHANG)[m
[m[37m[ 20.060519 0:17 starry_kernel::syscall::task::wait:360] [32msys_waitpid <= pid: -1, options: WaitPidOptions(0x0)[m
[m[37m[ 20.093947 0:50 starry_kernel::task::user:71] [32mEnter user space: ip=0x48653c, sp=0x3ffffffe480[m
[m[37m[ 20.101958 0:50 starry_kernel::task::ops:348] [32mTask(50, "busybox") exit with code: 0[m
[m[37m[ 20.102028 0:51 starry_kernel::task::user:71] [32mEnter user space: ip=0x48653c, sp=0x3ffffffe480[m
[mVISION_DECISION_RECORD version=1 frame_id=1 captured_at_us=9776048 inference_finished_at_us=9861882 ttl_us=5000000 requested_action=right safe_action=hold detection_present=1 class_id=32 confidence_q10000=7081 region_id=2 left=479 top=706 right=773 bottom=1010
[37m[ 20.116283 0:51 starry_kernel::syscall::task::wait:360] [32msys_waitpid <= pid: -1, options: WaitPidOptions(0x0)[m
[m[37m[ 20.162101 0:50 starry_kernel::task::signal:647] [32mSend signal SIGCHLD to process 2[m
[m[37m[ 20.162207 0:52 starry_kernel::task::user:760] [32msys_waitpid <= pid: -1,)[m
[m[37m[ 20.203472 0:17 starry_kernel::syscall::task::wait:360] [32msys_waitpid <= pid: -1, options: WaitPidOptions(0x0)[m
[m[37m[ 20.418411 0:52 starry_kernel::task::ops:348] [32mTask(52, "busybox") exit with code: 0[m
[m[37m[ 20.429131 0:52 starry_kernel::task::signal:647] [32mSend signal SIGCHLD to process 4[m
[m[37m[ 20.438233 0:51 starry_kernel::syscall::task::wait:360] [32msys_waitpid <= pid: -1, options: WaitPidOptions(0x0)[m
[m[37m[ 20.438320 0:51 starry_kernel::syscall::task::wait:360] [32msys_waitpid <= pid: -1, options: WaitPidOptions(WNOHANG)[m
[mVISION_DECISION_RECORD version=1 frame_id=2 captured_at_us=10790999 inference_finished_at_us=10879019 ttl_us=5000000 requested_action=left safe_action=hold detection_present=1 class_id=32 confidence_q10000=8591 region_id=1 left=517 top=932 right=730 bottom=1151
[37m[ 20.452312 0:51 starry_kernel::syscall::task::wait:360] [32msys_waitpid <= pid: -1, options: WaitPidOptions(0x0)[m
[m[37m[ 20.500690 0:53 starry_kernel::task::user:71] [32mEnter user space: ip=0x48653c, sp=0x3ffffffde60[m
[m[37m[ 20.757412 0:53 starry_kernel::task::ops:348] [32mTask(53, "busybox") exit with code: 0[m
[m[37m[ 20.768103 0:53 starry_kernel::task::signal:647] [32mSend signal SIGCHLD to process 4[m
[m[37m[ 20.777136 0:51 starry_kernel::syscall::task::wait:360] [32msys_waitpid <= pid: -1, options: WaitPidOptions(0x0)[m
[m[37m[ 20.777223 0:51 starry_kernel::syscall::task::wait:360] [32msys_waitpid <= pid: -1, options: WaitPidOptions(WNOHANG)[m
[mVISION_DECISION_RECORD version=1 frame_id=3 captured_at_us=11079172 inference_finished_at_us=11392458 ttl_us=5000000 requested_action=hold safe_action=hold detection_present=0 class_id=65535 confidence_q10000=0 region_id=0 left=0 top=0 right=0 bottom=0
[37m[ 20.790886 0:51 starry_kernel::syscall::task::wait:360] [32msys_waitpid <= pid: -1, options: WaitPidOptions(0x0)[m
[m[37m[ 20.840211 0:54 starry_kernel::task::user:71] [32mEnter user space: ip=0x48653c, sp=0x3ffffffde60[m
[m[37m[ 21.096579 0:54 starry_kernel::task::ops:348] [32mTask(54, "busybox") exit with code: 0[m
[m[37m[ 21.107302 0:54 starry_kernel::task::signal:647] [32mSend signal SIGCHLD to process 4[m
[m[37m[ 21.116142 0:51 starry_kernel::syscall::task::wait:360] [32msys_waitpid <= pid: -1, options: WaitPidOptions(0x0)[m
[m[37m[ 21.116230 0:51 starry_kernel::syscall::task::wait:360] [32msys_waitpid <= pid: -1, options: WaitPidOptions(WNOHANG)[m
[m[37m[ 21.116524 0:51 starry_kernel::task::ops:348] [32mTask(51, "busybox") exit with code: 0[m
[m[37m[ 21.150831 0:51 starry_kernel::task::signal:647] [32mSend signal SIGCHLD to process 2[m
[m[37m[ 21.159215 0:17 starry_kernel::syscall::task::wait:360] [32msys_waitpid <= pid: -1, options: WaitPidOptions(0x0)[m
[m[37m[ 21.159302 0:17 starry_kernel::syscall::task::wait:360] [32msys_waitpid <= pid: -1, options: WaitPidOptions(WNOHANG)[m
[m[37m[ 21.161608 0:17 starry_kernel::syscall::task::wait:360] [32msys_waitpid <= pid: -1, options: WaitPidOptions(0x0)[m
[m[37m[ 21.195284 0:55 starry_kernel::task::user:71] [32mEnter user space: ip=0x48653c, sp=0x3ffffffe3f0[m
[mUVC_RKNN_VALIDATE_PASS images=3
[37m[ 21.203100 0:55 starry_kernel::task::ops:348] [32mTask(55, "busybox") exit with code: 0[m
[m[37m[ 21.226438 0:55 starry_kernel::task::signal:647] [32mSend signal SIGCHLD to process 2[m
[m[37m[ 21.235012 0:17 starry_kernel::syscall::task::wait:360] [32msys_waitpid <= pid: -1, options: WaitPidOptions(0x0)[m
[m[37m[ 21.235099 0:17 starry_kernel::syscall::task::wait:360] [32msys_waitpid <= pid: -1, options: WaitPidOptions(WNOHANG)[m
[m[37m[ 21.237256 0:17 starry_kernel::syscall::task::wait:360] [32msys_waitpid <= pid: -1, options: WaitPidOptions(0x0)[m
[m[37m[ 21.269875 0:56 starry_kernel::task::user:71] [32mEnter user space: ip=0x48653c, sp=0x3ffffffe590[m
[m[37m[ 21.526151 0:56 starry_kernel::task::ops:348] [32mTask(56, "busybox") exit with code: 0[m
[m[37m[ 21.536658 0:56 starry_kernel::task::signal:647] [32mSend signal SIGCHLD to process 2[m
[m[37m[ 21.545448 0:17 starry_kernel::syscall::task::wait:360] [32msys_waitpid <= pid: -1, options: WaitPidOptions(0x0)[m
[m[37m[ 21.545533 0:17 starry_kernel::syscall::task::wait:360] [32msys_waitpid <= pid: -1, options: WaitPidOptions(WNOHANG)[m
[mVISION_CLOSED_LOOP_BEGIN peer=10.0.0.2:5500 frames=3 session_id=1447646030
[37m[ 21.551766 0:17 starry_kernel::syscall::task::wait:360] [32msys_waitpid <= pid: -1, options: WaitPidOptions(0x0)[m
[m[37m[ 21.590824 0:57 starry_kernel::task::user:71] [32mEnter user space: ip=0x48653c, sp=0x3ffffffe220[m
[m[37m[ 21.847144 0:57 starry_kernel::task::ops:348] [32mTask(57, "busybox") exit with code: 0[m
[m[37m[ 21.857523 0:57 starry_kernel::task::signal:647] [32mSend signal SIGCHLD to process 2[m
[m[37m[ 21.866286 0:17 starry_kernel::syscall::task::wait:360] [32msys_waitpid <= pid: -1, options: WaitPidOptions(0x0)[m
[m[37m[ 21.866380 0:17 starry_kernel::syscall::task::wait:360] [32msys_waitpid <= pid: -1, options: WaitPidOptions(WNOHANG)[m
[mVISION_CLOSED_LOOP_EVENT frame=1 detection=1 class_id=32 confidence_q10000=7081 bbox=479,706,773,1010 requested=right actual=right state=applied inference_to_send_us=2729846 transport_us=147333 end_to_end_us=2963013 retries=0
[37m[ 21.879194 0:17 starry_kernel::syscall::task::wait:360] [32msys_waitpid <= pid: -1, options: WaitPidOptions(0x0)[m
[m[37m[ 21.921742 0:58 starry_kernel::task::user:71] [32mEnter user space: ip=0x48653c, sp=0x3ffffffe220[m
[m[37m[ 22.177950 0:58 starry_kernel::task::ops:348] [32mTask(58, "busybox") exit with code: 0[m
[m[37m[ 22.188546 0:58 starry_kernel::task::signal:647] [32mSend signal SIGCHLD to process 2[m
[m[37m[ 22.197504 0:17 starry_kernel::syscall::task::wait:360] [32msys_waitpid <= pid: -1, options: WaitPidOptions(0x0)[m
[m[37m[ 22.197590 0:17 starry_kernel::syscall::task::wait:360] [32msys_waitpid <= pid: -1, options: WaitPidOptions(WNOHANG)[m
[mVISION_CLOSED_LOOP_EVENT frame=2 detection=1 class_id=32 confidence_q10000=8591 bbox=517,932,730,1151 requested=left actual=left state=applied inference_to_send_us=1860167 transport_us=11822 end_to_end_us=1960009 retries=0
[37m[ 22.210509 0:17 starry_kernel::syscall::task::wait:360] [32msys_waitpid <= pid: -1, options: WaitPidOptions(0x0)[m
[m[37m[ 22.261193 0:59 starry_kernel::task::user:71] [32mEnter user space: ip=0x48653c, sp=0x3ffffffe220[m
[m[37m[ 22.517524 0:59 starry_kernel::task::ops:348] [32mTask(59, "busybox") exit with code: 0[m
[m[37m[ 22.527978 0:59 starry_kernel::task::signal:647] [32mSend signal SIGCHLD to process 2[m
[m[37m[ 22.536635 0:17 starry_kernel::syscall::task::wait:360] [32msys_waitpid <= pid: -1, options: WaitPidOptions(0x0)[m
[m[37m[ 22.536722 0:17 starry_kernel::syscall::task::wait:360] [32msys_waitpid <= pid: -1, options: WaitPidOptions(WNOHANG)[m
[mVISION_CLOSED_LOOP_EVENT frame=3 detection=0 class_id=65535 confidence_q10000=0 bbox=0,0,0,0 requested=hold actual=hold state=applied inference_to_send_us=1358669 transport_us=11674 end_to_end_us=1683629 retries=0
[37m[ 22.548896 0:17 starry_kernel::syscall::task::wait:360] [32msys_waitpid <= pid: -1, options: WaitPidOptions(0x0)[m
[m[37m[ 22.592348 0:60 starry_kernel::task::user:71] [32mEnter user space: ip=0x48653c, sp=0x3ffffffe220[m
[m[37m[ 22.848577 0:60 starry_kernel::task::ops:348] [32mTask(60, "busybox") exit with code: 0[m
[m[37m[ 22.859268 0:60 star17 starry_kernel::syscall::task::wait:360] [32msys_waitpid <= pid: -1, options: WaitPidOptions(0x0)[m
[m[37m[ 22.868400 0:1ask::wait:360] [32msys_waitpid <= pid: -1, options: WaitPidOptions(WNOHANG)[m
[mVISION_CLOSED_LOOP_DONE frames=3 applied=3 e[37m[ 22.909658 0:61 starry_kernel::task::user:71] [32mEnter user space: ip=0x48653c, sp=0x3ffffffe220[m
[m[37m[ 23.166172 0:61 starry_kernel::task::ops:348] [32mTask(61, "busybox") exit with code: 0[m
[m[37m[ 23.176645 0:61 starry_kernel::task::signal:647] [32mSend signal SIGCHLD to process 2[m
[m[37m[ 23.185372 0:17 starry_kernel::syscall::task::wait:360] [32msys_waitpid <= pid: -1, options: WaitPidOptions(0x0)[m
[m[37m[ 23.185458 0:17 starry_kernel::syscall::task::wait:360] [32msys_waitpid <= pid: -1, options: WaitPidOptions(WNOHANG)[m
[mIVC-STARRY-VISION-RUNNER-SHA256 sha256=3d4cbf3280b438b09d786a4c995410be1ac8e6e34c9cdca21d85918e51c98659
[37m[ 23.187880 0:17 starry_kernel::syscall::task::wait:360] [32msys_waitpid <= pid: -1, options: WaitPidOptions(0x0)[m
[m[37m[ 23.229537 0:62 starry_kernel::task::user:71] [32mEnter user space: ip=0x48653c, sp=0x3ffffffea70[m
[m[37m[ 23.485959 0:62 starry_kernel::task::ops:348] [32mTask(62, "busybox") exit with code: 0[m
[m[37m[ 23.496379 0:62 starry_kernel::task::signal:647] [32mSend signal SIGCHLD to process 2[m
[m[37m[ 23.505279 0:17 starry_kernel::syscall::task::wait:360] [32msys_waitpid <= pid: -1, options: WaitPidOptions(0x0)[m
[m[37m[ 23.505374 0:17 starry_kernel::syscall::task::wait:360] [32msys_waitpid <= pid: -1, options: WaitPidOptions(WNOHANG)[m
[mIVC-STARRY-VISION-CONTROLLER-SHA256 sha256=b7be4f4181a60b6d0b5c3cf8a891c1f89422b0ec49aa400eb9918a85fda20610
[37m[ 23.507650 0:17 starry_kernel::syscall::task::wait:360] [32msys_waitpid <= pid: -1, options: WaitPidOptions(0x0)[m
[m[37m[ 23.549339 0:63 starry_kernel::task::user:71] [32mEnter user space: ip=0x48653c, sp=0x3ffffffedb0[m
[m[37m[ 23.805754 0:63 starry_kernel::task::ops:348] [32mTask(63, "busybox") exit with code: 0[m
[m[37m[ 23.816226 0:63 starry_kernel::task::signal:647] [32mSend signal SIGCHLD to process 2[m
[m[37m[ 23.825029 0:17 starry_kernel::syscall::task::wait:360] [32msys_waitpid <= pid: -1, options: WaitPidOptions(0x0)[m
[m[37m[ 23.825116 0:17 starry_kernel::syscall::task::wait:360] [32msys_waitpid <= pid: -1, options: WaitPidOptions(WNOHANG)[m
[m[37m[ 23.827352 0:17 starry_kernel::syscall::task::wait:360] [32msys_waitpid <= pid: -1, options: WaitPidOptions(0x0)[m
[m[37m[ 23.860967 0:64 starry_kernel::task::user:71] [32mEnter user space: ip=0x48653c, sp=0x3fffffff0f0[m
[m[37m[ 24.867021 0:64 starry_kernel::task::ops:348] [32mTask(64, "busybox") exit with code: 0[m
[m[37m[ 24.877670 0:64 starry_kernel::task::signal:647] [32mSend signal SIGCHLD to process 2[m
[m[37m[ 24.886614 0:17 starry_kernel::syscall::task::wait:360] [32msys_waitpid <= pid: -1, options: WaitPidOptions(0x0)[m
[m[37m[ 24.886701 0:17 starry_kernel::syscall::task::wait:360] [32msys_waitpid <= pid: -1, options: WaitPidOptions(WNOHANG)[m
[m[37m[ 24.891027 0:17 starry_kernel::syscall::task::wait:360] [32msys_waitpid <= pid: -1, options: WaitPidOptions(0x0)[m
[m[37m[ 24.924593 0:65 starry_kernel::task::user:71] [32mEnter user space: ip=0x48653c, sp=0x3ffffffe480[m
[m[37m[ 24.932721 0:65 starry_kernel::task::ops:348] [32mTask(65, "busybox") exit with code: 0[m
[m[37m[ 24.932788 0:66 starry_kernel::task::user:71] [32mEnter user space: ip=0x48653c, sp=0x3ffffffe480[m
[mVISION_DECISION_RECORD version=1 frame_id=1 captured_at_us=9776048 inference_finished_at_us=9861882 ttl_us=5000000 requested_action=right safe_action=hold detection_present=1 class_id=32 confidence_q10000=7081 region_id=2 left=479 top=706 right=773 bottom=1010
[37m[ 24.946894 0:66 starry_kernel::syscall::task::wait:360] [32msys_waitpid <= pid: -1, options: WaitPidOptions(0x0)[m
[m[37m[ 24.992546 0:65 starry_kernel::task::signal:647] [32mSend signal SIGCHLD to process 2[m
[m[37m[ 24.992653 0:67 starry_kernel::task::user:71] [32mEnter user space: ip=0x48653c, sp=0x3ffffffde60[m
[m[37m[ 25.033441 0:17 starry_kernel::syscall::task::wait:360] [32msys_waitpid <= pid: -1, options: WaitPidOptions(0x0)[m
[m[37m[ 25.033557 0:17 starry_kernel::syscall::task::wait:360] [32msys_waitpid <= pid: -1, options: WaitPidOptions(0x0)[m
[m[37m[ 25.248835 0:67 starry_kernel::task::ops:348] [32mTask(67, "busybox") exit with code: 0[m
[m[37m[ 25.259576 0:67 starry_kernel::task::signal:647] [32mSend signal SIGCHLD to process 4[m
[m[37m[ 25.268726 0:66 starry_kernel::syscall::task::wait:360] [32msys_waitpid <= pid: -1, options: WaitPidOptions(0x0)[m
[m[37m[ 25.268814 0:66 starry_kernel::syscall::task::wait:360] [32msys_waitpid <= pid: -1, options: WaitPidOptions(WNOHANG)[m
[mVISION_DECISION_RECORD version=1 frame_id=2 captured_at_us=10790999 inference_finished_at_us=10879019 ttl_us=5000000 requested_action=left safe_action=hold detection_present=1 class_id=32 confidence_q10000=8591 region_id=1 left=517 top=932 right=730 bottom=1151
[37m[ 25.282612 0:66 starry_kernel::syscall::task::wait:360] [32msys_waitpid <= pid: -1, options: WaitPidOptions(0x0)[m
[m[37m[ 25.331047 0:68 starry_kernel::task::user:71] [32mEnter user space: ip=0x48653c, sp=0x3ffffffde60[m
[m[37m[ 25.587774 0:68 starry_kernel::task::ops:348] [32mTask(68, "busybox") exit with code: 0[m
[m[37m[ 25.598512 0:68 starry_kernel::task::signal:647] [32mSend signal SIGCHLD to process 4[m
[m[37m[ 25.607681 0:66 starry_kernel::syscall::task::wait:360] [32msys_waitpid <= pid: -1, options: WaitPidOptions(0x0)[m
[m[37m[ 25.607769 0:66 starry_kernel::syscall::task::wait:360] [32msys_waitpid <= pid: -1, options: WaitPidOptions(WNOHANG)[m
[mVISION_DECISION_RECORD version=1 frame_id=3 captured_at_us=11079172 inference_finished_at_us=11392458 ttl_us=5000000 requested_action=hold safe_action=hold detection_present=0 class_id=65535 confidence_q10000=0 region_id=0 left=0 top=0 right=0 bottom=0
[37m[ 25.621437 0:66 starry_kernel::syscall::task::wait:360] [32msys_waitpid <= pid: -1, options: WaitPidOptions(0x0)[m
[m[37m[ 25.670744 0:69 starry_kernel::task::user:71] [32mEnter user space: ip=0x48653c, sp=0x3ffffffde60[m
[m[37m[ 25.927166 0:69 starry_kernel::task::ops:348] [32mTask(69, "busybox") exit with code: 0[m
[m[37m[ 25.937895 0:69 starry_kernel::task::signal:647] [32mSend signal SIGCHLD to process 4[m
[m[37m[ 25.946792 0:66 starry_kernel::syscall::task::wait:360] [32msys_waitpid <= pid: -1, options: WaitPidOptions(0x0)[m
[m[37m[ 25.946881 0:66 starry_kernel::syscall::task::wait:360] [32msys_waitpid <= pid: -1, options: WaitPidOptions(WNOHANG)[m
[m[37m[ 25.947172 0:66 starry_kernel::task::ops:348] [32mTask(66, "busybox") exit with code: 0[m
[m[37m[ 25.980462 0:66 starry_kernel::task::signal:647] [32mSend signal SIGCHLD to process 2[m
[m[37m[ 25.989010 0:17 starry_kernel::syscall::task::wait:360] [32msys_waitpid <= pid: -1, options: WaitPidOptions(0x0)[m
[m[37m[ 25.989096 0:17 starry_kernel::syscall::task::wait:360] [32msys_waitpid <= pid: -1, options: WaitPidOptions(WNOHANG)[m
[m[37m[ 25.991424 0:17 starry_kernel::syscall::task::wait:360] [32msys_waitpid <= pid: -1, options: WaitPidOptions(0x0)[m
[m[37m[ 26.024461 0:70 starry_kernel::task::user:71] [32mEnter user space: ip=0x48653c, sp=0x3ffffffe3f0[m
[mUVC_RKNN_VALIDATE_PASS images=3
[37m[ 26.032281 0:70 starry_kernel::task::ops:348] [32mTask(70, "busybox") exit with code: 0[m
[m[37m[ 26.056004 0:70 starry_kernel::task::signal:647] [32mSend signal SIGCHLD to process 2[m
[m[37m[ 26.064494 0:17 starry_kernel::syscall::task::wait:360] [32msys_waitpid <= pid: -1, options: WaitPidOptions(0x0)[m
[m[37m[ 26.064581 0:17 starry_kernel::syscall::task::wait:360] [32msys_waitpid <= pid: -1, options: WaitPidOptions(WNOHANG)[m
[m[37m[ 26.066747 0:17 starry_kernel::syscall::task::wait:360] [32msys_waitpid <= pid: -1, options: WaitPidOptions(0x0)[m
[m[37m[ 26.099003 0:71 starry_kernel::task::user:71] [32mEnter user space: ip=0x48653c, sp=0x3ffffffe590[m
[m[37m[ 26.355479 0:71 starry_kernel::task::ops:348] [32mTask(71, "busybox") exit with code: 0[m
[m[37m[ 26.365910 0:71 starry_kernel::task::signal:647] [32mSend signal SIGCHLD to process 2[m
[m[37m[ 26.374695 0:17 starry_kernel::syscall::task::wait:360] [32msys_waitpid <= pid: -1, options: WaitPidOptions(0x0)[m
[m[37m[ 26.374781 0:17 starry_kernel::syscall::task::wait:360] [32msys_waitpid <= pid: -1, options: WaitPidOptions(WNOHANG)[m
[mVISION_CLOSED_LOOP_BEGIN peer=10.0.0.2:5500 frames=3 session_id=1447646030
[37m[ 26.380914 0:17 starry_kernel::syscall::task::wait:360] [32msys_waitpid <= pid: -1, options: WaitPidOptions(0x0)[m
[m[37m[ 26.419951 0:72 starry_kernel::task::user:71] [32mEnter user space: ip=0x48653c, sp=0x3ffffffe220[m
[m[37m[ 26.676255 0:72 starry_kernel::task::ops:348] [32mTask(72, "busybox") exit with code: 0[m
[m[37m[ 26.686663 0:72 starry_kernel::task::signal:647] [32mSend signal SIGCHLD to process 2[m
[m[37m[ 26.695540 0:17 starry_kernel::syscall::task::wait:360] [32msys_waitpid <= pid: -1, options: WaitPidOptions(0x0)[m
[m[37m[ 26.695634 0:17 starry_kernel::syscall::task::wait:360] [32msys_waitpid <= pid: -1, options: WaitPidOptions(WNOHANG)[m
[mVISION_CLOSED_LOOP_EVENT frame=1 detection=1 class_id=32 confidence_q10000=7081 bbox=479,706,773,1010 requested=right actual=right state=applied inference_to_send_us=2729846 transport_us=147333 end_to_end_us=2963013 retries=0
[37m[ 26.708477 0:17 starry_kernel::syscall::task::wait:360] [32msys_waitpid <= pid: -1, options: WaitPidOptions(0x0)[m
[m[37m[ 26.751816 0:73 starry_kernel::task::user:71] [32mEnter user space: ip=0x48653c, sp=0x3ffffffe220[m
[m[37m[ 27.008028 0:73 starry_kernel::task::ops:348] [32mTask(73, "busybox") exit with code: 0[m
[m[37m[ 27.018648 0:73 starry_kernel::task::signal:647] [32mSend signal SIGCHLD to process 2[m
[m[37m[ 27.027609 0:17 starry_kernel::syscall::task::wait:360] [32msys_waitpid <= pid: -1, options: WaitPidOptions(0x0)[m
[m[37m[ 27.027695 0:17 starry_kernel::syscall::task::wait:360] [32msys_waitpid <= pid: -1, options: WaitPidOptions(WNOHANG)[m
[mVISION_CLOSED_LOOP_EVENT frame=2 detection=1 class_id=32 confidence_q10000=8591 bbox=517,932,730,1151 requested=left actual=left state=applied inference_to_send_us=1860167 transport_us=11822 end_to_end_us=1960009 retries=0
[37m[ 27.040417 0:17 starry_kernel::syscall::task::wait:360] [32msys_waitpid <= pid: -1, options: WaitPidOptions(0x0)[m
[m[37m[ 27.090816 0:74 starry_kernel::task::user:71] [32mEnter user space: ip=0x48653c, sp=0x3ffffffe220[m
[m[37m[ 27.347138 0:74 starry_kernel::task::ops:348] [32mTask(74, "busybox") exit with code: 0[m
[m[37m[ 27.357497 0:74 starry_kernel::task::signal:647] [32mSend signal SIGCHLD to process 2[m
[m[37m[ 27.366183 0:17 starry_kernel::syscall::task::wait:360] [32msys_waitpid <= pid: -1, options: WaitPidOptions(0x0)[m
[m[37m[ 27.366268 0:17 starry_kernel::syscall::task::wait:360] [32msys_waitpid <= pid: -1, options: WaitPidOptions(WNOHANG)[m
[mVISION_CLOSED_LOOP_EVENT frame=3 detection=0 class_id=65535 confidence_q10000=0 bbox=0,0,0,0 requested=hold actual=hold state=applied inference_to_send_us=1358669 transport_us=11674 end_to_end_us=1683629 retries=0
[37m[ 27.378416 0:17 starry_kernel::syscall::task::wait:360] [32msys_waitpid <= pid: -1, options: WaitPidOptions(0x0)[m
[m[37m[ 27.421226 0:75 starry_kernel::task::user:71] [32mEnter user space: ip=0x48653c, sp=0x3ffffffe220[m
[m[37m[ 27.677471 0:75 starry_kernel::task::ops:348] [32mTask(75, "busybox") exit with code: 0[m
[m[37m[ 27.688063 0:75 starry_kernel::task::signal:647] [32mSend signal SIGCHLD to process 2[m
[m[37m[ 27.696822 0:17 starry_kernel::syscall::task::wait:360] [32msys_waitpid <= pid: -1, options: WaitPidOptions(0x0)[m
[m[37m[ 27.696916 0:17 starry_kernel::syscall::task::wait:360] [32msys_waitpid <= pid: -1, options: WaitPidOptions(WNOHANG)[m
[mVISION_CLOSED_LOOP_DONE frames=3 applied=3 errors=0
[37m[ 27.701948 0:17 starry_kernel::syscall::task::wait:360] [32msys_waitpid <= pid: -1, options: WaitPidOptions(0x0)[m
[m[37m[ 27.739627 0:76 starry_kernel::task::user:71] [32mEnter user space: ip=0x48653c, sp=0x3ffffffe220[m
[m[37m[ 27.996066 0:76 starry_kernel::task::ops:348] [32mTask(76, "busybox") exit with code: 0[m
[m[37m[ 28.006501 0:76 starry_kernel::task::signal:647] [32mSend signal SIGCHLD to process 2[m
[m[37m[ 28.015207 0:17 starry_kernel::syscall::task::wait:360] [32msys_waitpid <= pid: -1, options: WaitPidOptions(0x0)[m
[m[37m[ 28.015293 0:17 starry_kernel::syscall::task::wait:360] [32msys_waitpid <= pid: -1, options: WaitPidOptions(WNOHANG)[m
[mIVC-STARRY-VISION-RUNNER-SHA256 sha256=3d4cbf3280b438b09d786a4c995410be1ac8e6e34c9cdca21d85918e51c98659
[37m[ 28.017701 0:17 starry_kernel::syscall::task::wait:360] [32msys_waitpid <= pid: -1, options: WaitPidOptions(0x0)[m
[m[37m[ 28.059009 0:77 starry_kernel::task::user:71] [32mEnter user space: ip=0x48653c, sp=0x3ffffffea70[m
[m[37m[ 28.315599 0:77 starry_kernel::task::ops:348] [32mTask(77, "busybox") exit with code: 0[m
[m[37m[ 28.326016 0:77 starry_kernel::task::signal:647] [32mSend signal SIGCHLD to process 2[m
[m[37m[ 28.334904 0:17 starry_kernel::syscall::task::wait:360] [32msys_waitpid <= pid: -1, options: WaitPidOptions(0x0)[m
[m[37m[ 28.334997 0:17 starry_kernel::syscall::task::wait:360] [32msys_waitpid <= pid: -1, options: WaitPidOptions(WNOHANG)[m
[mIVC-STARRY-VISION-CONTROLLER-SHA256 sha256=b7be4f4181a60b6d0b5c3cf8a891c1f89422b0ec49aa400eb9918a85fda20610
[37m[ 28.337274 0:17 starry_kernel::syscall::task::wait:360] [32msys_waitpid <= pid: -1, options: WaitPidOptions(0x0)[m
[m[37m[ 28.379556 0:78 starry_kernel::task::user:71] [32mEnter user space: ip=0x48653c, sp=0x3ffffffedb0[m
[m[37m[ 28.636003 0:78 starry_kernel::task::ops:348] [32mTask(78, "busybox") exit with code: 0[m
[m[37m[ 28.646524 0:78 starry_kernel::task::signal:647] [32mSend signal SIGCHLD to process 2[m
[m[37m[ 28.655241 0:17 starry_kernel::syscall::task::wait:360] [32msys_waitpid <= pid: -1, options: WaitPidOptions(0x0)[m
[m[37m[ 28.655327 0:17 starry_kernel::syscall::task::wait:360] [32msys_waitpid <= pid: -1, options: WaitPidOptions(WNOHANG)[m
[m[37m[ 28.657539 0:17 starry_kernel::syscall::task::wait:360] [32msys_waitpid <= pid: -1, options: WaitPidOptions(0x0)[m
[m[37m[ 28.691055 0:79 starry_kernel::task::user:71] [32mEnter user space: ip=0x48653c, sp=0x3fffffff0f0[m
[m[37m[ 29.697199 0:79 starry_kernel::task::ops:348] [32mTask(79, "busybox") exit with code: 0[m
[m[37m[ 29.707906 0:79 starry_kernel::task::signal:647] [32mSend signal SIGCHLD to process 2[m
[m[37m[ 29.717020 0:17 starry_kernel::syscall::task::wait:360] [32msys_waitpid <= pid: -1, options: WaitPidOptions(0x0)[m
[m[37m[ 29.717106 0:17 starry_kernel::syscall::task::wait:360] [32msys_waitpid <= pid: -1, options: WaitPidOptions(WNOHANG)[m
[mIVC-STARRY-VISION-DONE exit=0
[37m[ 29.719434 0:17 starry_kernel::syscall::task::wait:360] [32msys_waitpid <= pid: -1, options: WaitPidOptions(0x0)[m
[m[37m[ 29.755276 0:80 starry_kernel::task::user:71] [32mEnter user space: ip=0x48653c, sp=0x3fffffff460[m
[m[37m[ 29.784349 0:80 rsext4::ext4::sync:13] [32mSyncing filesystem...[m
[m[37m[133.825284 1:22 axvm::runtime::hvc:352] [33mVM[1] PSCI_SYSTEM_OFF[m
[m[37m[133.825888 1:22 axvm::vm:1416] [32mStopping VM[1]: SystemDown[m
[m

[3[7m[A133.x826v472i 1sor]:22  VM[axv1]m::run sttoppeime:d; r:vceturnpus:ing 625]to t [h33me manVM[agem1] Vent Cpu[shel0] slt
oWelcoppinme tg bo AxVecaisor Sheuse oll!
Tyf Vpe 'M shelp' ttovailma
[mb[3l7e com[13mman3.8ds
Use 647U9 2P/DO:27WN ar axrowsvm:: torunt navime:igate co:vcpmmanus:6d hi25]story [33
mVM[Cons1] ole VCpushor[1] tcutstops:
pin  Ctrg bl+ecX, taushen e ofh   VM rstoetuppinrg[n tmo
[m[ the37m [13Axvi3.8sor 2812shel6 1:l2
  C2 axtrl+vm:X, t:runhentime [  ::vattacpusch: the645] prev io[3us r2mVuM[1nni] VCng gpu[0] exuest
 itin Ctrlg..+X, .[m
[m[37tm[1h33en ].829  at73t6 2:ach27 a thexvm: n:reuxt runnntiming e::guesvcputs
:
337] [[23Kax2mVMviso[1]r:/$  last vCPU task exiting, decreasing running VM count[m
[m[37m[133.832332 2:27 axvm::runtime::vcpus:347] [32mVM[1] state changed to Stopped[m
[m[37m[133.833019 2:27 axvm::runtime::vcpus:645] [32mVM[1] VCpu[1] exiting...[m
[m[37m[133.833681 2:20 axvm::arch::aarch64::vtimer::state:225] [33mfailed to wake VM[1] vCPU 1 for architectural timer: InvalidState { operation: "axvm::runtime::vcpus", detail: "VM[1] is not accepting interrupts" }[m
[mAXVISOR_SHELL_READY
AXVISOR_SHELL_READY
AXVISOR_SHELL_READY
AXVISOR_SHELL_READY
AXVISOR_SHELL_READY
[2Kaxvisor:/$ s[2Kaxvisor:/$ sy[2Kaxvisor:/$ syn[2Kaxvisor:/$ sync[2Kaxvisor:/$ sync-[2Kaxvisor:/$ sync-h[2Kaxvisor:/$ sync-ho[2Kaxvisor:/$ syncAXVISOR_HOST_FILESYSTEM_SYNCED
AXVISOR_HOST_FILESYSTEM_SYNCED

=== SUCCESS PATTERN MATCHED: (?m)^AXVISOR_HOST_FILESYSTEM_SYNCED\r?$ ===
AXVISOR_HOST_FILESYSTEM_SYNCED
AXVISOR_HOST_FILESYSTEM_SYNCED
AXVISOR_HOST_FILESYSTEM_SYNCED
axvisor:/$ [axbuild] board build+run package=axvisor target=scripts/targets/std/pie/aarch64-unknown-linux-musl.json config=competition/ivc/config/axvisor-orangepi-5-plus-vision.toml ... done (154.96s)
ssh: connect to host 192.168.31.33 port 22: Connection timed out
Axvisor filesystem sync marker was confirmed by the board test
RESULT action=status board=orangepi-5-plus-rk3588 power=on watts=2 temperature_celsius=50 fault_code=0
RESULT action=cycle board=orangepi-5-plus-rk3588 power=on watts=0 temperature_celsius=50 fault_code=0

=> setenv devtype mmc; setenv devnum 1; setenv mmc_bootdev 1; setenv distro_bootpart 1; setenv prefix /; echo UBOOT_LINUX_BOOT_BEGIN; fatload mmc 1:1 0x00c00000 boot.scr; source 0x00c00000
UBOOT_LINUX_BOOT_BEGIN
3413 bytes read in 3 ms (1.1 MiB/s)
## Executing script at 00c00000
Boot script loaded from mmc 1
178 bytes read in 2 ms (86.9 KiB/s)
15301327 bytes read in 1289 ms (11.3 MiB/s)
ssh: connect to host 192.168.31.33 port 22: No route to host
ssh: connect to host 192.168.31.33 port 22: No route to host
/dev/mmcblk1p2 ext4   rw,noatime,errors=remount-ro,commit=600
BOARD_LINUX_RESTORED
