BOARD_HOST_LIBCLANG path=/usr/lib/llvm-14/lib source=system
orangepi5plus
BOARD_SERVICE_DTB_RKNPU_DMA_RESERVED base=0x80000000 size=0x10000000 no-map=true
BOARD_SERVICE_DTB_READY path=/home/seven_wsl/.local/share/ostool-server/dtbs/orangepi-5-plus-starry.dtb root=PARTUUID=5874edd8-1582-a144-a298-b139acd7b0e6
warning: patch `uboot-shell v0.2.6 (/home/seven_wsl/Workspace/starry/ostool/uboot-shell)` was not used in the crate graph
help: Check that the patched package version and available features are compatible
      with the dependency requirements. If the patch has a different version from
      what is locked in the Cargo.lock file, run `cargo update` to use the new
      version. This may also occur with an optional dependency that is not enabled.
    Finished `dev` profile [unoptimized + debuginfo] target(s) in 5.31s
     Running `target/debug/tg-xtask axvisor board -c competition/ivc/config/axvisor-orangepi-5-plus-vision.toml --board-config competition/ivc/config/board-orangepi-5-plus-vision.toml -b OrangePi-5-Plus`
[2026-08-18T04:21:58Z INFO  axbuild::context] Workspace root: /mnt/c/Users/10469/Workspace/starryos_t/tgoskits-rt-ivc
[2026-08-18T04:22:02Z INFO  axbuild::context] Workspace member dir for axvisor: /mnt/c/Users/10469/Workspace/starryos_t/tgoskits-rt-ivc/os/axvisor
Using build config: competition/ivc/config/axvisor-orangepi-5-plus-vision.toml
[axbuild] board build+run package=axvisor target=scripts/targets/std/pie/aarch64-unknown-linux-musl.json config=competition/ivc/config/axvisor-orangepi-5-plus-vision.toml ...
sh -c /mnt/c/Users/10469/Workspace/starryos_t/tgoskits-rt-ivc/tmp/axbuild/std/prebuild/prebuild-aarch64-unknown-linux-musl-58aa9d8ec294b69b.sh
AR_aarch64_unknown_linux_musl=aarch64-linux-musl-ar
AXVISOR_VM_CONFIGS=/mnt/c/Users/10469/Workspace/starryos_t/tgoskits-rt-ivc/competition/ivc/config/orangepi-5-plus-starry-smp2-vision.toml:/mnt/c/Users/10469/Workspace/starryos_t/tgoskits-rt-ivc/competition/ivc/config/orangepi-5-plus-zephyr-vision.toml
AX_ARCH=aarch64
AX_LOG=info
AX_TARGET=aarch64-unknown-none-softfloat
BINDGEN_EXTRA_CLANG_ARGS_aarch64_unknown_linux_musl=--target=aarch64-linux-musl --sysroot=/ -mgeneral-regs-only
CARGO_UNSTABLE_JSON_TARGET_SPEC=true
CC_aarch64_unknown_linux_musl=aarch64-linux-musl-cc
CFLAGS_aarch64_unknown_linux_musl=-mgeneral-regs-only -fno-stack-protector
CXXFLAGS_aarch64_unknown_linux_musl=-mgeneral-regs-only -fno-stack-protector
SMP=4
cargo build --config /mnt/c/Users/10469/Workspace/starryos_t/tgoskits-rt-ivc/tmp/axbuild/std/config-aarch64-unknown-linux-musl-dynamic.toml -p axvisor --target scripts/targets/std/pie/aarch64-unknown-linux-musl.json -Z unstable-options --target-dir /mnt/c/Users/10469/Workspace/starryos_t/tgoskits-rt-ivc/target --features ax-std/fs,ax-std/smp,fs,rk3588-npu-handoff,rockchip-dwmmc,rockchip-soc,sdmmc,log/release_max_level_info -Z json-target-spec --bin axvisor --release --message-format json-render-diagnostics
   Compiling ax-posix-api v0.5.32 (/mnt/c/Users/10469/Workspace/starryos_t/tgoskits-rt-ivc/os/arceos/api/arceos_posix_api)
   Compiling ax-std v0.5.31 (/mnt/c/Users/10469/Workspace/starryos_t/tgoskits-rt-ivc/os/arceos/ulib/axstd)
   Compiling axvm v0.5.26 (/mnt/c/Users/10469/Workspace/starryos_t/tgoskits-rt-ivc/virtualization/axvm)
warning: associated function `after_external_interrupt` is never used
   --> virtualization/axvm/src/architecture/ops.rs:116:8
    |
 12 | pub(crate) trait ArchOps {
    |                  ------- associated function in this trait
...
116 |     fn after_external_interrupt(
    |        ^^^^^^^^^^^^^^^^^^^^^^^^
    |
    = note: `#[warn(dead_code)]` (part of `#[warn(unused)]`) on by default

warning: function `host_console_irq` is never used
   --> virtualization/axvm/src/host/arceos.rs:102:15
    |
102 | pub(crate) fn host_console_irq() -> Option<modules::ax_hal::irq::IrqId> {
    |               ^^^^^^^^^^^^^^^^

warning: function `dispatch_host_irq` is never used
   --> virtualization/axvm/src/host/arceos.rs:106:15
    |
106 | pub(crate) fn dispatch_host_irq(vector: usize) {
    |               ^^^^^^^^^^^^^^^^^

warning: function `with_vm` is never used
   --> virtualization/axvm/src/manager.rs:165:15
    |
165 | pub(crate) fn with_vm<F, R>(vm_id: VMId, f: F) -> Option<R>
    |               ^^^^^^^

warning: function `active_vcpu_mask` is never used
   --> virtualization/axvm/src/manager.rs:195:15
    |
195 | pub(crate) fn active_vcpu_mask(vm_id: VMId) -> Option<usize> {
    |               ^^^^^^^^^^^^^^^^

warning: function `inject_interrupt` is never used
   --> virtualization/axvm/src/manager.rs:207:15
    |
207 | pub(crate) fn inject_interrupt(vm_id: VMId, vcpu_id: usize, vector: usize) -> AxVmResult {
    |               ^^^^^^^^^^^^^^^^

warning: variant `Generic` is never constructed
  --> virtualization/axvm/src/runtime/hvc.rs:26:5
   |
25 | pub(crate) enum HyperCallAbi {
   |                 ------------ variant in this enum
26 |     Generic,
   |     ^^^^^^^
   |
   = note: `HyperCallAbi` has derived impls for the traits `Debug` and `Clone`, but these are intentionally ignored during dead code analysis

warning: method `handle` is never used
   --> virtualization/axvm/src/timer.rs:174:8
    |
129 | impl TimerWheels {
    | ---------------- method in this implementation
...
174 |     fn handle(&self, token: usize) -> Option<VmTimerHandle> {
    |        ^^^^^^

warning: function `cancel_timer` is never used
   --> virtualization/axvm/src/timer.rs:252:15
    |
252 | pub(crate) fn cancel_timer(token: usize) {
    |               ^^^^^^^^^^^^

warning: associated items `try_handle_port_write`, `handle_nested_page_fault`, and `debug_nested_page_fault` are never used
    --> virtualization/axvm/src/vm/mod.rs:1737:19
     |
1049 | impl AxVM {
     | --------- associated items in this implementation
...
1737 |     pub(crate) fn try_handle_port_write(
     |                   ^^^^^^^^^^^^^^^^^^^^^
...
1750 |     pub(crate) fn handle_nested_page_fault(
     |                   ^^^^^^^^^^^^^^^^^^^^^^^^
...
1765 |     fn debug_nested_page_fault(
     |        ^^^^^^^^^^^^^^^^^^^^^^^

warning: struct `SimpleVmPlan` is never constructed
  --> virtualization/axvm/src/vm/prepare/device_plan/mod.rs:65:19
   |
65 | pub(crate) struct SimpleVmPlan(VmDevicePlan);
   |                   ^^^^^^^^^^^^

warning: associated function `new` is never used
  --> virtualization/axvm/src/vm/prepare/device_plan/mod.rs:68:25
   |
67 | impl SimpleVmPlan {
   | ----------------- associated function in this implementation
68 |     pub(crate) const fn new(devices: VmDevicePlan) -> Self {
   |                         ^^^

warning: `axvm` (lib) generated 12 warnings
   Compiling axvisor v0.5.24 (/mnt/c/Users/10469/Workspace/starryos_t/tgoskits-rt-ivc/os/axvisor)
    Finished `release` profile [optimized] target(s) in 21.99s
warning: the following packages contain code that will be rejected by a future version of Rust: core v0.0.0 (/home/seven_wsl/.rustup/toolchains/nightly-2026-07-15-x86_64-unknown-linux-gnu/lib/rustlib/src/rust/library/core), memchr v2.8.3
note: to see what the problems were, use the option `--future-incompat-report`, or run `cargo report future-incompatibilities --id 7`
Allocated board session:
  board_type: OrangePi-5-Plus
  board_id: orangepi-5-plus-1
  session_id: a0ffda40-3cf0-4977-8102-5cd042fd5444
  lease_expires_at: 2026-08-18 12:22:46.120989629 +08:00
  boot_mode: uboot
Converting ELF to BIN format...
  elf: /mnt/c/Users/10469/Workspace/starryos_t/tgoskits-rt-ivc/target/aarch64-unknown-linux-musl/release/axvisor
  bin: /mnt/c/Users/10469/Workspace/starryos_t/tgoskits-rt-ivc/target/aarch64-unknown-linux-musl/release/axvisor.bin
/home/seven_wsl/.rustup/toolchains/nightly-2026-07-15-x86_64-unknown-linux-gnu/lib/rustlib/x86_64-unknown-linux-gnu/bin/llvm-objcopy --strip-all -O binary /mnt/c/Users/10469/Workspace/starryos_t/tgoskits-rt-ivc/target/aarch64-unknown-linux-musl/release/axvisor /mnt/c/Users/10469/Workspace/starryos_t/tgoskits-rt-ivc/target/aarch64-unknown-linux-musl/release/axvisor.bin
[2026-08-18T04:22:36Z INFO  ostool::run::uboot] Starting U-Boot runner...
[2026-08-18T04:22:36Z INFO  ostool::run::uboot] kernel from: /mnt/c/Users/10469/Workspace/starryos_t/tgoskits-rt-ivc/target/aarch64-unknown-linux-musl/release/axvisor.bin
[2026-08-18T04:22:36Z INFO  ostool::run::uboot] Using network interface hint: eth0
Waiting for remote board to power on through ostool-server...
BOARD_REBOOT_ARMED
Connection to 192.168.31.33 closed by remote host.
[2026-08-18T04:22:43Z INFO  uboot_shell] cmd: setenv autoload yes
[2026-08-18T04:22:43Z INFO  uboot_shell] cmd: setenv netmask 255.255.255.0
[2026-08-18T04:22:44Z INFO  uboot_shell] cmd: net list
[2026-08-18T04:22:44Z INFO  uboot_shell] cmd: bootdev hunt ethernet
[2026-08-18T04:22:47Z INFO  ostool::run::uboot] Board network ok
[2026-08-18T04:22:47Z INFO  uboot_shell] cmd: setenv serverip 192.168.31.132
[2026-08-18T04:22:48Z INFO  uboot_shell] cmd: echo $fdt_addr_r
[2026-08-18T04:22:48Z INFO  uboot_shell] cmd: echo $ramdisk_addr_r
[2026-08-18T04:22:48Z INFO  uboot_shell] cmd: echo $kernel_addr_r
[2026-08-18T04:22:49Z INFO  ostool::run::uboot] Using $kernel_addr_r as kernel entry: 0x2000000
[2026-08-18T04:22:49Z INFO  uboot_shell] cmd: echo $kernel_comp_addr_r
[2026-08-18T04:22:49Z INFO  ostool::run::uboot] image load to kernel_comp_addr_r: 0xa000000
[2026-08-18T04:22:49Z INFO  uboot_shell] cmd: setenv loadaddr 0xa000000
[2026-08-18T04:22:50Z INFO  ostool::run::uboot] fitimage loadaddr: 0xa000000
[2026-08-18T04:22:50Z INFO  ostool::run::uboot] kernel entry: 0x2000000
[2026-08-18T04:22:50Z INFO  ostool::run::uboot] Using DTB from: /mnt/c/Users/10469/Workspace/starryos_t/tgoskits-rt-ivc/target/aarch64-unknown-linux-musl/release/ostool-a0ffda40-3cf0-4977-8102-5cd042fd5444-orangepi-5-plus-starry.dtb
[2026-08-18T04:22:50Z INFO  ostool::boot::fit] Making FIT image...
[2026-08-18T04:22:50Z INFO  ostool::boot::fit] kernel: /mnt/c/Users/10469/Workspace/starryos_t/tgoskits-rt-ivc/target/aarch64-unknown-linux-musl/release/axvisor.bin (size: 4599872)
[2026-08-18T04:22:50Z INFO  ostool::boot::fit] 已读取 DTB 文件: /mnt/c/Users/10469/Workspace/starryos_t/tgoskits-rt-ivc/target/aarch64-unknown-linux-musl/release/ostool-a0ffda40-3cf0-4977-8102-5cd042fd5444-orangepi-5-plus-starry.dtb (大小: 283158)
[2026-08-18T04:22:50Z INFO  ostool::boot::fit] FIT image ok: /mnt/c/Users/10469/Workspace/starryos_t/tgoskits-rt-ivc/target/aarch64-unknown-linux-musl/release/image.fit
[2026-08-18T04:22:50Z INFO  ostool::run::uboot] No TFTP config, using loady to upload FIT image...

send file
loady 0xa000000
## Ready for binary (ymodem) download to 0x0A000000 at 1500000 bps...
[2026-08-18T04:22:50Z INFO  uboot_shell::ymodem] Sending file: image.fit
C## Total Size      = 0x004a8564 = 4883812 Bytes
## Start Addr      = 0x0A000000
=>
send ok
[2026-08-18T04:23:50Z INFO  ostool::run::uboot] Booting kernel with command: bootm
Interacting with U-Boot shell...
bootm
## Loading kernel (any) from FIT Image at 0a000000 ...
   Using 'config-ostool' configuration
   Verifying Hash IntegriOK
   Trying 'kernel' kernel subimage
     Description:  This kernel
     Type:         Kernel Image
     Compression:  uncompressed
     Data Start:   0x0a000168
     Data Size:    4599872 Bytes = 4.4 MiB
     Architecture: AArch64
     OS:           Linux
     Load Address: 0x02000000
     Entry Point:  0x02000000
   Verifying Hash Integrity ... OK
## Loading fdt (any) from FIT Image at 0a000000 ...
   Using 'config-ostool' configuration
   Verifying Hash Integrity ... OK
   Trying 'fdt' fdt subimage
     Description:  This fdt
     Type:         Flat Device Tree
     Compression:  uncompressed
     Data Start:   0x0a463228
     Data Size:    283158 Bytes = 276.5 KiB
     Architecture: AArch64
     Load Address: 0x12000000
   VerifyiOK
   Loading fdt from 0x0a463228 to 0x12000000
   Booting using the fdt blob at 0x12000000
Working FDT set to 12000000
   Loading Kernel Image to 2000000
   Loading Device Tree to 00000000ecb71000, end 00000000ecbb9215 ... OK
Working FDT set to ecb71000

Starting kernel ...

root=PARTUUID=5874edd8-1582-a144-a298-b139acd7b0e6 rw console=ttyS2,1500000 console=tty1 splash=verbose consoleblank=0 earlycon=uart8250,mmio32,0xfeb50000 cpuidle.off=1 rodata=off rootwait root4 loglevel=8 ubootpart=4cda819a-b7aa-46f4-bfa2-3a8b1825d142 usb-storage.quirks= cma=128M cgroup_enable=cpuset cgroup_memory=1 cgroup_enable=memory swapaccount=1
VM Load @PA:0x2000000
VM Load Offset: 0xffff000082000000
Memory Map:
  Rsv    0x00000000110000 - 0x000000001f0100 (896.25 KiB)
  Free   0x00000000200000 - 0x00000002000000 (30 MiB)
 00 - 0x00000002600000 (6 MiB)
  Free   0x00000002600000 - 0x00000e000000 - 0x00000010000000 (32 MiB)
  Rsv    0x00000010000000000000 - 0x00000080000000 (1.5 GiB)
  Rsv    0x00000080000000 -Free   0x00000090000000 - 0x000000f0000000 (1.5 GiB)
  Free   000000000 - 0x000003fc000000 (11.B)
  Free   0x000003fc500000 - 0x000003fff00000 (58 MiB)
  Fre.0x2000000
Reserving CPU-local areas
CPU-local area stride: 0x45000 bytes
Total CPU-local allocation: 0x228000 bytes (8 CPUs)
Flushed RAM used range to memory map:Flushed RAM used range to memory map: 0x246000..0x46e000, currenCPU-local areas allocated at 0x246000 - 0x46e000
EL: 2
Mapping early memory regions...
Ram                 : [0x0000000000200000, 0x00000000f0000000) -> [0x0000000000200000, 0x00000000f0000000) (3.75 GiB)
Ram                 : [0x0000000100000000, 0x00000003fc000000) -> [0x0000Ram                 : [0x00000003fc500000, 0x00000003fff00000) -> [0x00000003fc500000, 0x0000000) (58 MiB)
Ram                 : [0x00000004f0000000, 0x0000000500000000) -> [0x00000004f0000000, 0x0000000500000000) (256 MiB)
KImage              : [0x0000ffff80000000, 0x0000ffff80600000) -> [0x0000000002000000, 0x0000000002600000) (6 MiB)
PerCpu              : [0x0000ff0000246000, 0x0000ff000046e000) -> [0x0000000000246000, 0x000000000046e000) (2.16 MiB)
Debug serial        : [0x00000000feb50000, 0x00000000feb51000) -> [0x00000000feb50000, 0x00000000feb51000) (4 KiB)
Boot page table at physical address: PA:0x46e000
Setting up table registers...
MMU Entry point at physical address: 0x220570c
Trap vector at 0xffff801f9000
Memory Map:
  Rsv    0x00000000110000 - 0x000000001f0100 (896.25 KiB)
  Rsv    0x00000000200000 - 0x00000000246000 (280 KiB)
  PerCPU 0x00000000246000 - 0x0000000046e000 (2.16 MiB)
  Rsv    KiB)
  Free   0x0000000047d000 - 0x00000002000000 (27.51 MiB)
  KImg   0x00000002000000 - 0x00000002600000 (6 MiB)
  Free   0x00000002600000 - 0x0000000c000000 (154 MiB)
  Rsv    0x0000000c000000 - 0x0000000e000000 (32 MiB)
  Free   0x0000000e000000 - 0x00000010000000 (32 MiB)
  Rsv    0x00000010000000 - 0x00000020000000 (256 MiB)
  Free   0x00000020000000 - 0x000000800000000080000000 - 0x00000090000000 (  MMIO   0x000000feb50000 - 0x000000feb51000 (4 KiB)
  Free   0000000 - 0x000003fc000000 (11.94 GiB)
  Free   0x000003fc500000Jumping to main entry point at 0xffff801e316c with SP 0x0000ff000028b000

       d8888                            .d88888b.   .d8888b.
      d88888                           d88P" "Y88b d88P  Y88b
     d88P888                           888     888 Y88b.
    d88P 888 888d888  .d8888b  .d88b.  888     888  "Y888b.
   d88P  888 888P"   d88P"    d8P  Y8b 888     888     "Y88b.
  d88P   888 888     888      88888888 888     888       "888
 d8888888888 888     Y88b.    Y8b.     Y88b. .d88P Y88b  d88P
d88P     888 888      "Y8888P  "Y8888   "Y88888P"   "Y8888P"

arch = aarch64
platform = RK3588 OPi 5 Plus
target = aarch64-unknown-none-softfloat
build_mode = 
log_level = info
backtrace = false
smp = 4

[37m[ 72.149192 ax_runtime:224] [32mLogging is enabled.[m
[m[37m[ 72.149678 ax_runtime:225] [32mPrimary CPU 0 started, arg = 0x200000.[m
[m[37m[ 72.150308 ax_runtime:227] [32mFound physcial memory regions:[m
[m[37m[ 72.150951 ax_runtime:229] [32m  [PA:0x110000, PA:0x1f0100) reserved (READ | WRITE | EXECUTE | RESERVED)[m
[m[37m[ 72.151841 ax_runtime:229] [32m  [PA:0x200000, PA:0x246000) reserved (READ | WRITE | EXECUTE | RESERVED)[m
[m[37m[ 72.152733 ax_runtime:229] [32m  [PA:0x246000, PA:0x46e000) reserved (READ | WRITE | EXECUTE | RESERVED)[m
[m[37m[ 72.153625 ax_runtime:229] [32m  [PA:0x46e000, PA:0x47d000) reserved (READ | WRITE | EXECUTE | RESERVED)[m
[m[37m[ 72.154518 ax_runtime:229] [32m  [PA:0x47d000, PA:0x2000000) free memory (READ | WRITE | FREE)[m
[m[37m[ 72.155335 ax_runtime:229] [32m  [PA:0x2000000, PA:0x2600000) reserved (READ | WRITE | EXECUTE | RESERVED)[m
[m[37m[ 72.156243 ax_runtime:229] [32m  [PA:0x2600000, PA:0xc000000) free memory (READ | WRITE | FREE)[m
[m[37m[ 72.157068 ax_runtime:229] [32m  [PA:0xc000000, PA:0xe000000) reserved (READ | WRITE | EXECUTE | RESERVED)[m
[m[37m[ 72.157976 ax_runtime:229] [32m  [PA:0xe000000, PA:0x10000000) free memory (READ | WRITE | FREE)[m
[m[37m[ 72.158808 ax_runtime:229] [32m  [PA:0x10000000, PA:0x20000000) reserved (READ | WRITE | EXECUTE | RESERVED)[m
[m[37m[ 72.159731 ax_runtime:229] [32m  [PA:0x20000000, PA:0x80000000) free memory (READ | WRITE | FREE)[m
[m[37m[ 72.160571 ax_runtime:229] [32m  [PA:0x80000000, PA:0x90000000) reserved (READ | WRITE | EXECUTE | RESERVED)[m
[m[37m[ 72.161493 ax_runtime:229] [32m  [PA:0x90000000, PA:0xf0000000) free memory (READ | WRITE | FREE)[m
[m[37m[ 72.162333 ax_runtime:229] [32m  [PA:0xfeb50000, PA:0xfeb51000) mmio (READ | WRITE | DEVICE | RESERVED)[m
[m[37m[ 72.163218 ax_runtime:229] [32m  [PA:0x100000000, PA:0x3fc000000) free memory (READ | WRITE | FREE)[m
[m[37m[ 72.164073 ax_runtime:229] [32m  [PA:0x3fc500000, PA:0x3fff00000) free memory (READ | WRITE | FREE)[m
[m[37m[ 72.164928 ax_runtime:229] [32m  [PA:0x4f0000000, PA:0x500000000) free memory (READ | WRITE | FREE)[m
[m[37m[ 72.165784 ax_runtime:377] [32mInitialize global memory allocator...[m
[m[37m[ 72.166406 ax_runtime:378] [32m  use buddy-slab-allocator allocator.[m
[m[37m[ 72.167030 ax_alloc::buddy_slab:158] [32mInitialize global memory allocator, start_vaddr: 0x100000000, size: 0x2fc000000[m
[m[37m[ 72.179555 ax_alloc::buddy_slab:424] [32mglobal allocator initialized[m
[m[37m[ 72.180178 ax_alloc::buddy_slab:168] [32mAdd memory region, start_vaddr: 0x47d000, size: 0x1b83000[m
[m[37m[ 72.181052 ax_alloc::buddy_slab:168] [32mAdd memory region, start_vaddr: 0x2600000, size: 0x9a00000[m
[m[37m[ 72.182045 ax_alloc::buddy_slab:168] [32mAdd memory region, start_vaddr: 0xe000000, size: 0x2000000[m
[m[37m[ 72.182924 ax_alloc::buddy_slab:168] [32mAdd memory region, start_vaddr: 0x20000000, size: 0x60000000[m
[m[37m[ 72.185234 ax_alloc::buddy_slab:168] [32mAdd memory region, start_vaddr: 0x90000000, size: 0x60000000[m
[m[37m[ 72.187544 ax_alloc::buddy_slab:168] [32mAdd memory region, start_vaddr: 0x3fc500000, size: 0x3a00000[m
[m[37m[ 72.188465 ax_alloc::buddy_slab:168] [32mAdd memory region, start_vaddr: 0x4f0000000, size: 0x10000000[m
[m[37m[ 72.189579 ax_runtime:264] [32mkernel aspace: [VA:0x0, VA:0xffffffffffffffff)[m
[m[37m[ 72.190262 ax_mm:107] [32mInitialize virtual memory management...[m
[m[37m[ 74.786646 ax_runtime:276] [32mInitialize platform devices...[m
[m[37m[ 74.865073 someboot::arch::power:23] [32mPower management method : SMC[m
[m[37m[ 74.865717 somehal::driver:5] [32mInitializing rdrive with FDT at 0x200000[m
[m[37m[ 75.072801 ax_driver::soc::rockchip::pinctrl:301] [32mRockchip RK3588 pinctrl registered successfully[m
[m[37m[ 75.194246 somehal::arch::gic::v3:274] [32mGICv3 CPU 0 EOI mode: two_step=true[m
[m[37m[ 75.344413 ax_task::api:150] [32mInitialize scheduling...[m
[m[37m[ 75.345003 ax_task::api:158] [32m  use FIFO scheduler.[m
[m[37m[ 75.345519 ax_runtime:302] [32mInitialize iners...[m
[m[37m[ 75.346149 ax_runtime::devices:2] [32mProbees...[m
[m[37m[ 75.490290 ax_driver::soc::scmi:54] [33m[scmi] SCMI shmem phandle 72 cannot be resolved by rdrive; using RK3588 shmem fal@14, phandle=Some(Phandle(15)), protocol=0x14[m
[m[37m[ 75.492798 ax_driver::soc::scmi:93] [32mSCMI SMC registered: smc_id=0x82000010, shmem_phandle=72, shmem=0x10f000+0x100[m
[m[37m[ 75.494832 ax_driver::soc::rockchip::cru::rk3588:60] [32mRK3588 CRU reg: addr=0xfd7c0000, size=0x5c000, rockchip,grf=<0x77>[m
[m[37m[ 75.495947 rockchip_soc::variants::rk3588::cru:123] [32mCRU@fd7c0000: Initializing and verifying clock configuration...[m
[m[37m[ 75.496960 rockchip_soc::variants::rk3588::cru:174] [33m⚠ CRU@fd7c0000: ACLK_BUS_ROOT div mismatch! u-boot: 3, current: 4[m
[m[37m[ 75.497997 rockchip_soc::variants::rk3588::cru:248] [32m✓ CRU@fd7c0000: Clock configuration verified[m
[m[37m[ 75.498883 ax_driver::soc::rockchip::cru::rk3588:79] [32mRK3588 CRU clock/reset registered successfully[m
[m[37m[ 75.501546 ax_driver::soc::rockchip::pm:78] [32mRockchip power-domain provider registered successfully[m
[m[37m[ 76.230052 ax_driver::soc::fixed_regulator:70] [32mFixed regulator vcc5v0_host enabled via pinctrl[m
[m[37m[ 76.356723 ax_driver::soc::fixed_regulator:70] [32mFixed regulator vcc3v3_pcie_eth enabled via pinctrl[m
[m[37m[ 76.435270 ax_driver::soc::fixed_regulator:70] [32mFixed regulator wifi_disable enabled via pinctrl[m
[m[37m[ 76.474051 ax_driver::soc::rockchip::npu_handoff:130] [32mAXVISOR_RK3588_NPU_HANDOFF_READY cores=3 power_domains=3 clocks=8 resets=6 scmi_clock_id=6 scmi_rate_hz=200000000 host_submit=false[m
[m[37m[ 76.476818 ax_ckchip::clock:12] [32m[mmc@fe2cm
[m[37m[ 76.477747 ax_driver::block::rockchip::clock:12] [32m[mmc@fe2c0000] enabled SDMMC clock Some("ciu") (0x9)[m
[m[37m[ 76.478651 ax_driver::block::rockchip::clock:12] [32m[mmc@fe2c0000] enabled SDMMC clock Some("ciu-drive") (0x2c2)[m
[m[37m[ 76.479614 ax_driver::block::rockchip::clock:12] [32m[mmc@fe2c0000] enabled SDMMC clock Some("ciu-sample") (0x2c3)[m
[m[37m[ 76.554088 ax_driver::block::rockchip::sd:192] [32m[mmc@fe2c0000] vqmmc-supply phandle Phandle(283) is not a fixed GPIO regulator; skip pinctrl enable[m
[m[37m[ 76.555360 ax_driver::block::rockchip::sd:121] [32mrockchip-dwmmc probe: node=mmc@fe2c0000, addr=0xfe2c0000, size=0x4000[m
[m[37m[ 76.556491 ax_driver::block::rockchip::sd:133] [32mrockchip-dwmmc: using ciu 500000 Hz[m
[m[37m[ 76.557570 ax_driver::block::rockchip::sd::phase:41] [32mrockchip-dwmmc: RK3588 SDMMC phase configured: drive=90deg sample=0deg parent=49500000Hz[m
[m[37m[ 76.558818 ax_driver::block::rockchip::sd:160] [32mrockchip-dwmmc: defer protocol initialization controller=rockchip-dwmmc:/mmc@fe2c0000 media=SD preference=SdOnly[m
[37m[ 76.560380 ax_driver::block::rockchip::sd:171] [32mrockchip-dwmmc block device registered irq=None[m
[m[37m[ 76.562519 ax_driver::block::rockchip::clock:12] [32m[mmc@fe2e0000] enabled SDHCI clock Some("core") (0x13a)[m
[m[37m[ 76.563454 ax_driver::block::rockchip::clock:12] [32m[mmc@fe2e0000] enabled SDHCI clock Some("bus") (0x138)[m
[m[37m[ 76.564374 ax_driver::block::rockchip::clock:12] [32m[mmc@fe2e0000] enabled SDHCI clock Some("axi") (0x139)[m
[m[37m[ 76.565293 ax_driver::block::rockchip::clock:12] [32m[mmc@fe2e0000] enabled SDHCI clock Some("block") (0x13b)[m
[m[37m[ 76.566241 ax_driver::block::rockchip::clock:12] [32m[mmc@fe2e0000] enabled SDHCI clock Some("timer") (0x13c)[m
[m[37m[ 76.567192 ax_driver::block::rockchip::sdhci_rk3588:176] [32mrockchip-sdhci probe: node=mmc@fe2e0000, addr=0xfe2e0000, size=0x10000[m
[m[37m[ 76.568431 ax_driver::block::rockchip::sdhci_rk3588:191] [32mrockchip-sdhci: using external CRU clock[m
[m[37m[ 76.569327 ax_driver::block::rockchip::sdhci_rk3588:208] [32mrockchip-sdhci: defer protocol initialization controller=rockchip-sdhci:/mmc@fe2e0000 media=MMC preference=MmcFirst[m
[m[37m[ 76.570971 ax_driver::block::rockchip::sdhci_rk3588:218] [32mrockchip-sdhci block device registered irq=None[m
[m[37m[ 76.572149 sdmmc_protocol::sdio::init::state_machine:102] [32msdio: submit bus op ResetAll[m
[m[37m[ 76.573041 ax_fs_ng::block::runtime::hctx:177] [32mblock hctx 0 bound to CPU 0 with hardware depth 1[m
[m[37m[ 76.573947 ax_fs_ng::block::runtime::lifecycle::device:300] [32mblock device rockchip-dwmmc:/mmc@fe2c0000 IRQ source 0 (IrqId { domain: IrqDomainId(7), hwirq: HwIrq(235) }) fixed to CPU 0 for queue mask 0x1[m
[m[37m[ 76.576118 sdmmc_protocol::sdio::init::state_machine:102] [32msdio: submit bus op PowerOn[m
[m[37m[ 76.587160 sdmmc_protocol::sdio::init::state_machine:102] [32msdio: submit bus op SwitchVoltage(V330)[m
[m[37m[ 76.588056 sdmmc_protocol::sdio::init::state_machine:63] [32msdio: submit bus op SetBusWidth(Bit1)[m
[m[37m[ 76.588925 sdmmc_protocol::sdio::init::state_machine:63] [32msdio: submit bus op SetClock(Identification)[m
[m[37m[ 76.589976 ax_driver::block::rockchip::sd:72] [32mrockchip-dwmmc: ciu clock set target=400000 Hz cclkin=800000 Hz bus=400000 Hz[m
[m[37m[ 76.624190 sdmmc_protocol::sdio::init::state_machine::identify:175] [32msdio: detected Sd ocr=0xc0ff8000[m
[m[37m[ 76.626481 sdmmc_protocol::sdio::init::state_machine::identify:340] [32msdio: CSD capacity_blocks=Some(62333952)[m
[m[37m[ 76.627760 sdmmc_protocol::sdio::init::state_machine::identify:354] [32msdio: switch SD bus width to 4-bit[m
[m[37m[ 76.629299 sdmmc_protocol::sdio::init::state_machine:63] [32msdio: submit bus op SetBusWidth(Bit4)[m
[m[37m[ 76.630390 sdmmc_protocol::sdio::init::state_machine:63] [32msdio: submit bus op SetClock(Default)[m
[m[37m[ 76.63138chip::sd:72] [32mrockchip-dwmmc: ciu clock set target=25000000 Hz cclkin=49500000 Hz bus=24750000 Hz[m
[m[37m[ 76.636227 ax_driver::block::rockchip::sd:72] [32mrockchip-dwmmc: ciu clock set target=50000000 Hz cclkin=99000000 Hz bus=49500000 Hz[m
[m[37m[ 76.637847 sdmmc_protocol::sdio::init::state_machine::sd:185] [32msdio: SD speed selected HighSpeed[m
[m[37m[ 76.638835 sdmmc_protocol::sdio::init::state_machine:237] [32msdio: init done kind=Sd sd_v2=true high_capacity=true rca=0xaaaa ocr=0xc0ff8000 host_bus_width=Bit4 ext_csd_bus_width=None ext_csd_timing=None[m
[m[37m[ 76.640480 sdmmc_protocol::rdif::queue:172] [32msdmmc block init complete: kind=Sd high_capacity=true rca=43690 capacity_blocks=62333952 cache_enabled=false[m
[m[37m[ 76.641862 sdmmc_protocol::sdio::init::state_machine:102] [32msdio: submit bus op ResetAll[m
[m[37m[ 76.642733 ax_fs_ng::block::runtime::hctx:177] [32mblock hctx 0 bound to CPU 0 with hardware depth 1[m
[m[37m[ 76.643626 ax_fs_ng::block::runtime::lifecycle::device:300] [32mblock device rockchip-sdhci:/mmc@fe2e0000 IRQ source 0 (IrqId { domain: IrqDomainId(7), hwirq: HwIrq(237) }) fixed to CPU 0 for queue mask 0x1[m
[m[37m[ 76.645463 ax_driver::block::rockchip::sdhci_rk3588:262] [32mrockchip-sdhci: RK3588 DWCMSHC vendor reset area1=0x500[m
[m[37m[ 76.646478 sdmmc_protocol::sdio::init::state_machine:102] [32msdio: submit bus op PowerOn[m
[m[37m[ 76.657291 sdmmc_protocol::sdio::init::state_machine:102] [32msdio: submit bus op SwitchVoltage(V330)[m
[m[37m[ 76.663261 sdmmc_protocol::sdio::init::state_machine:63] [32msdio: submit bus op SetBusWidth(Bit1)[m
[m[37m[ 76.664134 sdmmc_protocol::sdio::init::state_machine:63] [32msdio: submit bus op SetClock(Identification)[m
[m[37m[ 76.665178 ax_driver::block::rockchip::sdhci_rk3588:121] [32mrockchip-sdhci: core clock set to 375000 Hz[m
[m[37m[ 76.708310 sdmmc_protocol::sdio::init::state_machine::identify:264] [32msdio: detected Mmc ocr=0xc0ff8080[m
[m[37m[ 76.710683 sdmmc_protocol::sdio::init::state_machine::identify:340] [32msdio: CSD capacity_blocks=None[m
[m[37m[ 76.723418 sdmmc_protocol::sdio::init::state_machine::mmc:38] [32msdio: EXT_CSD sector_count=122224640[m
[m[37m[ 76.726151 ax_driver::block::rockchip::sdhci_rk3588:121] [32mrockchip-sdhci: core clock set to 50000000 Hz[m
[m[37m[ 76.727306 sdmmc_protocol::sdio::init::state_machine::mmc:314] [32msdio: MMC speed selected HighSpeed bus_width=Bit8[m
[m[37m[ 76.728370 sdmmc_protocol::sdio::init::state_machine::mmc:340] [32msdio: enabled 65536 KiB volatile write cache[m
[m[37m[ 76.729446 sdmmc_protocol::sdio::init::state_machine:237] [32msdio: init done kind=Mmc sd_v2=false high_capacity=true rca=0x1 ocr=0xc0ff8080 host_bus_width=Bit8 ext_csd_bus_width=Some(Sdr1) ext_csd_timing=Some(Compat)[m
[m[37m[ 76.731190 sdmmc_protocol::rdif::queue:172] [32msdmmc block init complete: kind=Mmc high_capacity=true rca=1 capacity_blocks=122224640 cache_enabled=true[m
[m[37m[ 76.773207 ax_fs_ng::root:348] [32m    partition 1 name=Some("bootfs") fs=Some(Fat) lba 61440..2158592[m
[m[37m[ 76.774387 ax_fs_ng::root:348] [32m    partition 2 name=None fs=Some(Ext4) lba 2158592..61702144[m
[m[37m[ 76.775220 ax_fs_ng::root:364] [32m  block device 0 (rockchip-dwmmc:/mmc@fe2c0000) has Gpt partition table with 2 partitions[m
[m[37m[ 76.797752 ax_fs_ng::root:348] [32m    partition 1 name=Some("uboot") fs=None lba 8192..16384[m
[m[37m[ 76.798898 ax_fs_ng::root:348] [32m    partition 2 name=Some("misc") fs=None lba 16384..24576[m
[m[37m[ 76.799999 ax_fs_ng::root:348] [32m    partition 3 name=Some("bootctrl") fs=None lba 24576..28672[m
[m[37m[ 76.801148 ax_fs_ng::root:348] [32m    partition 4 name=Some("resource") fs=None lba 28672..40960[m
[m[37m[ 76.802188 ax_fs_ng::root:348] [32m    partition 5 name=Some("boot_linux") fs=Some(Ext4) lba 40960..237568[m
[m[37m[ 76.803434 ax_fs_ng::root:348] [32m    partition 6 name=Some("ramdisk") fs=None lba 237568..245760[m
[m[37m[ 76.804479 ax_fs_ng::root:348] [32m    partition 7 name=Some("system") fs=Some(Ext4) lba 245760..4440064[m
[m[37m[ 76.805546 ax_fs_ng::root:348] [32m    partition 8 name=Some("vendor") fs=Some(Ext4) lba 4440064..6537216[m
[m[37m[ 76.806655 ax_fs_ng::root:348] [32m    partition 9 name=Some("sys-prod") fs=Some(Ext4) lba 6537216..6639616[m
[m[37m[ 76.807749 ax_fs_ng::root:348] [32m    partition 10 name=Some("chip-prod") fs=Some(Ext4) lba 6639616..6742016[m
[m[37m[ 76.808970 ax_fs_ng::root:348] [32m    partition 11 name=Some("updater") fs=None l6807552[m
[m[37m[ 76.810088 ax_fs_ng::root:348] [32m    partition 12 name=Some("eng_system") fs=None lba 6807552..6840320[m
[m[37m[ 76.811229 ax_fs_ng::root:348] [32m    partition 13 name=Some("eng_chipset") fs=None lba 6840320..6873088[m
[m[37m[ 76.812377 ax_fs_ng::root:348] [32m    partition 14 name=Some("chip_ckm") fs=None lba 6938624..7069696[m
[m[37m[ 76.813630 ax_fs_ng::root:348] [32m    partition 15 name=Some("userdata") fs=None lba 19955712..122224576[m
[m[37m[ 76.814530 ax_fs_ng::root:364] [32m  block device 1 (rockchip-sdhci:/mmc@fe2e0000) has Gpt partition table with 15 partitions[m
[m[37m[ 76.815634 ax_fs_ng::root:455] [32m  matched root by PARTUUID on disk0 partition 2 (<unnamed>, fs=ext4, lba 2158592..61702144)[m
[m[37m[ 76.816706 ax_fs_ng:93] [32mInitialize filesystem subsystem...[m
[m[37m[ 76.817276 ax_fs_ng:94] [32m  selected root device: disk0 partition 2 (<unnamed>, fs=ext4, lba 2158592..61702144)[m
[m[37m[ 76.847069 rsext4::ext4::mount:331] [32m/lost+found exists (superblock hint inode=11)[m
[m[37m[ 76.848877 rsext4::ext4::mount:466] [32mExt4 filesystem mounted[m
[m[37m[ 76.849457 rsext4::ext4::mount:467] [32m  - block size: 4096 bytes[m
[m[37m[ 76.850064 rsext4::ext4::mount:468] [32m  - total blocks: 7442944[m
[m[37m[ 76.850664 rsext4::ext4::mount:469] [32m  - free blocks: 5819083[m
[m[37m[ 76.851257 rsext4::ext4::mount:470] [32m  - total inodes: 1845888[m
[m[37m[ 76.851857 rsext4::ext4::mount:471] [32m  - free inodes: 1796787[m
[m[37m[ 76.852450 rsext4::ext4::sync:13] [32mSyncing filesystem...[m
[m[37m[ 76.866030 rsext4::ext4::mount:550] [32mExt4 filesystem mounted[m
[m[37m[ 76.866650 ax_fs_ng:106] [32m  filesystem type: "ext4"[m
[m[37m[ 76.879222 ax_fs_ng::root:610] [32m  mounting partition disk0 partition 1 (bootfs, fs=fat, lba 61440..2158592) at /boot[m
[m[37m[ 76.883567 rsext4::hashtree::lookup:241] [31mFS DOES NOT SUPPORT NORMAL MULTIPLE POINTERS, PLEASE TURN ON EXTENT FEATURE![m
[m[37m[ 76.884585 rsext4::ext4::mount:354] [32m/lost+found not found by path scan;will create![m
[m[37m[ 76.885353 rsext4::hashtree::lookup:241] [31mFS DOES NOT SUPPORT NORMAL MULTIPLE POINTERS, PLEASE TURN ON EXTENT FEATURE![m
[m[37m[ 76.887625 rsext4::file::blocks:66] [31mnot support traditional block pointer[m
[m[37m[ 76.888311 rsext4::ext4::mount:356] [33m/lost+found missing and create failed[m
[m[37m[ 76.889050 rsext4::ext4::mount:466] [32mExt4 filesystem mounted[m
[m[37m[ 76.889628 rsext4::ext4::mount:467] [32m  - block size: 4096 bytes[m
[m[37m[ 76.890235 rsext4::ext4::mount:468] [32m  - total blocks: 16384[m
[m[37m[ 76.890820 rsext4::ext4::mount:469] [32m  - free blocks: 5076[m
[m[37m[ 76.891390 rsext4::ext4::mount:470] [32m  - total inodes: 8192[m
[m[37m[ 76.891968 rsext4::ext4::mount:471] [32m  - free inodes: 8062[m
[m[37m[ 76.892538 rsext4::ext4::sync:13] [32mSyncing filesystem...[m
[m[37m[ 76.896906 rsext4::ext4::mount:550] [32mExt4 filesystem mounted[m
[m[37m[ 76.897514 ax_fs_ng::root:610] [32m  mounting partition disk1 partition 5 (boot_linux, fs=ext4, lba 40960..237568) at /boot[m
[m[37m[ 76.898975 rsext4::crc32c::arm64:54] [33mID_AA64ISAR0_EL1[19:16]: 0x1[m
[m[37m[ 76.899601 rsext4::crc32c::arm64:57] [33mHardware CRC32C support detected.[m
[m[37m[ 76.901395 rsext4::ext4::mount:331] [32m/lost+found exists (superblock hint inode=11)[m
[m[37m[ 76.902987 rsext4::ext4::mount:466] [32mExt4 filesystem mounted[m
[m[37m[ 76.903566 rsext4::ext4::mount:467] [32m  - block size: 4096 bytes[m
[m[37m[ 76.904174 rsext4::ext4::mount:468] [32m  - total blocks: 393215[m
[m[37m[ 76.904766 rsext4::ext4::mount:469] [32m  - free blocks: 61635[m
[m[37m[ 76.905344 rsext4::ext4::mount:470] [32m  - total inodes: 98304[m
[m[37m[ 76.905929 rsext4::ext4::mount:471] [32m  - free inodes: 94293[m
[m[37m[ 76.906515 rsext4::ext4::sync:13] [32mSyncing filesystem...[m
[m[37m[ 76.907790 rsext4::ext4::mount:550] [32mExt4 filesystem mounted[m
[m[37m[ 76.908470 ax_fs_ng::root:610] [32m  mounting partition disk1 partition 7 (system, fs=ext4, lba 245760..4440064) at /system[m
[m[37m[ 76.911807 rsext4::ext4::mount:331] [32m/lost+found exists (superblock hint inode=11)[m
[m[37m[ 76.913551 rsext4::ext4::mount:466] [32mExt4 filesystem mounted[m
[m[37m[ 76.914131 rsext4::ext4::mount:467] [32m  - block size: 4096 bytes[m
[m[37m[ 76.914738 rsext4::ext4::mount:468] [32m  - total blocks: 65535[m
[m[37m[ 76.915323 rsext4::ext4::mount:469] [32m  - free blocks: 24032[m
[m[37m[ 76.915900 rsext4::ext4::mount:470] [32m  - total inodes: 65536[m
[m[37m[ 76.916493 rsext4::ext4::mount:471] [32m  - free inodes: 65194[m
[m[37m[ 76.917064 rsext4::ext4::sync:13] [32mSyncing filesystem...[m
[m[37m[ 76.918338 rsext4::ext4::mount:550] [32mExt4 filesystem mounted[m
[m[37m[ 76.918944 ax_fs_ng::root:610] [32m  mounting partition disk1 partition 8 (vendor, fs=ext4, lba 4440064..6537216) at /vendor[m
[m[37m[ 76.922495 rsext4::ext4::mount:331] [32m/lost+found exists (superblock hint inode=11)[m
[m[37m[ 76.924068 rsext4::ext4::mount:466] [32mExt4 filesystem mounted[m
[m[37m[ 76.924647 rsext4::ext4::mount:467] [32m  - block size: 4096 bytes[m
[m[37m[ 76.925255 rsext4::ext4::mount:468] [32m  - total blocks: 12800[m
[m[37m[ 76.925840 rsext4::ext4::mount:469] [32m  - free blocks: 11981[m
[m[37m[ 76.926426 rsext4::ext4::mount:470] [32m  - total inodes: 12800[m
[m[37m[ 76.927004 rsext4::ext4::mount:471] [32m  - free inodes: 12786[m
[m[37m[ 76.927581 rsext4::ext4::sync:13] [32mSyncing filesystem...[m
[m[37m[ 76.928852 rsext4::ext4::mount:550] [32mExt4 filesystem mounted[m
[m[37m[ 76.929459 ax_fs_ng::root:610] [32m  mounting partition disk1 partition 9 (sys-prod, fs=ext4, lba 6537216..6639616) at /sys-prod[m
[m[37m[ 76.932846 rsext4::ext4::mount:331] [32m/lost+found exists (superblock hint inode=11)[m
[m[37m[ 76.934419 rsext4::ext4::mount:466] [32mExt4 filesystem mounted[m
[m[37m[ 76.934999 rsext4::ext4::mount:467] [32m  - block size: 4096 bytes[m
[m[37m[ 76.935607 rsext4::ext4::mount:468] [32m  - total blocks: 12800[m
[m[37m[ 76.936200 rsext4::ext4::mount:469] [32m  - free blocks: 11981[m
[m[37m[ 76.936770 rsext4::ext4::mount:470] [32m  - total inodes: 12800[m
[m[37m[ 76.937355 rsext4::ext4::mount:471] [32m  - free inodes: 12786[m
[m[37m[ 76.937933 rsext4::ext4::sync:13] [32mSyncing filesystem...[m
[m[37m[ 76.939203 rsext4::ext4::mount:550] [32mExt4 filesystem mounted[m
[m[37m[ 76.939810 ax_fs_ng::root:610] [32m  mounting partition disk1 partition 10 (chip-prod, fs=ext4, lba 6639616..6742016) at /chip-prod[m
[m[37m[ 76.942291 somehal::arch::gic::v3:274] [32mGICv3 CPU 1 EOI mode: two_step=true[m
[m[37m[ 76.943001 ax_runtime::mp:79] [32mSecondary CPU 1 started.[m
[m[37m[ 76.943577 somehal::arch::gic::v3:274] [32mGICv3 CPU 2 EOI mode: two_step=true[m
[m[37m[ 76.943606 ax_runtime::mp:110] [32mSecondary CPU 1 init OK.[m
[m[37m[ 76.944280c::v3:274] [32mGICv3 CPU 3 EOI mmc@fe2c0000 online with 1 hctxs4 0:2 ax_fs_ng::block::runtime::   888    X88K      Y88o88P    88P  888
d88P     888  888  888 [m
[m[37m[ 76.954877 0:2 ax_driver::soc::rockchip::npu_hando[37m[ 77.059586 0:2 ax_driver::soc::rockchip::npu_handoff:72] [32mAXVISOR_RK3588_NPU_HANDOFF_READY[m
[m[37m[ 77.060391 0:2 ax_driver::soc::rockchip::npu_handoff:73] [32mAXVISOR_RK3588_NPU_RESOURCES cores=3 power_domains=3 clocks=8 resets=6[m
[m[37m[ 77.061486 0:2 ax_driver::soc::rockchip::npu_handoff:80] [32mAXVISOR_RK3588_NPU_SCMI clock_id=6 rate_hz=200000000[m
[m[37m[ 77.062446 0:2 ax_driver::soc::rockchip::npu_handoff:84] [32mAXVISOR_RK3588_NPU_OWNERSHIP host_submit=false[m
[m[37m[ 77.163370 0:2 ax_driver::soc::rockchip::npu_handoff:72] [32mAXVISOR_RK3588_NPU_HANDOFF_READY[m
[m[37m[ 77.164173 0:2:soc::rockchip::npu_handoff:73] [32mAXVISOR_RK3588_NPU_RESOURCES cores=3 power_domains=3 clocks=8 resets=6[m
[m[37m[ 77.165268 0:2 ax_driver::soc::rockchip::npu_handoff:80] [32mAXVISOR_RK3588_NPU_SCMI clock_id=6 rate_hz=200000000[m
[m[37m[ 77.166235 0:2 ax_driver::soc::rockchip::npu_handoff:84] [32mAXVISOR_RK3588_NPU_OWNERSHIP host_submit=false[m
[m[37m[ 77.267152 0:2 ax_driver::soc::rockchip::npu_handoff:72] [32mAXVISOR_RK3588_NPU_HANDOFF_READY[m
[m[37m[ 77.267955 0:2ndoff:73] [32mAXVISOR_RK3588_NPU_RESOURCES cores=3 power_domains=3 clocks=8 resets=6[m
[m[37m[ 77.269050 0:2 ax_driver::soc::rockchip::npu_handoff:80] [32mAXVISOR_RK3588_NPU_SCMI clock_id=6 rate_hz=200000000[m
[m[37m[ 77.270010 0:2 ax_driver::soc::rockchip::npu_handoff:84] [32mAXVISOR_RK3588_NPU_OWNERSHIP host_submit=false[m
[m[37m[ 77.370935 0:2 ax_driver::soc::rockchip::npu_handoff:72] [32mAXVISOR_RK3588_NPU_HANDOFF_READY[m
[m[37m[ 77.371738 0:2 ax_driver::soc::rockchip::npu_handoff:73] [32mAXVISOR_RK3588_NPU_RESOURCES cores=3 power_domains=3 clocks=8 resets=6[m
[m[37m[ 77.372840 0:2 ax_driver::soc::rockchip::npu_handoff:80] [32mAXVISOR_RK3588_NPU_SCMI clock_id=6 rate_hz=200000000[m
[m[37m[ 77.373794 0:2 ax_driver::soc::rockchip::npu_handoff:84] [32mAXVISOR_RK3588_NPU_OWNERSHIP host_submit=false[m
[m[37m[ 77.374709 0:2 axvm::host::arceos:390] [32mEnabling hardware virtualization support on all cores...[m
[m[37m[ 77.375565 0:2 axvm::host::arceos:396] [32mCore 0 is initializing hardware virtualization support...[m
[m[37m[ 77.376433 0:2 axvm::timer:334] [32mInitializing AxVM timer wheel...[m
[m[37m[ 77.498052 0:2 axvm::host::arceos:398] [32mHardware virtualization support enabled on core 0[m
[m[37m[ 77.498895 1:15 axvm::host::arceos:408] [32mCore 1 is initializing hardware virtualization support...[m
[m[37m[ 77.498929 0:2 axvm::host::arceos:424] [32mWaiting for all cores to enable hardware virtualization...[m
[m[37m[ 77.499762 1:15 axvm::timer:334] [32mInitializing AxVM timer wheel...[m
[m[37m[ 77.498916 2:16 axvm::host::arceos:408] [32mCore 2 is initializing hardware virtualization support...[m
[m[37m[ 77.501310 1:15 axvm::host::arceos:411] [32mHardware virtualization support enabled on core 1[m
[m[37m[ 77.502135 2:16 axvm::timer:334] [32mInitializing AxVM timer wheel...[m
[m[37m[ 77.498937 3:17 axvm::host::arceos:408] [32mCore 3 is initializing hardware virtualization support...[m
[m[37m[ 77.503615 2:16 axvm::host::arceos:411] [3arceos:440] [32mAll cores have enabled hardware virtualization t.[m
[m[37m[ 77.509464 0:2 axvisor::manager:151] [32mNOT find dir: /guest/vm_default in filesystem[m
[m[37m[ 77.510221 0:2 axvisor::config:90] [32mUsing static VM configs.[m
[m[37m[ 77.611454 0:2 axvm::arch::aarch64::fdt::core::parser:462] [32mCPU node: /cpus/cpu@0, node_id: 0x0, hardware_cpu_id: 0x0[m
[m[37m[ 77.612492 0:2 axvm::arch::aarch64::fdt::core::parser:462] [32mCPU node: /cpus/cpu@100, node_id: 0x100, hardware_cpu_id: 0x100[m
[m[37m[ 77.613568 0:2 axvm::arch::aarch64::fd hardware_cpu_id: 0x200[m
[m7m[ 77.614642 0:2 axvm::arch::aarch64::fdt::core::parser:462] [32mCPU node: /cpus/cpu@300, node_id: 0x300, hardware_cpu_id: 0x300[m
[m[37m[ 77.615716 0:2 axvm::arch::aarch64::fdt::core::parser:462] [32mCPU node: /cpus/cpu@400, node_id: 0x400, hardware_cpu_id: 0x400[m
[m[37m[ 77.616806 0:2 axvm::arch::aarch64::fdt::core::parser:462] [32mCPU node: /cpus/cpu@500, node_id: 0x500, hardware_cpu_id: 0x500[m
[m[37m[ 77.617881 0:2 axvm::arch::aarch64::fdt::core::parser:462] [32mCPU node: /cpus/cpu@600, node_id: 0x600, hardware_cpu_id: 0x600[m
[m[37m[ 77.618956 0:2 axvm::arch::aarch64::fdt::core::parser:462] [32mCPU node: /cpus/cpu@700, node_id: 0x700, hardware_cpu_id: 0x700[m
[m[37m[ 77.633625 0:2 axvm::arch::aarch64::fdt::core::parser:469] [32mFound 8 host CPU nodes[m
[m[37m[ 77.634383 0:2 axvm::arch::aarch64::fdt::core:142] [32mVM[1] found DTB, parsing...[m
[m[37m[ 77.809253 0:2 axvm::arch::aarch64::fdt::core::device:96] [32mFound excluded devices: ["/interrupt-controller@8000000", "/serial@9000000", "/timer"][m
[m[37m[ 77.813465 0:2 axvm::arch::aarch64::fdt::core::device:96] [32mFound excluded devices: ["/interrupt-controller@8000000", "/serial@9000000", "/timer"][m
[m[37m[ 77.815857 0:2 axvisor::config:137] [32mCreating VM[1] "starry-vision-ivc-orangepi"[m
[m[37m[ 97.042387 0:2 axvm::vm:1073] [32mVM created: id=1[m
[m[37m[ 97.042946 0:2 axvisor::config:149] [32mVM[1] created success, loading images...[m
[m[37m[ 98.139719 0:2 axdevice::device:1229] [32mDeviceRuntime: registered device id=0[m
[m[37m[ 98.140427 0:2 axdevice::device:1229] [32mDeviceRuntime: registered device id=1[m
[m[37m[ 98.141211 0:2 axdevice::device:1229] [32mDeviceRuntime: regiered device id=2[m
[m[37m[ 942784 0:2 axdevice::device:1229][37m[ 98.236588 0:2 axvm::arch::aarch64::fdt::core::parser:462] [32mCPU node: /cpus/cpu@0, node_id: 0x0, hardware_cpu_id: 0x0[m
[m[37m[ 98.237627 0:2 axvm::arch::aarch64::fdt::core::parser:462] [32mCPU node: /cpus/cpu@100, node_id: 0x100, hardware_cu_id: 0x100[m
[m[37m[ 98.238705 0:2 axvm::arch::aarch64::fdt::core::parser:462] [32mCPU node: /cpus/cpu@200, node_id: 0x200, hardware_cpu_id: 0x200[m
[m[37m[ 98.239780 0:2 axvm::arch::aarch64::fdt::core::parser:462] [32mCPU node: /cpus/cpu@300, node_id: 0x300, hardware_cpu_id: 0x300[m
[m[37m[ 98.240857 0:2 axvm::arch::aarch64::fdt::core::parser:462] [32mCPU node: /cpus/cpu@400, node_id: 0x400, hardware_cpu_id: 0x400[m
[m[37m[ 98.241936 0:2 axvm::arch::aarch64::fdt::core::parser:462] [32mCPU node: /cpus/cpu@500, node_id: 0x500, hardware_cpu_id: 0x500[m
[m[37m[ 98.243013 0:2 axvm::arch::aarch64::fdt::core::parser:462] [32mCPU node: /cpus/cpu@600, node_id: 0x600, hardware_cpu_id: 0x600[m
[m[37m[ 98.244089 0:2 axvm::arch::aarch64::fdt::core::parser:462] [32mCPU node: /cpus/cpu@700, node_id: 0x700, hardware_cpu_id: 0x700[m
[m[37m[ 98.258859 0:2 axvm::arch::aarch64::fdt::core::parser:469] [32mFound 8 host CPU nodes[m
[m[37m[ 98.259617 0:2 axvm::arch::aarch64::fdt::core:151] [32mVM[2] DTB not found, generating from the VM configuration[m
[m[37m[ 98.593140 0:2 axvm::arch::aarch64::fdt::core::device:96] [32mFound excluded devices: ["/interrupt-controller@fe600000", "/serial@fd890000", "/serial@feb40000", "/serial@feb50000", "/serial@feb60000", "/serial@feb70000", "/serial@feb80000", "/serialer", "/timer@feae0000", "/interrontroller@fe640000", "/interrupt-controller@fe600000/msi-controller@fe660000"][m
[m[37m[ 98.681926 0:2 axvm::arch::aarch64::fdt::core::device:96] [32mFound excluded devices: ["/interrupt-controller@fe600000", "/serial@fd890000", "/serial@feb40000", "/serial@feb50000", "/serial@feb60000", "/serial@feb70000", "/serial@feb80000", "/serial@feb90000", "/serial@feba0000", "/serial@febb0000", "/serial@febc0000", "/timer", "/timer@feae0000", "/interrupt-controller@fe600000/msi-controller@fe640000", "/interrupt-controller@fe600000/msi-controller@fe660000"][m
[m[37m[ 98.686222 0:2 axvisor::config:137] [32mCreating VM[2] "zephyr-vision-ivc-orangepi"[m
[m[37m[ 98.687861 0:2 axvm::vm:1073] [32mVM created: id=2[m
[m[37m[ 98.854398 0:2 axvisor::config:149] [32mVM[2] created success, loading images...[m
[m[37m[ 98.862308 0:2 axdevice::device:1229] [32mDeviceRuntime: registered device id=0[m
[m[37m[ 98.863014 0:2 axdevice::device:1229] [32mDeviceRuntime: registered device id=1[m
[m[37m[ 98.863796 0:2 axdevice::device:1229] [32mDeviceRuntime: registered device id=2[m
[m[37m[ 98.864571 0:2 axdevice::device:1229] [32mDeviceRuntime: registered device id=3[m
[m[37m[ 98.865390 0:2 axvm::vm::prepare:86] [32mVM setup: id=2[m
[m[37m[ 98.865991 0:2 axvm::runtime:42] [32mInitializing VMM...[m
[m[37m[ 98.866602 0:2 rsext4::ext4::sync:13] [32mSyncing filesystem...[m
[m[37m[ 98.870166 0:2 rsext4::ext4::sync:43] [32mFilesystem unmounted cleanly[m
[m[37m[ 98.870801 0:2 rsext4::ext4::sync:13] [32mSyncing filesystem...[m
[m[37m[ 98.872092 0:2 rsext4::ext4::sync:43] [32mFilesystem unmounted cleanly[m
[m[37m[ 98.872727 0:2 rsext4::ext4::sync:13] [32mSyncing filesystem...[m
[m[37m[ 98.874013 0:2 rsext4::ext4::sync:43] [32mFilesystem unmounted cleanly[m
[m[37m[ 98.874648 0:2 rsext4::ext4::sync:13] [32mSyncing filesystem...[m
[m[37m[ 98.875942 0:2 rsext4::ext4::sync:43] [32mFilesystem unmounted cleanly[m
[m[37m[ 98.876584 0:2 rsext4::ext4::sync:13] [32mSyncing filesystem...[m
[m[37m[ 98.877859 0:2 rsext4::ext4::sync:43] [32mFilesystem unmounted cleanly[m
[m[37m[ 98.878593 0:2 rsext4::ext4::sync:13] [32mSyncing filesystem...[m
[m[37m[ 98.896943 0:2 rsext4::ext4::sync:43] [32mFilesystem unmounted cleanly[m
[m[37m[ 98.897968 0:2 axvm::host::arceos:254] [32mReleased 2 host filesystem block IRQ registration(s) during shutdown[m
[m[37m[ 98.898910 0:2 axvisor::manager:125] [32mHost filesystem cleanly unmounted before guest passthrough devices start[m
[m[37m[ 98.899917 3:2 axvm::runtime:53] [32mVMM starting, booting VMs...[m
[m[37m[ 98.900517 3:2 axvm::vm:1294] [32mStarting VM[1][m
[m[37m[ 98.900989 3:2 axvm::runtime::vcpus:362] [32mSpawning task for VM[1] VCpu[0][m
[m[37m[ 98.901689 3:2 axvm::runtime::vcpus:400] [32mVCpu task Task(22, "VM[1]-VCpu[0]") created cpumask: [1, ], initial CPU 1[m
[m[37m[ 98.902871 3:2 axvm::runtime:63] [32mVM[1] boot success[m
[m[37m[ 98.902874 1:22 axvm::runtime::vcpus:461] [32mVM[1] VCpu[0] waiting for running[m
[m[37m[ 98.903391 3:2 axvm::vm:1294] [32mStarting VM[2][m
[m[37m[ 98.904107 1:22 axvm::runtime::vcpus:501] [32mVM[1] VCpu[0] running...[m
[m[37m[ 98.904571 3:2 axvm::runtime::vcpus:362] [32mSpawning task for VM[2] VCpu[0][m
[m[37m[ 98.905905 3:2 axvm::runtime::vcpus:400] [32mVCpu task Task(24, "VM[2]-VCpu[0]") created cpumask: [0, ], initial CPU 0[m
[m[37m[2 axvm::runtime:63] [32mVM[2] boot success[m
[m[37m[ 98.906953 0:24 axvm::runtime::vcpus:461] [32mVM[2] VCpu[0] waiting for running[m
[m[37m[ 98.907525 3:2 axvisor:123] [32m[OK] Default guest initialized[m
[m[37m[ 98.908172 0:24 axvm::runtime::vcpus:501] [32mVM[2] VCpu[0] running...[m
[m[VM 1] console=ttyAMA0,115200 earlycon=pl011,0x09000000 root=/dev/vda rw fsck.repair=yes
[VM 2] *** Booting Zephyr OS build v4.3.0 ***
[VM 1] VM Load @PA:0x80000000
[VM 2] IVC-RTOS-SELFTEST PASS vector=rust-wire-v1
[VM 1] VM Load Offset: 0x100000000
[VM 1] Memory Map:
[VM 1]   KImg   0x00000080000000 - 0x00000080e00000 (14 MiB)
[VM 1]   Free   0x00000080e00000 - 0x00000090000000 (242 MiB)
[VM 1] Initialize RAM allocator: 0x80e00000..0x90000000
[VM 1] Reserving CPU-local areas
[VM 1] CPU-local area stride: 0x41000 bytes
[VM 1] Total CPU-local allocation: 0x82000 bytes (2 CPUs)
[VM 1] Flushed RAM used range to memory map: 0x80e00000..0x80e02000, current: 0x80e02000
[VM 1] Flushed RAM used range to memory map: 0x80e02000..0x80e84000, current: 0x80e84000
[VM 1] CPU-local areas allocated at 0x80e02000 - 0x80e84000
[VM 1] EL: 1
[VM 1] Mapping early memory regions...
[VM 1] Ram                 : [0xffff000080000000, 0xffff000090000000) -> [0x0000000080000000, 0x0000000090000000) (256 MiB)
[VM 1] KImage              : [0xffffffff80000000, 0xffffffff80e00000) -> [0x0000000080000000, 0x0000000080e00000) (14 MiB)
[VM 1] PerCpu              : [0xffffff0080e02000, 0xffffff0080e84000) -> [0x0000000080e02000, 0x0000000080e84000) (520 KiB)
[VM 1] Debug serial        : [0xffff000009000000, 0xffff000009001000) -> [0x0000000009000000, 0x0000000009001000) (4 KiB)
[VM 1] Boot page table at physical address: PA:0x80e84000
[VM 1] Setting up table registers...
[VM 1] MMU Entry point at physical address: 0x8033a13c
[VM 1] Trap vector at 0xffffffff80342000
[VM 1] Memory Map:
[VM 1]   MMIO   0x00000009000000 - 0x00000009001000 (4 KiB)
[VM 1]   KImg   0x00000080000000 - 0x00000080e00000 (14 MiB)
[VM 1]   Rsv    0x00000080e00000 - 0x00000080e02000 (8 KiB)
[VM 1]   PerCPU 0x00000080e02000 - 0x00000080e84000 (520 KiB)
[VM 1]   Rsv    0x00000080e84000 - 0x00000080e8e000 (40 KiB)
[VM 1]   Free   0x00000080e8e000 - 0x00000090000000 (241.45 MiB)
[VM 1] Jumping to main entry point at 0xffffffff80326258 with SP 0xffffff0080e43000
[VM 1] 
[VM 1]        d8888                            .d88888b.   .d8888b.
[VM 1]       d88888                           d88P" "Y88b d88P  Y88b
[VM 2] IVC-RTOS-NET mac=52:54:00:00:00:02 expected=52:54:00:00:00:02
[VM 1]      d88P888                           888     888 Y88b.
[VM 1]     d88P 888 888d888  .d8888b  .d88b.  888     888  "Y888b.
[VM 2] IVC-RTOS-READY bind=10.0.0.2:5500 mac=52:54:00:00:00:02 window_bits=64 ack_loss_drop_every=0 expected_commands=0 expected_protocol_errors=0 expected_vision_decisions=3 exit_after_expected=1
[VM 1]    d88P  888 888P"   d88P"    d8P  Y8b 888     888     "Y88b.
[VM 1]   d88P   888 888     888      88888888 888     888       "888
[VM 1]  d8888888888 888     Y88b.    Y8b.     Y88b. .d88P Y88b  d88P
[VM 1] d88P     888 888      "Y8888P  "Y8888   "Y88888P"   "Y8888P"
[VM 1] 
[VM 1] arch = aarch64
[VM 1] platform = AxVisor Orange Pi 5 Plus StarryOS RKNPU guest
[VM 1] target = aarch64-unknown-none-softfloat
[VM 1] build_mode = 
[VM 1] log_level = info
[VM 1] backtrace = false
[VM 1] smp = 2
[VM 1] 
[VM 1] [37m[  1.137685 ax_runtime:224] [32mLogging is enabled.[m
[VM 1] [m[37m[  1.145482 ax_runtime:225] [32mPrimary CPU 0 started, arg = 0x80e00000.[m
[VM 1] [m[37m[  1.155847 ax_runtime:227] [32mFound physcial memory regions:[m
[VM 1] [m[37m[  1.164972 ax_runtime:229] [32m  [PA:0x9000000, PA:0x9001000) mmio (READ | WRITE | DEVICE | RESERVED)[m
[VM 1] [m[37m[  1.178909 ax_runtime:229] [32m  [PA:0x80000000, PA:0x80e00000) reserved (READ | WRITE | EXECUTE | RESERVED)[m
[VM 1] [m[37m[  1.193655 ax_runtime:229] [32m  [PA:0x80e00000, PA:0x80e02000) reserved (READ | WRITE | EXECUTE | RESERVED)[m
[VM 1] [m[37m[  1.208407 ax_runtime:229] [32m  [PA:0x80e02000, PA:0x80e84000) reserved (READ | WRITE | EXECUTE | RESERVED)[m
[VM 1] [m[37m[  1.223204 ax_runtime:229] [32m  [PA:0x80e84000, PA:0x80e8e000) reserved (READ | WRITE | EXECUTE | RESERVED)[m
[VM 1] [m[37m[  1.237952 ax_runtime:229] [32m  [PA:0x80e8e000, PA:0x90000000) free memory (READ | WRITE | FREE)[m
[VM 1] [m[37m[  1.251388 ax_runtime:377] [32mInitialize global memory allocator...[m
[VM 1] [m[37m[  1.261335 ax_runtime:378] [32m  use buddy-slab-allocator allocator.[m
[VM 1] [m[37m[  1.271331 ax_alloc::buddy_slab:158] [32mInitialize global memory allocator, start_vaddr: 0xffff000080e8e000, size: 0xf172000[m
[VM 1] [m[37m[  1.288390 ax_alloc::buddy_slab:424] [32mglobal allocator initialized[m
[VM 1] [m[37m[  1.298429 ax_runtime:264] [32mkernel aspace: [VA:0xffff000000000000, VA:0xffffffffffffffff)[m
[VM 1] [m[37m[  1.311204 ax_mm:107] [32mInitialize virtual memory management...[m
[VM 1] [m[37m[  1.362531 ax_runtime:276] [32mInitialize platform devices...[m
[VM 1] [m[37m[  1.372821 someboot::arch::power:23] [32mPower management method : HVC[m
[VM 1] [m[37m[  1.383029 somehal::driver:5] [32mInitializing rdrive with FDT at 0xffff000080e00000[m
[VM 1] [m[37m[  1.441603 ax_task::api:150] [32mInitialize scheduling...[m
[VM 1] [m[37m[  1.450289 ax_task::api:158] [32m  use Round-robin scheduler.[m
[VM 1] [m[37m[  1.459396 ax_runtime:302] [32mInitialize interrupt handlers...[m
[VM 1] [m[37m[  1.469067 ax_runtime::devices:2] [32mProbe platform devices...[m
[VM 1] [m[37m[  1.479438 ax_driver::serial::pl011:22] [32mProbing PL011 serial device: pl011@9000000[m
[VM 1] [m[37m[  1.492018 ax_driver::serial::pl011:38] [32mPL011 serial@0xffff000009000000 registered successfully[m
[VM 1] [m[37m[  1.507104 ax_driver::rknpu:85] [32mRK3588 NPU clock programming skipped: resources were prepared by the host[[VM 1] [m[37m[  1.523675 ax_driver::rknpu:77] [32mNPU registered successfully[m
[VM 1] [m[37m[  1.533663 ax_driver::virtio:193] [32mprobing virtio-mmio node virtio_mmio@b000000 at PA 0xb000000, size 0x1000[m
[VM 1] [m[37m[  1.550019 ax_driver::virtio:200] [32mmapped virtio-mmio at VA 0xffff00000b000000[m
[VM 1] [m[37m[  1.562055 ax_driver::virtio:193] [32mprobing virtio-mmio node virtio_mmio@b000000 at PA 0xb000000, size 0x1000[m
[VM 1] [m[37m[  1.578218 ax_driver::virtio:200] [32mmapped virtio-mmio at VA 0xffff00000b000000[m
[VM 1] [m[37m[  1.591253 ax_driver::virtio:193] [32mprobing virtio-mmio node virtio_mmio@b000000 at PA 0xb000000, size 0x1000[m
[VM 1] [m[37m[  1.607322 ax_driver::virtio:200] [32mmapped virtio-mmio at VA 0xffff00000b000000[m
[VM 1] [m[37m[  1.620163 ax_driver::virtio:193] [32mprobing virtio-mmio node virtio_mmio@b000000 at PA 0xb000000, size 0x1000[m
[VM 1] [m[37m[  1.636016 ax_driver::virtio:200] [32mmapped virtio-mmio at VA 0xffff00000b000000[m
[VM 1] [m[37m[  1.649416 ax_driver::virtio::block:658] [32mfound a block device of size 262144KB[m
[VM 1] [m[37m[  1.661916 ax_driver::virtio::block:106] [32mregistered IRQ-driven VirtIO MMIO block device[m
[VM 1] [m[37m[  1.675385 ax_driver::virtio:193] [32mprobing virtio-mmio node virtio_mmio@b001000 at PA 0xb001000, size 0x1000[m
[VM 1] [m[37m[  1.691877 ax_driver::virtio:200] [32mmapped virtio-mmio at VA 0xffff00000b001000[m
[VM 1] [m[37m[  1.704521 virtio_drivers::device::net::dev_raw:33] [32mnegotiated_features Features(MAC | VERSION_1)[m
[VM 1] [m[37m[  1.720884 ax_driver::virtio::net:407] [32mregistered virtio network device irq=None[m
[VM 1] [m[37m[  1.733732 ax_runtime::serial:493] [32mserial runtime PL011 UART ready: cpu=0, irq=Some(Source(FdtInterrupt(Fdtlse[m
[VM 1] [mBoot at 1970-01-01 00:00:01.758165500 UTC
[VM 1] 
[VM 1] [37m[  1.764579 ax_fs_ng::block::runtime::hctx:177] [32mblock hctx 0 bound to CPU 0 with hardware depth 1[m
[VM 1] [m[37m[  1.779789 ax_fs_ng::block::runtime::lifecycle::device:300] [32mblock device virtio-blk IRQ source 0 (IrqId { domain: IrqDomainId(7), hwirq: HwIrq(32) }) fixed to CPU 0 for queue mask 0x1[m
[VM 1] [m[37m[  1.807186 ax_fs_ng::root:341] [32m    raw device fs=Some(Ext4)[m
[VM 1] [m[37m[  1.817592 ax_fs_ng::root:372] [32m  block device 0 (virtio-blk) has no usable partition table; treating the whole disk as a candidate[m
[VM 1] [m[37m[  1.837559 ax_fs_ng::root:553] [32m  only one raw block device is available; using it as root[m
[VM 1] [m[37m[  1.852011 ax_fs_ng:93] [32mInitialize filesystem subsystem...[m
[VM 1] [m[37m[  1.861580 ax_fs_ng:94] [32m  selected root device: disk0 raw device[m
[VM 1] [m[37m[  1.872968 rsext4::crc32c::arm64:54] [33mID_AA64ISAR0_EL1[19:16]: 0x1[m
[VM 1] [m[37m[  1.883652 rsext4::crc32c::arm64:57] [33mHardware CRC32C support detected.[m
[VM 1] [m[37m[  1.899180 rsext4::ext4::mount:344] [32m/lost+found exists (path resolution, repaired hint inode=11)[m
[VM 1] [m[37m[  1.914603 rsext4::ext4::mount:466] [32mExt4 filesystem mounted[m
[VM 1] [m[37m[  1.924602 rsext4::ext4::mount:467] [32m  - block size: 4096 bytes[m
[VM 1] [m[37m[  1.934995 rsext4::ext4::mount:468] [32m  - total blocks: 65536[m
[VM 1] [m[37m[  1.945047 rsext4::ext4::mount:469] [32m  - free blocks: 52271[m
[VM 1] [m[37m[  1.955009 rsext4::ext4::mount:470] [32m  - total inodes: 16384[m
[VM 1] [m[37m[  1.965061 rsext4::ext4::mount:471] [32m  - free inodes: 16310[m
[VM 1] [m[37m[  1.974977 rsext4::ext4::sync:13] [32mSyncing filesystem...[m
[VM 1] [m[37m[VM 1] [m[37m[  2.000612 ax_fs_ng:106] [32m  filesystem type: "ext4"[m
[VM 1] [m[37m[  2.012519 ax_net:193] [32mInitialize network subsystem...[m
[VM 1] [m[37m[  2.021938 ax_net:213] [32m  use NIC 0: "virtio-net"[m
[VM 1] [m[37m[  2.030599 ax_runtime::irq:120] [32mregistered eth0 irq IrqId { domain: IrqDomainId(7), hwirq: HwIrq(34) }[m
[VM 1] [m[37m[  2.045928 ax_net:239] [32meth0:[m
[VM 1] [m[37m[  2.051979 ax_net:240] [32m  id:   2[m
[VM 1] [m[37m[  2.058102 ax_net:241] [32m  mac:  52-54-00-00-00-01[m
[VM 1] [m[37m[  2.067096 ax_net:258] [32m  mode: dhcp[m
[VM 1] [m[37m[  2.074244 ax_net:296] [32mDevice: lo[m
[VM 1] [m[37m[  2.080821 ax_net:296] [32mDevice: eth0[m
[VM 1] [m[37m[  2.087807 ax_net::service:595] [32meth0: DHCP enabled[m
[VM 1] [m[37m[  4.139470 ax_net:982] [33mDHCP bootstrap timed out[m
[37m[102.288417 1:22 axvm::runtime::hvc:272] [32mVM[1] PSCI_CPU_ON target=0x200 entry=0x8033981c context=0x80e43e00[m
[m[37m[102.289369 1:22 axvm::runtime::vcpus:362] [32mSpawning task for VM[1] VCpu[1][m
[m[37m[102.290078 1:22 axvm::rus:400] [32mVCpu task Task(27, "1]") created cpumask: [2, ], initial CPU 2[m
[m[37m[102.291114 2:27 axvm::runtime::vcpus:461] [32mVM[1] VCpu[1] waiting for running[m
[m[37m[102.291821 2:27 axvm::runtime::vcpus:501] [32mVM[1] VCpu[1] running...[m
[m[VM 1] [m[37m[  4.154779 ax_runtime::mp:79] [32mSecondary CPU 1 started.[m
[VM 1] [m[37m[  4.154780 ax_runtime:350] [32mPrimary CPU 0 init OK.[m
[VM 1] [m[37m[  4.164932 ax_runtime::mp:110] [32mSecondary CPU 1 init OK.[m
[VM 1] [m[37m[  4.184130 0:2 ax_fs_ng::block::runtime::lifecycle::device:369] [32mblock device virtio-blk online with 1 hctxs across 2 CPUs[m
[VM 1] [m[37m[  4.202596 0:2 ktracepoint:282] [32mtracepoint_data_start: 0xffffffff80543b88, tracepoint_data_end: 0xffffffff80543be8[m
[VM 1] [m[37m[  4.219878 0:2 ktracepoint:297] [32mtracepoint_data_len: 6[m
[VM 1] [m[37m[  4.228669 0:2 ktracepoint:314] [32mtracepoint registered: sched:sched_process_exit[m
[VM 1] [m[37m[  4.241946 0:2 ktracepoint:314] [32mtracepoint registered: sched:sched_process_fork[m
[VM 1] [m[37m[  4.254401 0:2 ktracepoint:314] [32mtracepoint registered: sched:sched_switch[m
[VM 1] [m[37m[  4.266395 0:2 ktracepoint:314] [32mtracepoint registered: syscalls:sys_clone[m
[VM 1] [m[37m[  4.278547 0:2 ktracepoint:314] [32mtracepoint registered: syscalls:sys_enter_openat[m
[VM 1] [m[37m[  4.292031 0:2 ktracepoint:314] [32mtracepoint registered: syscalls:sys_mkdirat[m
[VM 1] [mInitialized 6 tracepoints
[VM 1] kmod subsystem initialized
[VM 1] [37m[  4.311106 0:2 starry_kernel::pseudofs:86] [32mInitialize pseudofs...[m
[VM 1] [m[37m[  4.321751 0:2 starry_kernel::pseudofs::dev::tty::serial:258] [32mttyS0 registered: path=/pl011@9000000, alias=Some(0), paddr=0x9000000, irq=Some(Source(FdtInterrupt(FdtIrqSpec { controller: 4, cells: [0, 1, 4] })))[m
[VM 1] [m[37m[  4.351949 0:2 starry_kernel::pseudofs::dev::tty::serial:201] [32m/dev/console bound to ttyS0[m
[VM 1] [m[37m[  4.366696 0:2 starry_kernel::pseudofs:80] [32mMounted devfs at /dev[m
[VM 1] [m[37m[  4.377776 0:2 starry_kernel::pseudofs::usbfs:55] [32musbfs: initializing manager[m
[VM 1] [m[37m[  4.390785 0:2 starry_kernel::pseudofs::usbfs::manager:1486] [32musbfs: discovered 0 USB host(s)[m
[VM 1] [m[37m[  4.405830 0:2 starry_kernel::pseudofs::usbfs:58] [32musbfs: no USB host found, skip mounting usbfs[m
[VM 1] [m[37m[  4.420992 0:2 starry_kernel::pseudofs:80] [32mMounted tmpfs at /dev/shm[m
[VM 1] [m[37m[  4.447697 0:2 starry_kernel::pseudofs:80] [32mMounted tmpfs at /tmp[m
[VM 1] [m[37m[  4.459104 0:2 starry_kernel::pseudofs:80] [32mMounted mqueue at /dev/mqueue[m
[VM 1] [m[37m[  4.470893 0:2 starry_kernel::dyn_debug:65] [32mdebug_init: initializing dynamic debug sites[m
[VM 1] [m[37m[  4.485315 0:2 starry_kernel::dyn_debug:68] [32mdebug_init: found 191 dynamic debug sites[m
[VM 1] [m[37m[  4.499155 0:2 starry_kernel::pseudofs::proc:74] [32mRead kallsyms, size: 1441KB[m
[VM 1] [m[37m[  4.534817 0:2 starry_kernel::pseudofs:80] [32mMounted proc at /proc[m
[VM 1] [m[37m[  4.546382 0:2 starry_kernel::pseudofs:80] [32mMounted sysfs at /sys[m
[VM 1] [m[37m[  4.557659 0:2 starry_kernel::pseudofs:80] [32mMounted debug at /sys/kernel/debug[m
[VM 1] [m[37m[  4.570640 0:2 starry_kernel::task::timer:394] [32mInitialize alarm...[m
[VM 1] [m[37m[  4.586441 0:16 starry_kernel::task::user:71] [32mEnter user space: ip=0x400640, sp=0x3fffffff630[m
[VM 1] [mWelcome to [96m[1mStarry OS[0m!
[VM 1] /bin/sh: env: not found
[VM 1] 
[VM 1] Use [1m[3mapk[0m to install packages.
[VM 1] 
[VM 1] STARRY_GROUPED_AUTORUN_INIT
[VM 1] [37m[  4.691519 0:16 starry_kernel::syscall::task::wait:360] [32msys_waitpid <= pid: -1, options: WaitPidOptions(0x0)[m
[VM 1] [m[37m[  4.691667 0:17 starry_kernel::task::user:71] [32mEnter user space: ip=0x48653c, sp=0x3ffffffe920[m
[VM 1] [m[37m[  4.734604 0:18 starry_kernel::task::user:71] [32mEnter user space: ip=0x48653c, sp=0x3ffffffe750[m
[VM 1] [m[37m[  4.826868 0:18 starry_kernel::task::ops:348] [32mTask(18, "busybox") exit with code: 0[m
[VM 1] [m[37m[  4.838083 0:18 starry_kernel::task::signal:647] [32mSend signal SIGCHLD to process 2[m
[VM 1] [m[37m[  4.838309 0:17 starry_kernel::syscall::task::wait:360] [32msys_waitpid <= pid: -1, options: WaitPidOptions(0x0)[m
[VM 1] [m[37m[  4.838412 0:17 starry_kernel::syscall::task::wait:360] [32msys_waitpid <= pid: -1, options: WaitPidOptions(WNOHANG)[m
[VM 1] [m[37m[  4.874832 0:19 starry_kernel::task::user:71] [32mEnter user space: ip=0x48653c, sp=0x3ffffffe750[m
[VM 1] [m[37m[  5.186656 0:19 starry_kernel::task::ops:348] [32mTask(19, "busybox") exit with code: 0[m
[VM 1] [m[37m[  5.198005 0:19 starry_kernel::task::signal:647] [32mSend signal SIGCHLD to process 2[m
[VM 1] [m[37m[  5.198214 0:17 starry_kernel::syscall::task::wait:360] [32msys_waitpid <= pid: -1, options: WaitPidOptions(0x0[VM 1] [m[37m[  5.198319 0:17 starry_kernel::syscall::task::wait:360] [32msys_waitpid <= pid: -1, options: WaitPidOptions(WNO[VM 1] [m[37m[  5.233504 0:20 starry_kernel::task::user:71] [32mEnter user space: ip=0x48653c, sp=0x3ffffffe750[m
[VM 1] [m[37m[  5.288611 0:20 starry_kernel::task::ops:348] [32mTask(20, "busybox") exit with code: 0[m
[VM 1] [m[37m[  5.300404 0:20 starry_kernel::task::signal:647] [32mSend signal SIGCHLD to process 2[m
[VM 1] [m[37m[  5.300601 0:17 starry_kernel::syscall::task::wait:360] [32msys_waitpid <= pid: -1, options: WaitPidOptions(0x0)[m
[VM 1] [m[37m[  5.300702 0:17 starry_kernel::syscall::task::wait:360] [32msys_waitpid <= pid: -1, options: WaitPidOptions(WNOHANG)[m
[VM 1] [m[37m[  5.303202 0:17 starry_kernel::syscall::task::wait:360] [32msys_waitpid <= pid: -1, options: WaitPidOptions(0x0)[m
[VM 1] [m[37m[  5.347466 0:21 starry_kernel::task::user:71] [32mEnter user space: ip=0x48653c, sp=0x3ffffffedb0[m
[VM 1] [m[37m[  5.376430 0:21 starry_kernel::task::ops:348] [32mTask(21, "busybox") exit with code: 0[m
[VM 1] [m[37m[  5.388060 0:21 starry_kernel::task::signal:647] [32mSend signal SIGCHLD to process 2[m
[VM 1] [m[37m[  5.397490 0:17 starry_kernel::syscall::task::wait:360] [32msys_waitpid <= pid: -1, options: WaitPidOptions(0x0)[m
[VM 1] [m[37m[  5.397592 0:17 starry_kernel::syscall::task::wait:360] [32msys_waitpid <= pid: -1, options: WaitPidOptions(WNO[VM 1] [m[37m[  5.400433 0:17 starry_kernel::syscall::task::wait:360] [32msys_waitpid <= pid: -1, options: WaitPidOptions(0x0[VM 1] [m[37m[  5.435444 0:22 starry_kernel::task::user:71] [32mEnter user space: ip=0x48653c, sp=0x3fffffff2c0[m
[VM 1] [m[37m[  5.442200 0:22 starry_kernel::task::ops:348] [32mTask(22, "busybox") exit with code: 0[m
[VM 1] [m[37m[  5.463576 0:22 starry_kernel::task::signal:647] [32mSend signal SIGCHLD to process 2[m
[VM 1] [m[37m[  5.473034 0:17 starry_kernel::syscall::task::wait:360] [32msys_waitpid <= pid: -1, options: WaitPidOptions(0x0)[m
[VM 1] [m[37m[  5.473132 0:17 starry_kernel::syscall::task::wait:360] [32msys_waitpid <= pid: -1, options: WaitPidOptions(WNOHANG)[m
[VM 1] [m[37m[  5.475852 0:17 starry_kernel::syscall::task::wait:360] [32msys_waitpid <= pid: -1, options: WaitPidOptions(0x0)[m
[VM 1] [m[37m[  5.510980 0:23 starry_kernel::task::user:71] [32mEnter user space: ip=0x48653c, sp=0x3fffffff2c0[m
[VM 1] [m[37m[  5.517787 0:23 starry_kernel::task::ops:348] [32mTask(23, "busybox") exit with code: 0[m
[VM 1] [m[37m[  5.539174 0:23 starry_kernel::task::signal:647] [32mSend signal SIGCHLD to process 2[m
[VM 1] [m[37m[  5.548434 0:17 starry_kernel::syscall::task::wait:360] [32msys_waitpid <= pid: -1, options: WaitPidOptions(0x0)[m
[VM 1] [m[37m[  5.548528 0:17 starry_kernel::syscall::task::wait:360] [32msys_waitpid <= pid: -1, options: WaitPidOptions(WNO[VM 1] [mIVC-STARRY-VISION-BOOT source=fixed-images backend=rknn-npu frames=3 target_class=32 calibration_x=625
[VM 1] IVC-STARRY-VISION-NET ip=10.0.0.1/24 peer=10.0.0.2:5500 segment=1
[VM 1] [37m[  5.551146 0:17 starry_kernel::syscall::task::wait:360] [32msys_waitpid <= pid: -1, options: WaitPidOptions(0x0)[m
[VM 1] [m[37m[  5.601336 0:24 starry_kernel::task::user:71] [32mEnter user space: ip=0x48653c, sp=0x3fffffff460[m
[VM 1] [m[37m[  7.619744 0:24 starry_kernel::task::ops:348] [32mTask(24, "busybox") exit with code: 0[m
[VM 1] [m[37m[  7.631232 0:24 starry_kernel::task::signal:647] [32mSend signal SIGCHLD to process 2[m
[VM 1] [m[37m[  7.640316 0:17 starry_kernel::syscall::task::wait:360] [32msys_waitpid <= pid: -1, options: WaitPidOptions(0x0)[m
[VM 1] [m[37m[  7.640409 0:17 starry_kernel::syscall::task::wait:360] [32msys_waitpid <= pid: -1, options: WaitPidOptions(WNOHANG)[m
[VM 1] [m[37m[  7.642667 0:17 starry_kernel::syscall::task::wait:360] [32msys_waitpid <= pid: -1, options: WaitPidOptions(0x0)[m
[VM 1] [m[37m[  7.678233 0:25 starry_kernel::task::user:71] [32mEnter user space: ip=0x48653c, sp=0x3fffffff460[m
[VM 1] [m[37m[  7.698441 0:25 starry_kernel::task::ops:348] [32mTask(25, "busybox") exit with code: 0[m
[VM 1] [m[37m[  7.710001 0:25 starry_kernel::task::signal:647] [32mSend signal SIGCHLD to process 2[m
[VM 1] [m[37m[  7.719566 0:17 starry_kernel::syscall::task::wait:360] [32msys_waitpid <= pid: -1, options: WaitPidOptions(0x0[VM 1] [m[37m[  7.719656 0:17 starry_kernel::syscall::task::wait:360] [32msys_waitpid <= pid: -1, options: WaitPidOptions(WNO[VM 1] [m[37m[  7.721859 0:17 starry_kernel::syscall::task::wait:360] [32msys_waitpid <= pid: -1, options: WaitPidOptions(0x0)[m
[VM 1] [m[37m[  7.756687 0:26 starry_kernel::task::user:71] [32mEnter user space: ip=0x48653c, sp=0x3fffffff200[m
[VM 1] [m[37m[  8.222812 0:26 starry_kernel::pseudofs::dev::card1:166] [32mcard1: cmd 0xc0406400, nr 0x0, arg 0x4003f3d0[m
[VM 1] [m[37m[  8.222842 0:26 starry_kernel::pseudofs::dev::card1:169] [32mcard1: is_driver_ioctl = false[m
[VM 1] [m[37m[  8.222855 0:26 starry_kernel::pseudofs::dev::card1:188] [32mdrm get version[m
[VM 1] [m[37m[  8.222866 0:26 starry_kernel::pseudofs::dev::card1:811] [32mdrm_version called: DrmVersion { version_major: 0, version_minor: 0, version_patchlevel: 0, name_len: 0, name: 0, date_len: 0, date: 0, desc_len: 0, desc: 0 }[m
[VM 1] [m[37m[  8.222888 0:26 starry_kernel::pseudofs::dev::card1:854] [32m[drm_version] Set driver info: name_len=5, date_len=8, desc_len=12[m
[VM 1] [m[37m[  8.222908 0:26 starry_kernel::pseudofs::dev::card1:166] [32mcard1: cmd 0xc0406400, nr 0x0, arg 0x4003f3d0[m
[VM 1] [m[37m[  8.222920 0:26 starry_kernel::pseudofs::dev::card1:169] [32mcard1: is_driver_ioctl = false[m
[VM 1] [m[37m[  8.222930 0:26 starry_kernel::pseudofs::dev::card1:188] [32mdrm get version[m
[VM 1] [m[37m[  8.222940 0:26 starry_kernel::pseudofs::dev::card1:811] [32mdrm_version called: DrmVersion { version_major: 0, version_minor: 9, version_patchlevel: 8, name_len: 5, name: 1074000928, date_len: 8, date: 1074000960, desc_len: 12, desc: 1074000992 }[m
[VM 1] [m[37m[  8.222960 0:26 starry_kernel::pseudofs::dev::card1:854] [32m[drm_version] Set driver info: name_len=5, date_len=8, desc_len=12[m
[VM 1] [m[37m[  8.222979 0:26 starry_kernel::pseudofs::dev::card1:166] [32mcard1: cmd 0xc0106401, nr 0x1, arg 0x3ffffffd730[m
[VM 1] [m[37m[  8.222991 0:26 starry_kernel::pseudofs::dev::card1:169] [32mcard1: is_driver_ioctl = false[m
[VM 1] [m[37m[  8.223002 0:26 starry_kernel::pseudofs::dev::card1:192] [32mdrm get unique[m
[VM 1] [m[37m[  8.223012 0:26 starry_kernel::pseudofs::dev::card1:868] [32mdrm_get_unique called: DrmUnique { unique_len: 0, unique: 0 }[m
[VM 1] [m[37m[  8.223031 0:26 starry_kernel::pseudofs::dev::card1:166] [32mcard1: cmd 0xc0106401, nr 0x1, arg 0x3ffffffd730[m
[VM 1] [m[37m[  8.323410 0:26 starry_kernel::pseudofs::dev::card1:166] [32mcard1: cmd 0xc0086440, nr 0x40, arg 0x3ffffffd6c0[m
[VM 1] [m[37m[  8.323429 0:26 starry_kernel::pseudofs::dev::card1:169] [32mcard1: is_driver_ioctl = true[m
[VM 1] [m[37m[  8.323441 0:26 starry_kernel::pseudofs::dev::card1:364] [32mrknpu_driver_ioctl: op = Action[m
[VM 1] [m[37m[  8.323453 0:26 starry_kernel::pseudofs::dev::card1:587] [32mrknpu action ioctl[m
[VM 1] [m[37m[  8.323464 0:26 starry_kernel::pseudofs::dev::card1:597] [32mrknpu action ioctl: flags = GetHwVersion, value = 4294967295[m
[VM 1] [m[37m[  8.323490 0:26 starry_kernel::pseudofs::dev::card1:606] [33mrknpu action ioctl[0]: flags=GetHwVersion value_in=4294967295 result=Ok(1179210309) value_out=1179210309[m
[VM 1] [m[37m[  8.323511 0:26 starry_kernel::pseudofs::dev::card1:166] [32mcard1: cmd 0xc0086440, nr 0x40, arg 0x3ffffffd6c0[VM 1] [m[37m[  8.323523 0:26 starry_kernel::pseudofs::dev::card1:169] [32mcard1: is_driver_ioctl = true[m
[VM 1] [m[37m[  8.323533 0:26 starry_kernel::pseudofs::dev::card1:364] [32mrknpu_driver_ioctl: op = Action[m
[VM 1] [m[37m[  8.506078 0:26 starry_kernel::pseudofs::dev::card1:166] [32mcard1: cmd 0xc0086440, nr 0x40, arg 0x3ffffffdc70[VM 1] [m[37m[  8.506100 0:26 starry_kernel::pseudofs::dev::card1:169] [32mcard1: is_driver_ioctl = true[m
[VM 1] [m[37m[  8.506111 0:26 starry_kernel::pseudofs::dev::card1:364] [32mrknpu_driver_ioctl: op = Action[m
[VM 1] [m[37m[  8.506122 0:26 starry_kernel::pseudofs::dev::card1:587] [32mrknpu action ioctl[m
[VM 1] [m[37m[  8.506133 0:26 starry_kernel::pseudofs::dev::card1:597] [32mrknpu action ioctl: flags = PowerOn, value = 0[m
[VM 1] [m[37m[  8.506153 0:26 rockchip_npu:281] [33mPowerOn operation not yet implemented[m
[VM 1] [m[37m[  8.506164 0:26 starry_kernel::pseudofs::dev::card1:606] [33mrknpu action ioctl[2]: flags=PowerOn value_in=0 result=Ok(0) value_out=0[m
[VM 1] [m[37m[  8.584889 0:26 starry_kernel::pseudofs::dev::card1:166] [32mcard1: cmd 0xc0086440, nr 0x40, arg 0x3ffffffdc80[m
[VM 1] [m[37m[  8.584910 0:26 starry_kernel::pseudofs::dev::card1:169] [32mcard1: is_driver_ioctl = true[m
[VM 1] [m[37m[  8.584922 0:26 starry_kernel::pseudofs::dev::card1:364] [32mrknpu_driver_ioctl: op = Action[m
[VM 1] [m[37m[  8.584933 0:26 starry_kernel::pseudofs::dev::card1:587] [32mrknpu action ioctl[m
[VM 1] [m[37m[  8.584943 0:26 starry_kernel::pseudofs::dev::card1:597] [32mrknpu action ioctl: flags = SetProcNice, value = 4294967277[m
[VM 1] [m[37m[  8.584963 0:26 rockchip_npu:276] [33mSetProcNice operation not applicable in bare metal context[m
[VM 1] [m[37m[  8.584974 0:26 starry_kernel::pseudofs::dev::card1:606] [33mrknpu action ioctl[3]: flags=SetProcNice value_in=4294967277 result=Ok(0) value_out=0[m
[VM 1] [m[37m[  8.663595 0:26 starry_kernel::pseudofs::dev::card1:166] [32mcard1: cmd 0xc0086440, nr 0x40, arg 0x3ffffffd860[VM 1] [m[37m[  8.663616 0:26 starry_kernel::pseudofs::dev::card1:169] [32mcard1: is_driver_ioctl = true[m
[VM 1] [m[37m[  8.663628 0:26 starry_kernel::pseudofs::dev::card1:364] [32mrknpu_driver_ioctl: op = Action[m
[VM 1] [m[37m[  8.663639 0:26 starry_kernel::pseudofs::dev::card1:587] [32mrknpu action ioctl[m
[VM 1] [m[37m[  8.663649 0:26 starry_kernel::pseudofs::dev::card1:597] [32mrknpu action ioctl: flags = GetDrvVersion, value = 0[m
[VM 1] [m[37m[  8.663667 0:26 starry_kernel::pseudofs::dev::card1:606] [33mrknpu action ioctl[4]: flags=GetDrvVersion value_in=0 result=Ok(908) value_out=908[m
[VM 1] [m[37m[  8.755434 0:26 starry_kernel::pseudofs::dev::card1:166] [32mcard1: cmd 0xc0086440, nr 0x40, arg 0x3ffffffc960[m
[VM 1] [m[37m[  8.755455 0:26 starry_kernel::pseudofs::dev::card1:169] [32mcard1: is_driver_ioctl = true[m
[VM 1] [m[37m[  8.755466 0:26 starry_kernel::pseudofs::dev::card1:364] [32mrknpu_driver_ioctl: op = Action[m
[VM 1] [m[37m[  8.755477 0:26 starry_kernel::pseudofs::dev::card1:587] [32mrknpu action ioctl[m
[VM 1] [m[37m[  8.755488 0:26 starry_kernel::pseudofs::dev::card1:597] [32mrknpu action ioctl: flags = GetIommuEn, value = 0[m
[VM 1] [m[37m[  8.755506 0:26 starry_kernel::pseudofs::dev::card1:606] [33mrknpu action ioctl[5]: flags=GetIommuEn value_in=0 result=Ok(0) value_out=0[m
[VM 1] [m[37m[  8.755527 0:26 starry_kernel::pseudofs::dev::card1:166] [32mcard1: cmd 0xc0306442, nr 0x42, arg 0x3ffffffa6e0[m
[VM 1] [m[37m[  8.755539 0:26 starry_kernel::pseudofs::dev::card1:169] [32mcard1: is_driver_ioctl = true[m
[VM 1] [m[37m[  8.755549 0:26 starry_kernel::pseudofs::dev::card1:364] [32mrknpu_driver_ioctl: op = MemCreate[m
[VM 1] [m[37m[  8.755560 0:26 starry_kernel::pseudofs::dev::card1:431] [32mrknpu mem_create ioctl[m
[VM 1] [m[37m[  8.755571 0:26 starry_kernel::pseudofs::dev::card1:442] [33mrknpu mem_create ioctl[0]: flags=0x40a size=42840 core_mask=0x1[m
[VM 1] [m[37m[  8.755651 0:26 starry_kernel::pseudofs::dev::card1:453] [33mrknpu mem_create ioctl[0] done: handle=1 flags=0x40a size=42840 sram_size=42840 obj_addr=0xffff00008dae0000 dma_addr=0x8dae0000 iommu_domain_id=0 core_mask=0x1 elapsed_us=68[m
[VM 1] [m[37m[  8.755698 0:26 starry_kernel::pseudofs::dev::card1:166] [32mcard1: cmd 0xc008640a, nr 0xa, arg 0x3ffffffb9d0[m
[VM 1] [m[37m[  8.755710 0:26 starry_kernel::pseudofs::dev::card1:169] [32mcard1: is_driver_ioctl = false[m
[VM 1] [m[37m[  8.755722 0:26 starry_kernel::pseudofs::dev::card1:648] [32mdrm_gem_flink_ioctl called: DrmGemFlink {
[VM 1]     handle: 1,
[VM 1]     name: 0,
[VM 1] }[m
[VM 1] [m[37m[  8.755747 0:26 starry_kernel::pseudofs::dev::card1:166] [32mcard1: cmd 0xc00c642d, nr 0x2d, arg 0x3ffffffc010[m
[VM 1] [m[37m[  8.854256 0:26 starry_kernel::pseudofs::dev::card1:166] [32mcard1: cmd 0xc0106443, nr 0x43, arg 0x3ffffffc330[m
[VM 1] [m[37m[  8.854272 0:26 starry_kernel::pseudofs::dev::card1:169] [32mcard1: is_driver_ioctl = true[m
[VM 1] [m[37m[  8.854283 0:26 starry_kernel::pseudofs::dev::card1:364] [32mrknpu_driver_ioctl: op = MemMap[m
[VM 1] [m[37m[  8.854295 0:26 starry_kernel::pseudofs::dev::card1:492] [32mrknpu mem_map ioctl[m
[VM 1] [m[37m[  8.854314 0:26 starry_kernel::pseudofs::dev::card1:503] [32mmem_map: handle=1 -> offset=0x1000[m
[VM 1] [m[37m[  8.854503 0:26 starry_kernel::pseudofs::dev::card1:166] [32mcard1: cmd 0xc0206445, nr 0x45, arg 0x3ffffffa2a0[m
[VM 1] [m[37m[  8.854518 0:26 starry_kernel::pseudofs::dev::card1:169] [32mcard1: is_driver_ioctl = true[m
[VM 1] [m[37m[  8.854528 0:26 starry_kernel::pseudofs::dev::card1:364] [32mrknpu_driver_ioctl: op = MemSync[m
[VM 1] [m[37m[  8.854540 0:26 starry_kernel::pseudofs::dev::card1:540] [33mrknpu mem_sync ioctl[0]: flags=0x3 obj_addr=0xffff00008dae0000 offset=0 size=42840[m
[VM 1] [m[37m[  8.854553 0:26 starry_kernel::pseudofs::dev::card1:546] [32mrknpu mem_sync ioctl RknpuMemSync {
[VM 1]     flags: 0x3,
[VM 1]     reserved: 0x0,
[VM 1]     obj_addr: 0xffff00008dae0000,
[VM 1]     offset: 0x0,
[VM 1]     size: 0xa758,
[VM 1] }[m
[VM 1] [m[37m[  9.054564 0:26 starry_kernel::pseudofs::dev::card1:166] [32mcard1: cmd 0xc0086440, nr 0x40, arg 0x3ffffffc9e0[m
[VM 1] [m[37m[  9.054581 0:26 starry_kernel::pseudofs::dev::card1:169] [32mcard1: is_driver_ioctl = true[m
[VM 1] [m[37m[  9.054592 0:26 starry_kernel::pseudofs::dev::card1:364] [32mrknpu_driver_ioctl: op = Action[m
[VM 1] [m[37m[  9.054603 0:26 starry_kernel::pseudofs::dev::card1:587] [32mrknpu action ioctl[m
[VM 1] [m[37m[  9.054613 0:26 starry_kernel::pseudofs::dev::card1:597] [32mrknpu action ioctl: flags = GetIommuEn, value = 0[m
[VM 1] [m[37m[  9.054631 0:26 starry_kernel::pseudofs::dev::card1:606] [33mrknpu action ioctl[6]: flags=GetIommuEn value_in=0[VM 1] [m[37m[  9.054651 0:26 starry_kernel::pseudofs::dev::card1:166] [32mcard1: cmd 0xc0306442, nr 0x42, arg 0x3ffffffa760[m
[VM 1] [m[37m[  9.054663 0:26 starry_kernel::pseudofs::dev::card1:169] [32mcard1: is_driver_ioctl = true[m
[VM 1] [m[37m[  9.054673 0:26 starry_kernel::pseudofs::dev::card1:364] [32mrknpu_driver_ioctl: op = MemCreate[m
[VM 1] [m[37m[  9.054684 0:26 starry_kernel::pseudofs::dev::card1:431] [32mrknpu mem_create ioctl[m
[VM 1] [m[37m[  9.054695 0:26 starry_kernel::pseudofs::dev::card1:442] [33mrknpu mem_create ioctl[1]: flags=0x402 size=416064[VM 1] [m[37m[  9.060021 0:26 starry_kernel::pseudofs::dev::card1:453] [33mrknpu mem_create ioctl[1] done: handle=2 flags=0x402 size=4160640 sram_size=4160640 obj_addr=0xffff00008dc00000 dma_addr=0x8dc00000 iommu_domain_id=0 core_mask=0x1 elapsed_us=5313[m
[VM 1] [m[37m[  9.060053 0:26 starry_kernel::pseudofs::dev::card1:166] [32mcard1: cmd 0xc008640a, nr 0xa, arg 0x3ffffffba50[m
[VM 1] [m[37m[  9.060065 0:26 starry_kernel::pseudofs::dev::card1:169] [32mcard1: is_driver_ioctl = false[m
[VM 1] [m[37m[  9.060077 0:26 starry_kernel::pseudofs::dev::card1:648] [32mdrm_gem_flink_ioctl called: DrmGemFlink {
[VM 1]     handle: 2,
[VM 1]     name: 0,
[VM 1] }[m
[VM 1] [m[37m[  9.060101 0:26 starry_kernel::pseudofs::dev::card1:166] [32mcard1: cmd 0xc00c642d, nr 0x2d, arg 0x3ffffffc090[VM 1] [m[37m[  9.253122 0:26 starry_kernel::pseudofs::dev::card1:166] [32mcard1: cmd 0xc0206445, nr 0x45, arg 0x3ffffffcd80[m
[VM 1] [m[37m[  9.253145 0:26 starry_kernel::pseudofs::dev::card1:169] [32mcard1: is_driver_ioctl = true[m
[VM 1] [m[37m[  9.253157 0:26 starry_kernel::pseudofs::dev::card1:364] [32mrknpu_driver_ioctl: op = MemSync[m
[VM 1] [m[37m[  9.253169 0:26 starry_kernel::pseudofs::dev::card1:540] [33mrknpu mem_sync ioctl[2]: flags=0x1 obj_addr=0xffff00008dc00000 offset=0 size=4160640[m
[VM 1] [m[37m[  9.253181 0:26 starry_kernel::pseudofs::dev::card1:546] [32mrknpu mem_sync ioctl RknpuMemSync {
[VM 1]     flags: 0x1,
[VM 1]     reserved: 0x0,
[VM 1]     obj_addr: 0xffff00008dc00000,
[VM 1]     offset: 0x0,
[VM 1]     size: 0x3f7c80,
[VM 1] }[m
[VM 1] [m[37m[  9.253567 0:26 starry_kernel::pseudofs::dev::card1:553] [33mrknpu mem_sync ioctl[2] done: flags=0x1 offset=0 size=4160640 elapsed_us=364[m
[VM 1] [m[37m[  9.354005 0:26 starry_kernel::pseudofs::dev::card1:166] [32mcard1: cmd 0xc0086440, nr 0x40, arg 0x3ffffffd3e0[m
[VM 1] [m[37m[  9.354026 0:26 starry_kernel::pseudofs::dev::card1:169] [32mcard1: is_driver_ioctl = true[m
[VM 1] [m[37m[  9.354037 0:26 starry_kernel::pseudofs::dev::card1:364] [32mrknpu_driver_ioctl: op = Action[m
[VM 1] [m[37m[  9.354119 0:26 starry_kernel::pseudofs::dev::card1:587] [32mrknpu action ioctl[m
[VM 1] [m[37m[  9.354132 0:26 starry_kernel::pseudofs::dev::card1:597] [32mrknpu action ioctl: flags = GetDrvVersion, value = 0[m
[VM 1] [m[37m[  9.354151 0:26 starry_kernel::pseudofs::dev::card1:606] [33mrknpu action ioctl[7]: flags=GetDrvVersion value_in=0 result=Ok(908) value_out=908[m
[VM 1] [m[37m[  9.425529 0:26 starry_kernel::pseudofs::dev::card1:166] [32mcard1: cmd 0xc0206445, nr 0x45, arg 0x3ffffffd540m
[VM 1] [m[37m[  9.425550 0:26 starry_kernel::pseudofs::dev::card1:169] [32mcard1: is_driver_ioctl = true[m
[VM 1] [m[37m[  9.425562 0:26 starry_kernel::pseudofs::dev::card1:364] [32mrknpu_driver_ioctl: op = MemSync[m
[VM 1] [m[37m[  9.425574 0:26 starry_kernel::pseudofs::dev::card1:540] [33mrknpu mem_sync ioctl[3]: flags=0x1 obj_addr=0xffff00008dae0000 offset=0 size=42840[m
[VM 1] [m[37m[  9.425586 0:26 starry_kernel::pseudofs::dev::card1:546] [32mrknpu mem_sync ioctl RknpuMemSync {
[VM 1]     flags: 0x1,
[VM 1]     reserved: 0x0,
[VM 1]     obj_addr: 0xffff00008dae0000,
[VM 1]     offset: 0x0,
[VM 1]     size: 0xa758,
[VM 1] }[m
[VM 1] [m[37m[  9.425623 0:26 starry_kernel::pseudofs::dev::card1:553] [33mrknpu mem_sync ioctl[3] done: flags=0x1 offset=0 size=42840 elapsed_us=15[m
[VM 1] [m[37m[  9.508741 0:26 starry_kernel::pseudofs::dev::card1:166] [32mcard1: cmd 0xc0086440, nr 0x40, arg 0x3ffffffd440[m
[VM 1] [m[37m[  9.508762 0:26 starry_kernel::pseudofs::dev::card1:169] [32mcard1: is_driver_ioctl = true[m
[VM 1] [m[37m[  9.508774 0:26 starry_kernel::pseudofs::dev::card1:364] [32mrknpu_driver_ioctl: op = Action[m
[VM 1] [m[37m[  9.508785 0:26 starry_kernel::pseudofs::dev::card1:587] [32mrknpu action ioctl[m
[VM 1] [m[37m[  9.508795 0:26 starry_kernel::pseudofs::dev::card1:597] [32mrknpu action ioctl: flags = GetIommuEn, value = 0[m
[VM 1] [m[37m[  9.508814 0:26 starry_kernel::pseudofs::dev::card1:606] [33mrknpu action ioctl[8]: flags=GetIommuEn value_in=0 result=Ok(0) value_out=0[m
[VM 1] [m[37m[  9.508835 0:26 starry_kernel::pseudofs::dev::card1:166] [32mcard1: cmd 0xc0306442, nr 0x42, arg 0x3ffffffb1c0[m
[VM 1] [m[37m[  9.508846 0:26 starry_kernel::pseudofs::dev::card1:169] [32mcard1: is_driver_ioctl = true[m
[VM 1] [m[37m[  9.508857 0:26 starry_kernel::pseudofs::dev::card1:364] [32mrknpu_driver_ioctl: op = MemCreate[m
[VM 1] [m[37m[  9.508868 0:26 starry_kernel::pseudofs::dev::card1:431] [32mrknpu mem_create ioctl[m
[VM 1] [m[37m[  9.508878 0:26 starry_kernel::pseudofs::dev::card1:442] [33mrknpu mem_create ioctl[2]: flags=0x402 size=4505600 core_mask=0x1[m
[VM 1] [m[37m[  9.514688 0:26 starry_kernel::pseudofs::dev::card1:453] [33mrknpu mem_create ioctl[2] done: handle=3 flags=0x402 size=4505600 sram_size=4505600 obj_addr=0xffff00008e000000 dma_addr=0x8e000000 iommu_domain_id=0 core_mask=0x1 elapsed_us=5796[m
[VM 1] [m[37m[  9.514720 0:26 starry_kernel::pseudofs::dev::card1:166] [32mcard1: cmd 0xc008640a, nr 0xa, arg 0x3ffffffc4b0[m
[VM 1] [m[37m[  9.514733 0:26 starry_kernel::pseudofs::dev::card1:169] [32mcard1: is_driver_ioctl = false[m
[VM 1] [m[37m[  9.514886 0:26 starry_kernel::pseudofs::dev::card1:648] [32mdrm_gem_flink_ioctl called: DrmGemFlink {
[VM 1]     handle: 3,
[VM 1]     name: 0,
[VM 1] }[m
[VM 1] [m[37m[  9.514916 0:26 starry_kernel::pseudofs::dev::card1:166] [32mcard1: cmd 0xc00c642d, nr 0x2d, arg 0x3ffffffcaf0[m
[VM 1] [m[37m[  9.964370 0:26 starry_kernel::pseudofs::dev::card1:166] [32mcard1: cmd 0xc0086440, nr 0x40, arg 0x3ffffffbad0[m
[VM 1] [m[37m[  9.964397 0:26 starry_kernel::pseudofs::dev::card1:169] [32mcard1: is_driver_ioctl = true[m
[VM 1] [m[37m[  9.964409 0:26 starry_kernel::pseudofs::dev::card1:364] [32mrknpu_driver_ioctl: op = Action[m
[VM 1] [m[37m[  9.964421 0:26 starry_kernel::pseudofs::dev::card1:587] [32mrknpu action ioctl[m
[VM 1] [m[37m[  9.964432 0:26 starry_kernel::pseudofs::dev::card1:597] [32mrknpu action ioctl: flags = GetIommuEn, value = 0[m
[VM 1] [m[37m[  9.964456 0:26 starry_kernel::pseudofs::dev::card1:606] [33mrknpu action ioctl[9]: flags=GetIommuEn value_in=0 result=Ok(0) value_out=0[m
[VM 1] [m[37m[  9.964478 0:26 starry_kernel::pseudofs::dev::card1:166] [32mcard1: cmd 0xc0306442, nr 0x42, arg 0x3ffffff9850[m
[VM 1] [m[37m[  9.964490 0:26 starry_kernel::pseudofs::dev::card1:169] [32mcard1: is_driver_ioctl = true[m
[VM 1] [m[37m[  9.964500 0:26 starry_kernel::pseudofs::dev::card1:364] [32mrknpu_driver_ioctl: op = MemCreate[m
[VM 1] [m[37m[  9.964511 0:26 starry_kernel::pseudofs::dev::card1:431] [32mrknpu mem_create ioctl[m
[VM 1] [m[37m[  9.964522 0:26 starry_kernel::pseudofs::dev::card1:442] [33mrknpu mem_create ioctl[3]: flags=0x402 size=122880mask=0x1[m
[VM 1] [m[37m[  9.966071 0:26 starry_kernel::pseudofs::dev::card1:453] [33mrknpu mem_create ioctl[3] done: handle=4 flags=0x402 size=1228800 sram_size=1228800 obj_addr=0xffff00008ee00000 dma_addr=0x8ee00000 iommu_domain_id=0 core_mask=0x1 elapsed_us=1536[m
[VM 1] [m[37m[  9.966095 0:26 starry_kernel::pseudofs::dev::card1:166] [32mcard1: cmd 0xc008640a, nr 0xa, arg 0x3ffffffab40[m
[VM 1] [m[37m[  9.966107 0:26 starry_kernel::pseudofs::dev::card1:169] [32mcard1: is_driver_ioctl = false[m
[VM 1] [m[37m[  9.966118 0:26 starry_kernel::pseudofs::dev::card1:648] [32mdrm_gem_flink_ioctl called: DrmGemFlink {
[VM 1]     handle: 4,
[VM 1]     name: 0,
[VM 1] }[m
[VM 1] [m[37m[  9.966145 0:26 starry_kernel::pseudofs::dev::card1:166] [32mcard1: cmd 0xc00c642d, nr 0x2d, arg 0x3ffffffb180[m
[VM 1] [m[37m[ 10.169597 0:26 starry_kernel::pseudofs::dev::card1:166] [32mcard1: cmd 0xc0206445, nr 0x45, arg 0x3ffffffbfb0[VM 1] [m[37m[ 10.169619 0:26 starry_kernel::pseudofs::dev::card1:169] [32mcard1: is_driver_ioctl = true[m
[VM 1] [m[37m[ 10.169631 0:26 starry_kernel::pseudofs::dev::card1:364] [32mrknpu_driver_ioctl: op = MemSync[m
[VM 1] [m[37m[ 10.169642 0:26 starry_kernel::pseudofs::dev::card1:540] [33mrknpu mem_sync ioctl[15]: flags=0x1 obj_addr=0xffff00008dc00000 offset=3216704 size=901056[m
[VM 1] [m[37m[ 10.169655 0:26 starry_kernel::pseudofs::dev::card1:546] [32mrknpu mem_sync ioctl RknpuMemSync {
[VM 1]     flags: 0x1,
[VM 1]     reserved: 0x0,
[VM 1]     obj_addr: 0xffff00008dc00000,
[VM 1]     offset: 0x311540,
[VM 1]     size: 0xdbfc0,
[VM 1] }[m
[VM 1] [m[37m[ 10.169914 0:26 starry_kernel::pseudofs::dev::card1:553] [33mrknpu mem_sync ioctl[15] done: flags=0x1 offset=3216704 size=901056 elapsed_us=237[m
[VM 1] [m[37m[ 10.169954 0:26 starry_kernel::pseudofs::dev::card1:166] [32mcard1: cmd 0xc0206445, nr 0x45, arg 0x3ffffff9540[VM 1] [m[37m[ 10.169966 0:26 starry_kernel::pseudofs::dev::card1:169] [32mcard1: is_driver_ioctl = true[m
[VM 1] [m[37m[ 10.169977 0:26 starry_kernel::pseudofs::dev::card1:364] [32mrknpu_driver_ioctl: op = MemSync[m
[VM 1] [m[37m[ 10.169987 0:26 starry_kernel::pseudofs::dev::card1:540] [33mrknpu mem_sync ioctl[16]: flags=0x1 obj_addr=0xffff00008ee00000 offset=0 size=1228800[m
[VM 1] [m[37m[ 10.169999 0:26 starry_kernel::pseudofs::dev::card1:546] [32mrknpu mem_sync ioctl RknpuMemSync {
[VM 1]     flags: 0x1,
[VM 1]     reserved: 0x0,
[VM 1]     obj_addr: 0xffff00008ee00000,
[VM 1]     offset: 0x0,
[VM 1]     size: 0x12c000,
[VM 1] }[m
[VM 1] [m[37m[ 10.170134 0:26 starry_kernel::pseudofs::dev::card1:553] [33mrknpu mem_sync ioctl[16] done: flags=0x1 offset=0 size=1228800 elapsed_us=115[m
[VM 1] [m[37m[ 10.334204 0:26 starry_kernel::pseudofs::dev::card1:166] [32mcard1: cmd 0xc0206445, nr 0x45, arg 0x3ffffff8fe0[VM 1] [m[37m[ 10.334225 0:26 starry_kernel::pseudofs::dev::card1:169] [32mcard1: is_driver_ioctl = true[m
[VM 1] [m[37m[ 10.334236 0:26 starry_kernel::pseudofs::dev::card1:364] [32mrknpu_driver_ioctl: op = MemSync[m
[VM 1] [m[37m[ 10.334247 0:26 starry_kernel::pseudofs::dev::card1:540] [33mrknpu mem_sync ioctl[17]: flags=0x1 obj_addr=0xffff00008dc00000 offset=3216704 size=901056[m
[VM 1] [m[37m[ 10.334260 0:26 starry_kernel::pseudofs::dev::card1:546] [32mrknpu mem_sync ioctl RknpuMemSync {
[VM 1]     flags: 0x1,
[VM 1]     reserved: 0x0,
[VM 1]     obj_addr: 0xffff00008dc00000,
[VM 1]     offset: 0x311540,
[VM 1]     size: 0xdbfc0,
[VM 1] }[m
[VM 1] [m[37m[ 10.334365 0:26 starry_kernel::pseudofs::dev::card1:553] [33mrknpu mem_sync ioctl[17] done: flags=0x1 offset=3216704 size=901056 elapsed_us=84[m
[VM 1] [m[37m[ 10.334386 0:26 starry_kernel::pseudofs::dev::card1:166] [32mcard1: cmd 0xc0686441, nr 0x41, arg 0x3ffffff93c0[m
[VM 1] [m[37m[ 10.334398 0:26 starry_kernel::pseudofs::dev::card1:169] [32mcard1: is_driver_ioctl = true[m
[VM 1] [m[37m[ 10.334408 0:26 starry_kernel::pseudofs::dev::card1:364] [32mrknpu_driver_ioctl: op = Submit[m
[VM 1] [m[37m[ 10.334420 0:26 starry_kernel::pseudofs::dev::card1:375] [33mrknpu submit ioctl[0]: flags=0x1 timeout=6000 task_start=632 task_number=30 task_c core_mask=0x1 task_obj_addr=0xffff00008dae0000 task_base_addr=0=[RknpuSubcoreTask { task_start: 632, task_number: 30 }, RknpuSubcoreTask { task_start: 921, task_number: 0 }, RknpuSubcoreTask { task_start: 996, task_number: 0 }, RknpuSubcoreTask { task_start: 0, task_number: 0 }, RknpuSubcoreTask { task_start: 0, task_number: 0 }][m
[VM 1] [m[37m[ 10.334451 0:26 starry_kernel::pseudofs::dev::card1:390] [32mrknpu submit ioctl RknpuSubmit {
[VM 1]     flags: 0x1,
[VM 1]     timeout: 0x1770,
[VM 1]     task_start: 0x278,
[VM 1]     task_number: 0x1e,
[VM 1]     task_counter: 0x0,
[VM 1]     priority: 0x0,
[VM 1]     task_obj_addr: 0xffff00008dae0000,
[VM 1]     iommu_domain_id: 0x0,
[VM 1]     reserved: 0x0,
[VM[VM 1]     task_number: 0x9,
[VM 1]     task_counter: 0x0,
[VM 1]     priority: 0x0,
[VM 1]     task_obj_addr: 0xffff00008dae0000,
[VM 1]     iommu_domain_id: 0x0,
[VM 1]     reserved: 0x0,
[VM 1]     task_base_addr: 0x0,
[VM 1]     hw_elapse_time: 0x0,
[VM 1]     core_mask: 0x7,
[VM 1]     fence_fd: 0xffffffff,[VM 1]             task_start: 0x314,
[VM 1]             task_number: 0x3,
[VM 1]         },
[VM 1]         RknpuSubcoreTask {
[VM 1]             task_start: 0x3bc,
[VM 1]             task_number: 0x3,
[VM 1]         },
[VM 1]         RknpuSubcoreTask {
[VM 1]             task_start: 0x314,
[VM 1]             task_number: 0x3,
[VM 1]         },
[VM 1]         RknpuSubcoreTask {
[VM 1]             task_start: 0x3bc,
[VM 1]             task_number: 0x3,
[VM 1]         },
[VM 1]         RknpuSubcoreTask {
[VM 1]             task_start: 0x407,
[VM 1]             task_number: 0x3,
[VM 1]         },
[VM 1]     ],
[VM 1] }[m
[VM 1] [m[37m[ 10.470306 0:26 starry_kernel::pseudofs::dev::card1:166] [32mcard1: cmd 0xc0686441, nr 0x41, arg 0x3ffffff93c0[m
[VM 1] [m[37m[ 10.974684 0:26 starry_kernel::pseudofs::dev::card1:166] [32mcard1: cmd 0xc0206445, nr 0x45, arg 0x3ffffff9540[m
[VM 1] [m[37m[ 10.974717 0:26 starry_kernel::pseudofs::dev::card1:169] [32mcard1: is_driver_ioctl = true[m
[VM 1] [m[37m[ 10.974729 0:26 starry_kernel::pseudofs::dev::card1:364] [32mrknpu_driver_ioctl: op = MemSync[m
[VM 1] [m[37m[ 10.974742 0:26 starry_kernel::pseudofs::dev::card1:546] [32mrknpu mem_sync ioctl RknpuMemSync {
[VM 1]     flags: 0x1,
[VM 1]     reserved: 0x0,
[VM 1]     obj_addr: 0xffff00008ee00000,
[VM 1]     offset: 0x0,
[VM 1]     size: 0x12c000,
[VM 1] }[m
[VM 1] [m[37m[ 10.974963 0:26 starry_kernel::pseudofs::dev::card1:166] [32mcard1: cmd 0xc0206445, nr 0x45, arg 0x3ffffff8fe0[m
[VM 1] [m[37m[ 10.974977 0:26 starry_kernel::pseudofs::dev::card1:169] [32mcard1: is_driver_ioctl = true[m
[VM 1] [m[37m[ 10.974987 0:26 starry_kernel::pseudofs::dev::card1:364] [32mrknpu_driver_ioctl: op = MemSync[m
[VM 1] [m[37m[ 10.974998 0:26 starry_kernel::pseudofs::dev::card1:546] [32mrknpu mem_sync ioctl RknpuMemSync {
[VM 1]     flags: 0x1,
[VM 1]     reserved: 0x0,
[VM 1]     obj_addr: 0xffff00008dc00000,
[VM 1]     offset: 0x311540,
[VM 1]     size: 0xdbfc0,
[VM 1] }[m
[VM 1] [m[37m[ 10.975111 0:26 starry_kernel::pseudofs::dev::card1:166] [32mcard1: cmd 0xc0686441, nr 0x41, arg 0x3ffffff93c0[m
[VM 1] [m[37m[ 10.975124 0:26 starry_kernel::pseudofs::dev::card1:169] [32mcard1: is_driver_ioctl = true[m
[VM 1] [m[37m[ 10.975134 0:26 starry_kernel::pseudofs::dev::card1:364] [32mrknpu_driver_ioctl: op = Submit[m
[VM 1] [m[37m[ 10.975146 0:26 starry_kernel::pseudofs::dev::card1:390] [32mrknpu submit ioctl RknpuSubmit {
[VM 1]     flags: 0x1,
[VM 1]     timeout: 0x1770,
[VM 1]     task_start: 0x278,
[VM 1]     task_number: 0x1e,
[VM 1]     task_counter: 0x0,
[VM 1]     priority: 0x0,
[VM 1]     task_obj_addr: 0xffff00008dae0000,
[VM 1]     iommu_domain_id: 0x0,
[VM 1]     reserved: 0x0,
[VM 1]     task_base_addr: 0x0,
[VM 1]     hw_elapse_time: 0x0,
[VM 1]     core_mask: 0x1,
[VM 1]     fence_fd: 0xffffffff,
[VM 1]     subcore_task: [
[VM 1]         RknpuSubcoreTask {
[VM 1]             task_start: 0x278,
[VM 1]             task_number: 0x1e,
[VM 1]         },
[VM 1]         RknpuSubcoreTask {
[VM 1]             task_start: 0x399,
[VM 1]             task_number: 0x0,
[VM 1]         },
[VM 1]         RknpuSubcoreTask {
[VM 1]             task_start: 0x3e4,
[VM 1]             task_number: 0x0,
[VM 1]         },
[VM 1]         RknpuSubcoreTask {
[VM 1]             task_start: 0x0,
[VM 1]             task_number: 0x0,
[VM 1]         },
[VM 1]         RknpuSubcoreTask {
[VM 1]             task_start: 0x0,
[VM 1]             task_number: 0x0,
[VM 1]         },
[VM 1]     ],
[VM 1] }[m
[VM 1] [m[37m[ 10.988578 0:26 starry_kernel::pseudofs::dev::card1:166] [32mcard1: cmd 0xc0686441, nr 0x41, arg 0x3ffffff93c0[VM 1] [m[37m[ 11.060608 0:26 starry_kernel::pseudofs::dev::card1:166] [32mcard1: cmd 0xc0686441, nr 0x41, arg 0x3ffffff93c0[VM 1] [m[37m[ 11.060625 0:26 starry_kernel::pseudofs::dev::card1:169] [32mcard1: is_driver_ioctl = true[m
[VM 1] [m[37m[ 11.060636 0:26 starry_kernel::pseudofs::dev::card1:364] [32mrknpu_driver_ioctl: op = Submit[m
[VM 1] [m[37m[ 11.060647 0:26 starry_kernel::pseudofs::dev::card1:390] [32mrknpu submit ioctl RknpuSubmit {
[VM 1]     flags: 0x5,
[VM 1]     timeout: 0x1770,
[VM 1]     task_start: 0x31d,
[VM 1]     task_number: 0x6,
[VM 1]     task_counter: 0x0,
[VM 1]     priority: 0x0,
[VM 1]     task_obj_addr: 0xffff00008dae0000,
[VM 1]     iommu_domain_id: 0x0,
[VM 1]     reserved: 0x0,
[VM 1]     task_base_addr: 0x0,
[VM 1]     hw_elapse_time: 0x0,
[VM 1]     core_mask: 0x7,
[VM 1]     fence_fd: 0xffffffff,
[VM 1]     subcore_task: [
[VM 1]         RknpuSubcoreTask {
[VM 1]             task_start: 0x2ed,
[VM 1]             [37m[ 11.489827 0:26 starry_kernel::pseudofs::dev::card1:166] [32mcard1: cmd 0xc0206445, nr 0x45, arg 0x3ffffff9540[m
[VM 1] [m[37m[ 11.489856 0:26 starry_kernel::pseudofs::dev::card1:169] [32mcard1: is_driver_ioctl = true[m
[VM 1] [m[37m[ 11.489868 0:26 starry_kernel::pseudofs::dev::card1:364] [32mrknpu_driver_ioctl: op = MemSync[m
[VM 1] [m[37m[ 11.489882 0:26 starry_kernel::pseudofs::dev::card1:546] [32mrknpu mem_sync ioctl RknpuMemSync {
[VM 1]     flags: 0x1,
[VM 1]     reserved: 0x0,
[VM 1]     obj_addr: 0xffff00008ee00000,
[VM 1]     offset: 0x0,
[VM 1]     size: 0x12c000,
[VM 1] }[m
[VM 1] [m[37m[ 11.490101 0:26 starry_kernel::pseudofs::dev::card1:166] [32mcard1: cmd 0xc0206445, nr 0x45, arg 0x3ffffff8fe0[m
[VM 1] [m[37m[ 11.490115 0:26 starry_kernel::pseudofs::dev::card1:169] [32mcard1: is_driver_ioctl = true[m
[VM 1] [m[37m[ 11.490125 0:26 starry_kernel::pseudofs::dev::card1:364] [32mrknpu_driver_ioctl: op = MemSync[m
[VM 1] [m[37m[ 11.490136 0:26 starry_kernel::pseudofs::dev::card1:546] [32mrknpu mem_sync ioctl RknpuMemSync {
[VM 1]     flags: 0x1,
[VM 1]     reserved: 0x0,
[VM 1]     obj_addr: 0xffff00008dc00000,
[VM 1]     offset: 0x311540,
[VM 1]     size: 0xdbfc0,
[VM 1] }[m
[VM 1] [m[37m[ 11.490250 0:26 starry_kernel::pseudofs::dev::card1:166] [32mcard1: cmd 0xc0686441, nr 0x41, arg 0x3ffffff93c0[VM 1] [m[37m[ 11.490262 0:26 starry_kernel::pseudofs::dev::card1:169] [32mcard1: is_driver_ioctl = true[m
[VM 1] [m[37m[ 11.490273 0:26 starry_kernel::pseudofs::dev::card1:364] [32mrknpu_driver_ioctl: op = Submit[m
[VM 1] [m[37m[ 11.490284 0:26 starry_kernel::pseudofs::dev::card1:390] [32mrknpu submit ioctl RknpuSubmit {
[VM 1]     flags[VM 1]     timeout: 0x1770,
[VM 1]     task_start: 0x278,
[VM 1]     task_number: 0x1e,
[VM 1]     task_counter: 0x0,
[VM 1]     priority: 0x0,
[VM 1]     task_obj_addr: 0xffff00008dae0000,
[VM 1]     iommu_domain_id: 0x0,
[VM 1]     reserved: 0x0,
[VM 1]     task_base_addr: 0x0,
[VM 1]     hw_elapse_time: 0x0,
[VM 1]     core_mask: 0x1,
[VM 1]     fence_fd: 0xffffffff,
[VM 1]     subcore_task: [
[VM 1]         RknpuSubcoreTask {
[VM 1]             task_start: 0x278,
[VM 1]             task_number: 0x1e,
[VM 1]         },
[VM 1]         RknpuSubcoreTask {
[VM 1]             task_start: 0x399,
[VM 1]             task_number: 0x0,
[VM 1]         },
[VM 1]         RknpuSubcoreTask {
[VM 1]             task_start: 0x3e4,
[VM 1]             task_number: 0x0,
[VM 1]         },
[VM 1]         RknpuSubcoreTask {
[VM 1]             task_start: 0x0,
[VM 1]             task_number: [VM 1]         },
[VM 1]         RknpuSubcoreTask {
[VM 1]             task_start: 0x0,
[VM 1]             task_number: 0x0,
[VM 1]         },
[VM 1]     ],
[VM 1] }[m
[VM 1] [m[37m[ 11.503715 0:26 starry_kernel::pseudofs::dev::card1:166] [32mcard1: cmd 0xc0686441, nr 0x41, arg 0x3ffffff93c0[VM 1] [m[37m[ 11.508952 0:26 starry_kernel::pseudofs::dev::card1:390] [32mrknpu submit ioctl RknpuSubmit {
[VM 1]     flags: 0x5,
[VM 1]     timeout: 0x1770,
[VM 1]     task_start: 0x2a4,
[VM 1]     task_number: 0xc,
[VM 1]     task_counter: 0x0,
[VM 1]     priority: 0x0,
[VM 1]     task_obj_addr: 0xffff00008dae0000,
[VM 1]     iommu_domain_id: 0x0,
[VM 1]     reserved: 0x0,
[VM 1]     task_base_addr: 0x0,
[VM 1]     hw_elapse_time: 0x0,
[VM 1]     core_mask: 0x7,
[VM 1]     fence_fd: 0xffffffff,
[VM 1]     subcore_task: [
[VM 1]         RknpuSubcoreTask {
[VM 1]             task_start: 0x2a0,
[VM 1]             task_number: 0x4,
[VM 1]         },
[VM 1]         RknpuSubcoreTask {
[VM 1]             task_start: 0x39b,
[VM 1]             task_number: 0x4,
[VM 1]         },
[VM 1]         RknpuSubcoreTask {
[VM 1]             task_start: 0x2a0,
[VM 1]             task_number: 0x4,
[VM 1]         },
[VM 1]         RknpuSubcoreTask {
[VM 1]             task_start: 0x39b,
[VM 1]             task_number: 0x4,
[VM 1]         },
[VM 1]         RknpuSubcoreTask {
[VM 1]             task_start: 0x3e6,
[VM 1]             task_number: 0x4,
[VM 1]         },
[VM 1]     ],
[VM 1] }[m
[VM 1] [m[37m[ 11.560959 0:26 starry_kernel::pseudofs::dev::card1:166] [32mcard1: cmd 0xc0686441, nr 0x41, arg 0x3ffffff93c0[m
[VM 1] [m[37m[ 11.864908 0:26 starry_kernel::pseudofs::dev::card1:166] [32mcard1: cmd 0xc0086440, nr 0x40, arg 0x3ffffffe4b0[m
[VM 1] [m[37m[ 11.864926 0:26 starry_kernel::pseudofs::dev::card1:169] [32mcard1: is_driver_ioctl = true[m
[VM 1] [m[37m[ 11.864938 0:26 starry_kernel::pseudofs::dev::card1:364] [32mrknpu_driver_ioctl: op = Action[m
[VM 1] [m[37m[ 11.864949 0:26 starry_kernel::pseudofs::dev::card1:587] [32mrknpu action ioctl[m
[VM 1] [m[37m[ 11.864960 0:26 starry_kernel::pseudofs::dev::card1:597] [32mrknpu action ioctl: flags = PowerOff, value = 0[m
[VM 1] [m[37m[ 11.864980 0:26 rockchip_npu:286] [33mPowerOff operation not yet implemented[m
[VM 1] [m[37m[ 11.958335 0:26 starry_kernel::pseudofs::dev::card1:166] [32mcard1: cmd 0xc0106444, nr 0x44, arg 0x3ffffffe470[m
[VM 1] [m[37m[ 11.958357 0:26 starry_kernel::pseudofs::dev::card1:169] [32mcard1: is_driver_ioctl = true[m
[VM 1] [m[37m[ 11.958368 0:26 starry_kernel::pseudofs::dev::card1:364] [32mrknpu_driver_ioctl: op = MemDestroy[m
[VM 1] [m[37m[ 11.958379 0:26 starry_kernel::pseudofs::dev::card1:528] [32mrknpu mem_destroy ioctl: handle=3[m
[VM 1] [m[37m[ 11.961543 0:26 starry_kernel::pseudofs::dev::card1:166] [32mcard1: cmd 0xc0106444, nr 0x44, arg 0x3ffffffe410[m
[VM 1] [m[37m[ 11.961559 0:26 starry_kernel::pseudofs::dev::card1:169] [32mcard1: is_driver_ioctl = true[m
[VM 1] [m[37m[ 11.961569 0:26 starry_kernel::pseudofs::dev::card1:364] [32mrknpu_driver_ioctl: op = MemDestroy[m
[VM 1] [m[37m[ 11.961580 0:26 starry_kernel::pseudofs::dev::card1:528] [32mrknpu mem_destroy ioctl: handle=2[m
[VM 1] [m[37m[ 11.961698 0:26 starry_kernel::pseudofs::dev::card1:166] [32mcard1: cmd 0xc0106444, nr 0x44, arg 0x3ffffffe3d0[m
[VM 1] [m[37m[ 11.961712 0:26 starry_kernel::pseudofs::dev::card1:169] [32mcard1: is_driver_ioctl = true[m
[VM 1] [m[37m[ 11.961722 0:26 starry_kernel::pseudofs::dev::card1:364] [32mrknpu_driver_ioctl: op = MemDestroy[m
[VM 1] [m[37m[ 11.961733 0:26 starry_kernel::pseudofs::dev::card1:528] [32mrknpu mem_destroy ioctl: handle=1[m
[VM 1] [m[37m[ 12.061999 0:26 starry_kernel::pseudofs::dev::card1:166] [32mcard1: cmd 0xc0106444, nr 0x44, arg 0x3ffffffe400[m
[VM 1] [m[37m[ 12.062016 0:26 starry_kernel::pseudofs::dev::card1:169] [32mcard1: is_driver_ioctl = true[m
[VM 1] [m[37m[ 12.062027 0:26 starry_kernel::pseudofs::dev::card1:364] [32mrknpu_driver_ioctl: op = MemDestroy[m
[VM 1] [m[37m[ 12.062038 0:26 starry_kernel::pseudofs::dev::card1:528] [32mrknpu mem_destroy ioctl: handle=4[m
[VM 1] [m[37m[ 12.062617 0:26 starry_kernel::pseudofs::dev::card1:166] [32mcard1: cmd 0xc0106444, nr 0x44, arg 0x3ffffffe400[m
[VM 1] [m[37m[ 12.062631 0:26 starry_kernel::pseudofs::dev::card1:169] [32mcard1: is_driver_ioctl = true[m
[VM 1] [m[37m[ 12.062642 0:26 starry_kernel::pseudofs::dev::card1:364] [32mrknpu_driver_ioctl: op = MemDestroy[m
[VM 1] [m[37m[ 12.062652 0:26 starry_kernel::pseudofs::dev::card1:528] [32mrknpu mem_destroy ioctl: handle=5[m
[VM 1] [m[37m[ 12.063223 0:26 starry_kernel::pseudofs::dev::card1:166] [32mcard1: cmd 0xc0106444, nr 0x44, arg 0x3ffffffe400[m
[VM 1] [m[37m[ 12.063237 0:26 starry_kernel::pseudofs::dev::card1:169] [32mcard1: is_driver_ioctl = true[m
[VM 1] [m[37m[ 12.063247 0:26 starry_kernel::pseudofs::dev::card1:364] [32mrknpu_driver_ioctl: op = MemDestroy[m
[VM 1] [m[37m[ 12.063258 0:26 starry_kernel::pseudofs::dev::card1:528] [32mrknpu mem_destroy ioctl: handle=6[m
[VM 1] [m[37m[ 12.063539 0:26 starry_kernel::pseudofs::dev::card1:166] [32mcard1: cmd 0xc0106444, nr 0x44, arg 0x3ffffffe400[m
[VM 1] [m[37m[ 12.063552 0:26 starry_kernel::pseudofs::dev::card1:169] [32mcard1: is_driver_ioctl = true[m
[VM 1] [m[37m[ 12.341518 0:26 starry_kernel::task::ops:348] [32mTask(26, "rknn_yolov8_bench") exit with code: 0[m
[VM 1] [m[37m[ 12.380559 0:26 starry_kernel::task::signal:647] [32mSend signal SIGCHLD to process 2[m
[VM 1] [m[37m[ 12.389976 0:17 starry_kernel::syscall::task::wait:360] [32msys_waitpid <= pid: -1, options: WaitPidOptions(0x0)[m
[VM 1] [m[37m[ 12.390098 0:17 starry_kernel::syscall::task::wait:360] [32msys_waitpid <= pid: -1, options: WaitPidOptions(WNOm
[VM 1] [m[37m[ 12.416243 0:27 starry_kernel::task::user:71] [32mEnter user space: ip=0x48653c, sp=0x3fffffff090[m
[VM 1] [m[37m[ 12.442592 0:27 starry_kernel::task::ops:348] [32mTask(27, "busybox") exit with code: 0[m
[VM 1] [m[37m[ 12.454590 0:27 starry_kernel::task::signal:647] [32mSend signal SIGCHLD to process 2[m
[VM 1] [m[37m[ 12.454783 0:17 starry_kernel::syscall::task::wait:360] [32msys_waitpid <= pid: -1, options: WaitPidOptions(0x0)[m
[VM 1] [m[37m[ 12.454881 0:17 starry_kernel::syscall::task::wait:360] [32msys_waitpid <= pid: -1, options: WaitPidOptions(WNOHANG)[m
[VM 1] [m[37m[ 12.457045 0:17 starry_kernel::syscall::task::wait:360] [32msys_waitpid <= pid: -1, options: WaitPidOptions(0x0
[VM 1] [m[37m[ 12.502175 0:28 starry_kernel::task::user:71] [32mEnter user space: ip=0x48653c, sp=0x3fffffff2c0[m
[VM 1] [m[37m[ 12.509908 0:28 starry_kernel::task::ops:348] [32mTask(28, "busybox") exit with code: 0[m
[VM 1] [m[37m[ 12.531536 0:28 starry_kernel::task::signal:647] [32mSend signal SIGCHLD to process 2[m
[VM 1] [m[37m[ 12.541172 0:17 starry_kernel::syscall::task::wait:360] [32msys_waitpid <= pid: -1, options: WaitPidOptions(0x0[VM 1] [m[37m[ 12.541270 0:17 starry_kernel::syscall::task::wait:360] [32msys_waitpid <= pid: -1, options: WaitPidOptions(WNOHANG)[m
[VM 1] [m[37m[ 12.543484 0:17 starry_kernel::syscall::task::wait:360] [32msys_waitpid <= pid: -1, options: WaitPidOptions(0x0)[m
[VM 1] [m[37m[ 12.578411 0:29 starry_kernel::task::user:71] [32mEnter user space: ip=0x48653c, sp=0x3fffffff460[m
[VM 1] [mVISION_DECISION_RECORD version=1 frame_id=1 captured_at_us=9793588 inference_finished_at_us=9879340 ttl_us=5000000 requested_action=right safe_action=hold detection_present=1 class_id=32 confidence_q10000=7081 region_id=2 left=479 top=706 right=773 bottom=1010
[VM 1] VISION_DECISION_RECORD version=1 frame_id=2 captured_at_us=10808151 inference_finished_at_us=10896340 ttl_us=5000000 requested_action=left safe_action=hold detection_present=1 class_id=32 confidence_q10000=8591 region_id=1 left=517 top=932 right=730 bottom=1151
[VM 1] VISION_DECISION_RECORD version=1 frame_id=3 captured_at_us=11097600 inference_finished_at_us=11410898 ttl_us=5000000 requested_action=hold safe_action=hold detection_present=0 class_id=65535 confidence_q10000=0 region_id=0 left=0 top=0 right=0 bottom=0
[VM 1] [37m[ 12.597124 0:29 starry_kernel::task::ops:348] [32mTask(29, "busybox") exit with code: 0[m
[VM 1] [m[37m[ 12.644704 0:29 starry_kernel::task::signal:647] [32mSend signal SIGCHLD to process 2[m
[VM 1] [m[37m[ 12.690001 0:17 starry_kernel::syscall::task::wait:360] [32msys_waitpid <= pid: -1, options: WaitPidOptions(0x0)[m
[VM 1] [m[37m[ 12.690100 0:17 starry_kernel::syscall::task::wait:360] [32msys_waitpid <= pid: -1, options: WaitPidOptions(WNOHANG)[m
[VM 1] [m[37m[ 12.692133 0:17 starry_kernel::syscall::task::wait:360] [32msys_waitpid <= pid: -1, options: WaitPidOptions(0x0)[m
[VM 1] [m[37m[ 12.726838 0:30 starry_kernel::task::user:71] [32mEnter user space: ip=0x48653c, sp=0x3fffffff460[m
[VM 1] [mUVC_RKNN_VALIDATE_PASS images=3
[VM 1] [37m[ 12.734625 0:30 starry_kernel::task::ops:348] [32mTask(30, "busybox") exit with code: 0[m
[VM 1] [m[37m[ 12.758952 0:30 starry_kernel::task::signal:647] [32mSend signal SIGCHLD to process 2[m
[VM 1] [m[37m[ 12.768016 0:17 starry_kernel::syscall::task::wait:360] [32msys_waitpid <= pid: -1, options: WaitPidOptions(0x0)[m
[VM 1] [m[37m[ 12.768106 0:17 starry_kernel::syscall::task::wait:360] [32msys_waitpid <= pid: -1, options: WaitPidOptions(WNOHANG)[m
[VM 1] [m[37m[ 12.812006 0:17 starry_kernel::syscall::task::wait:360] [32msys_waitpid <= pid: -1, options: WaitPidOptions(0x0)[m
[VM 1] [m[37m[ 12.812115 0:31 starry_kernel::task::user:71] [32mEnter user space: ip=0x48653c, sp=0x3fffffff120[m
[VM 1] [m[37m[ 12.857254 0:31 ax_net::udp:287] [32mUDP socket #0: bound on *:49152[m
[VM 1] [m[37m[ 12.866186 0:8 ax_net::device::ethernet:410] [32meth0: requesting ARP for 10.0.0.2[m
[VM 1] [m[37m[ 12.876124 0:7 ax_net::device::ethernet:490] [32meth0: ARP 10.0.0.2 -> 52-54-00-00-00-02[m
[VM 2] IVC-RTOS-READY bind=10.0.0.2:5500 mac=52:54:00:00:00:02 window_bits=64 ack_loss_drop_every=0 expected_commands=0 expected[VM 1] [m[37m[ 12.876161 0:7 ax_net::device::ethernet:565] [32meth0: sending pending IPv4 packet to 10.0.0.2 via 52-54-00-00-00-02[m
[VM 2] IVC-RTOS-READY bind=10.0.0.2:5500 mac=52:54:00:00:00:02 window_bits=64 ack_loss_drop_every=0 expected_commands=0 expectedted=1
[VM 2] IVC-RTOS-VISION frame=1 seq=1 requested=right actual=right state=applied age_at_send_us=2978666 local_apply_us=0
[VM 2] IVC-RTOS-VISION frame=2 seq=2 requested=left actual=left state=applied age_at_send_us=2103405 local_apply_us=0
[VM 2] IVC-RTOS-VISION frame=3 seq=3 requested=hold actual=hold state=applied age_at_send_us=1600607 local_apply_us=0
[VM 2] IVC-RTOS-VISION-RESULT accepted=3 applied=3 duplicates=0 actuator_status_sent=3 acks_sent=3 errors_sent=0 protocol_errors=0
[VM 1] [m[37m[ 13.023823 0:31 starry_kernel::task::ops:348] [32mTask(31, "ivc-vision-controller") exit with code: 0[m
[VM 1] [m[37m[ 13.039472 0:31 starry_kernel::task::signal:647] [32mSend signal SIGCHLD to process 2[m
[VM 1] [m[37m[ 13.048656 0:17 starry_kernel::syscall::task::wait:360] [32msys_waitpid <= pid: -1, options: WaitPidOptions(0x0)[m
[VM 1] [m[37m[ 13.048751 0:17 starry_kernel::syscall::task::wait:360] [32msys_waitpid <= pid: -1, options: WaitPidOptions(WNOHANG)[m
[VM 1] [m[37m[ 13.051268 0:17 starry_kernel::syscall::task::wait:360] [32msys_waitpid <= pid: -1, options: WaitPidOptions(0x0)[m
[VM 1] [m[37m[ 13.087382 0:32 starry_kernel::task::user:71] [32mEnter user space: ip=0x48653c, sp=0x3fffffff460[m
[VM 1] [mVISION_CLOSED_LOOP_BEGIN peer=10.0.0.2:5500 frames=3 session_id=1447646030
[VM 1] VISION_CLOSED_LOOP_EVENT frame=1 detection=1 class_id=32 confidence_q10000=7081 bbox=479,706,773,1010 requested=right actual=right state=applied inference_to_send_us=2978666 transport_us=141616 end_to_end_us=3206034 retries=0
[VM 1] VISION_CLOSED_LOOP_EVENT frame=2 detection=1 class_id=32 confidence_q10000=8591 bbox=517,932,730,1151 requested=left actual=left state=applied inference_to_send_us=2103405 transport_us=11641 end_to_end_us=2203235 retries=0
[VM 1] VISION_CLOSED_LOOP_EVENT frame=3 detection=0 class_id=65535 confidence_q10000=0 bbox=0,0,0,0 requested=hold actual=hold state=applied inference_to_send_us=1600607 transport_us=11737 end_to_end_us=1925642 retries=0
[VM 1] VISION_CLOSED_LOOP_DONE frames=3 applied=3 errors=0
[VM 1] [37m[ 13.105068 0:32 starry_kernel::task::ops:348] [32mTask(32, "busybox") exit with code: 0[m
[VM 1] [m[37m[ 13.152279 0:32 starry_kernel::task::signal:647] [32mSend signal SIGCHLD to process 2[m
[VM 1] [m[37m[ 13.197711 0:17 starry_kernel::syscall::task::wait:360] [32msys_waitpid <= pid: -1, options: WaitPidOptions(0x0)[m
[VM 1] [m[37m[ 13.197811 0:17 starry_kernel::syscall::task::wait:360] [32msys_waitpid <= pid: -1, options: WaitPidOptions(WNO[VM 1] [m[37m[ 13.200027 0:17 starry_kernel::syscall::task::wait:360] [32msys_waitpid <= pid: -1, options: WaitPidOptions(0x0)[m
[VM 1] [m[37m[ 13.234851 0:33 starry_kernel::task::user:71] [32mEnter user space: ip=0x48653c, sp=0x3fffffff2c0[m
[VM 1] [m[37m[ 13.242577 0:33 starry_kernel::task::ops:348] [32mTask(33, "busybox") exit with code: 0[m
[VM 1] [m[37m[ 13.263861 0:33 starry_kernel::task::signal:647] [32mSend signal SIGCHLD to process 2[m
[VM 1] [m[37m[ 13.272928 0:17 starry_kernel::syscall::task::wait:360] [32msys_waitpid <= pid: -1, options: WaitPidOptions(0x0)[m
[VM 1] [m[37m[ 13.273019 0:17 starry_kernel::syscall::task::wait:360] [32msys_waitpid <= pid: -1, options: WaitPidOptions(WNOHANG)[m
[VM 1] [m[37m[ 13.298771 0:34 starry_kernel::task::user:71] [32mEnter user space: ip=0x48653c, sp=0x3fffffff090[m
[VM 1] [m[37m[ 13.306043 0:34 starry_kernel::task::ops:348] [32mTask(34, "busybox") exit with code: 0[m
[VM 1] [m[37m[ 13.327216 0:34 starry_kernel::task::signal:647] [32mSend signal SIGCHLD to process 2[m
[VM 1] [m[37m[ 13.327396 0:17 starry_kernel::syscall::task::wait:360] [32msys_waitpid <= pid: -1, options: WaitPidOptions(0x0)[m
[VM 1] [m[37m[ 13.327479 0:17 starry_kernel::syscall::task::wait:360] [32msys_waitpid <= pid: -1, options: WaitPidOptions(WNOHANG)[m
[VM 1] [m[37m[ 13.362441 0:35 starry_kernel::task::user:71] [32mEnter user space: ip=0x48653c, sp=0x3fffffff090[m
[VM 1] [m[37m[ 13.369520 0:35 starry_kernel::task::ops:348] [32mTask(35, "busybox") exit with code: 0[m
[VM 1] [m[37m[ 13.390719 0:35 starry_kernel::task::signal:647] [32mSend signal SIGCHLD to process 2[m
[VM 1] [m[37m[ 13.390918 0:17 starry_kernel::syscall::task::wait:360] [32msys_waitpid <= pid: -1, options: WaitPidOptions(0x0)[m
[VM 1] [m[37m[ 13.391002 0:17 starry_kernel::syscall::task::wait:360] [32msys_waitpid <= pid: -1, options: WaitPidOptions(WNOHANG)[m
[VM 1] [mIVC-STARRY-VISION-EVIDENCE runner_sha256=21e02e95ae37cd05ec59348e4931a26c812cd36633beeb16191742a526cd1a0e controller_sha256=9768da4a378e6aa2584f62b173111511852b351aee9e28efee89347b71c5e7c7
[VM 1] [37m[ 13.393197 0:17 starry_kernel::syscall::task::wait:360] [32msys_waitpid <= pid: -1, options: WaitPidOptions(0x0)[m
[VM 1] [m[37m[ 13.445510 0:36 starry_kernel::task::user:71] [32mEnter user space: ip=0x48653c, sp=0x3fffffff2c0[m
[VM 1] [m[37m[ 13.485641 0:36 starry_kernel::task::ops:348] [32mTask(36, "busybox") exit with code: 0[m
[VM 1] [m[37m[ 13.496886 0:36 starry_kernel::task::signal:647] [32mSend signal SIGCHLD to process 2[m
[VM 1] [m[37m[ 13.506279 0:17 starry_kernel::syscall::task::wait:360] [32msys_waitpid <= pid: -1, options: WaitPidOptions(0x0)[m
[VM 1] [m[37m[ 13.506370 0:17 starry_kernel::syscall::task::wait:360] [32msys_waitpid <= pid: -1, options: WaitPidOptions(WNOHANG)[m
[VM 1] [mIVC-STARRY-VISION-DONE exit=0
[VM 1] [37m[ 13.508683 0:17 starry_kernel::syscall::task::wait:360] [32msys_waitpid <= pid: -1, options: WaitPidOptions(0x0)[m
[VM 1] [m[37m[ 13.546694 0:37 starry_kernel::task::user:71] [32mEnter user space: ip=0x48653c, sp=0x3fffffff460[m
[VM 1] [m[37m[ 13.574741 0:37 rsext4::ext4::sync:13] [32mSyncing filesystem...[m
[37m[111.729575 1:22 axvm::runtime::hvc:352] [33mVM[1] PSCI_SYSTEM_OFF[m
[m[37m[111.730180 1:22 axvm::vm:1416] [32mStopping VM[1]: SystemDown[m
[m
[[3A7mx[11v1.7i307s64o 1:r22 a] VM[1] xvm::stopruntpedime:; re:vcturnpus:ing 625]to t [33he mmVM[ana1] gemVCpu[0] sent toppishelng ble
cWelcausome e ofto A VM xstoVisoppir Shng[ell!
Tmy
[m[p3e 7m[1'he11.73lp' 077to s0 2:ee a27 avxvm:aila:runble timecomma::vcnds
Upse Uus:6P/DO25]WNtcu7m[1ts:
11  Ct.732r23l+X, 4 urn timto the e::vcAxvpus:isor645] she [ll32mVM
[1]   CVCputr[0l+X] ex, thitingen [ ... at[m
[mt[3ach t7m[1he 11.7prev3375ch ltheast vCPU ne tasxt rk eunninxitig gng, uest
dec
reasin[2g ruKaxvnninisor:/$ g VM count[m
[m[37m[111.736631 2:19 axvm::arch::aarch64::vtimer::state:225] [33mfailed to wake VM[1] vCPU 1 for architectural timer: InvalidState { operation: "axvm::runtime::vcpus", detail: "VM[1] is not accepting interrupts" }[m
[m[37m[111.738332 2:27 axvm::runtime::vcpus:347] [32mVM[1] state changed to Stopped[m
[m[37m[111.739011 2:27 axvm::runtime::vcpus:645] [32mVM[1] VCpu[1] exiting...[m
[m[37m[113.914434 0:24 axvm::runtime::hvc:352] [33mVM[2] PSCI_SYSTEM_OFF[m
[m[37m[113.915035 0:24 axvm::vm:1416] [32mStoppi[2]: SystemDown[m
[m[37m[113.915611 0:24 axvm::runtime::vcpu[33mVM[2] VCpu[0] stopping because of VM stopping[m
[m[37m[113.916411 0:24 axvm::runtime::vcpus:337] [32mVM[2] last vCPU task exiting, decreasing running VM count[m
[m[37m[113.917319 0:24 axvm::runtime::vcpus:347] [32mVM[2] state changed to Stopped[m
[m[37m[113.917997 0:24 axvm::runtime::vcpus:645] [32mVM[2] VCpu[0] exiting...[m
[mAXVISOR_SHELL_READY
AXVISOR_SHELL_READY
AXVISOR_SHELL_READY
AXVISOR_SHELL_READY
AXVISOR_SHELL_READY
[2Kaxvisor:/$ s[2Kaxvisor:/$ ss[2Kaxvisor:/$ ss [2Kaxvisor:/$ ss 1[2Kaxvisor:/$ ss 1 [2Kaxvisor:/$ ss 1 0[2Kaxviso:/$ ss 1 0 /ho[2Kaxvisor:/$ ss/$ ss 1 0 /home/or[2Kaxvisor:/me/ora[2Kaxvisor:/$ ss 1 0 /home/oran[2Kaxvisor:/$ ss 1 0 /home/orang[2Kaxvisor:/$ ss 1 0 /home/orange[2Kaxvisor:/$ ss 1 0 /home/orangep[2Kaxvisor:/$ ss 1 0 /home/orangepi[2Kaxvisor:/$ ss 1 0 /home/orangepi/[2Kaxvisor:/$ ss 1 0 /home/orangepi/i[2Kaxvisor:/$ ss 1 0 /home/orangepi/iv[2Kaxvisor:/$ ss 1 0 /home/orangepi/ivc[2Kaxvisor:/$ ss 1 0 /home/orangepi/ivc-[2Kaxvisor:/$ ss 1 0 /home/orangepi/ivc-v[2Kaxvisor:/$ ss 1 0 /home/orangepi/ivc-vi[2Kaxvisor:/$ ss 1 0 /home/orangepi/ivc-vis[2Kaxvisor:/$ ss 1 0 /home/orangepi/ivc-visi[2Kaxvisor:/$ ss 1 0 /home/orangepi/ivc-visio[2Kaxvisor:/$ ss 1 0 /home/orangepi/ivc-vision[2Kaxvisor:/$ ss 1 0 /home/orangepi/ivc-vision-[2Kaxvisor:/$ ss 1 0 /home/orangepi/ivc-vision-r[2Kaxvisor:/$ ss 1 0 /home/orangepi/ivc-vision-re[2Kaxvisor:/$ ss 1 0 /home/orangepi/ivc-vision-res[2Kaxvisor:/$ ss 1 0 /home/orangepi/ivc-vision-resu[2Kaxvisor:/$ ss 1 0 /home/orangepi/ivc-vision-resul[2Kaxvisor:/$ ss 1 0 /home/orangepi/ivc-vision-result[2Kaxvisor:/$ ss 1 0 /home/orangepi/ivc-vision-result.[2Kaxvisor:/$ ss 1 0 /home/orangepi/ivc-vision-result.i[2Kaxvisor:/$ ss 1 0 /home/orangepi/ivc-vision-result.im[2Kaxvisor:/$ ss 1 0 /home/orangepi/ivc-vision-result.img
AXVISOR_VM_BLOCK_SNAPSHOT_STARTED vm=1 index=0 path=/home/orangepi/ivc-vision-result.img
[37m[118.984889 3:2 ax_posix_api::imp::fs:260] [32msys_open => Err(Vfs(Io))[m
[mAXVISOR_VM_BLOCK_SNAPSHOT_FAILED: persist block snapshot to `/home/orangepi/ivc-vision-result.img`: I/O error (os error 5)
axvisor:/$ ssh: connect to host 192.168.31.33 port 22: Connection timed out

axvisor:/$ [2Kaxvisor:/$ h[2Kaxvisor:/$ he[2Kaxvisor:/$ hel[2Kaxvisor:/$ help
ArceOS Shell - Available Commands:

  cat             Display file contents
  cd              Change directory
  cp              Copy files
  echo            Display text
  exit            Exit the shell
  log             Change log level
  ls              List directory contents
  mkdir           Create directories
  mv              Move/rename files
  pwd             Print working directoand power off
  snapshot-sync   Snapshot a stopped VM block backing and sync host filesystems
  ss              Compact serial alias for snapshot-sync
  sync-host       Sync mounted host filesystems
  touch           Create empty files
  uname           System information
  vm              Virtual machine management
    console       Attach a running virtual machine console
    create        Create a new virtual machine
    delete        Delete a virtual machine
    help          Show VM help
    list          Show virtual machine lists
    reset         Reset and restart a virtual machine
    resume        Resume a suspended virtual machine
    show          Show detailed VM information
    start         Start a virtual machine
    stop          Stop a virtual machine
    suspend       Suspend (pause) a running virtual machine

Built-in Commands:
  help            Show help information
  help <command>  Show help for a specific command
  clear           Clear the screen
  exit/quit       Exit the shell

Tip: Use 'help <command>' to see detailed usage of a command
axvisor:/$ 

axvisor:/$ [2Kaxvisor:/$ s[2Kaxvisor:/$ sy[2Kaxvisor:/$ syn[2Kaxvisor:/$ sync[2Kaxvisor:/$ sync-[2Kaxvisor:/$ sync-h[2Kaxvisor:/$ sync-ho[2Kaxvisor:/$ sync-hos[2Kaxvisor:/$ sync-host
AXVISOR_HOST_FILESYSTEM_SYNCED
AXVISOR_HOST_FILESYSTEM_SYNCED
AXVISOR_HOST_FILESYSTEM_SYNCED
AXVISOR_HOST_FILESYSTEM_SYNCED
AXVISOR_HOST_FILESYSTEM_SYNCED
axvisor:/$ 
RESULT action=status board=orangepi-5-plus-rk3588 power=on watts=2 temperature_celsius=50 fault_code=0
RESULT action=cycle board=orangepi-5-plus-rk3588 power=on watts=0 temperature_celsius=50 fault_code=0

=> setenv devtype mmc; setenv devnum 1; setenv mmc_bootdev 1; setenv distro_bootpart 1; setenv prefix /; echo UBOOT_LINUX_BOOT_BEGIN; fatload mmc 1:1 0x00c00000 boot.scr; source 0x00c00000
UBOOT_LINUX_BOOT_BEGIN
3413 bytes read in 3 ms (1.1 MiB/s)
## Executing script at 00c00000
Boot script loaded from mmc 1
178 bytes read in 3 ms (57.6 KiB/s)
15301327 bytes read in 1289 ms (11.3 MiB/s)
ssh: connect to host 192.168.31.33 port 22: No route to host
ssh: connect to host 192.168.31.33 port 22: No route to host
/dev/mmcblk1p2 ext4   rw,noatime,errors=remount-ro,commit=600
BOARD_LINUX_RESTORED
